    Checking cfg-if v1.0.4
    Checking libc v0.2.189
    Checking zeroize v1.8.2
    Checking portable-atomic v1.13.1
    Checking stable_deref_trait v1.2.1
    Checking smallvec v1.15.1
    Checking typenum v1.20.1
    Checking critical-section v1.2.0
    Checking zerofrom v0.1.8
    Checking serde_core v1.0.229
    Checking once_cell v1.21.4
    Checking yoke v0.8.3
    Checking zerocopy v0.8.50
    Checking zerovec v0.11.8
    Checking pin-project-lite v0.2.17
    Checking bytes v1.12.1
    Checking tinystr v0.8.4
    Checking writeable v0.6.4
    Checking litemap v0.8.2
    Checking getrandom v0.3.4
    Checking icu_locale_core v2.3.0
    Checking potential_utf v0.1.5
    Checking zerotrie v0.2.5
    Checking memchr v2.8.1
    Checking serde v1.0.229
    Checking subtle v2.6.1
    Checking utf8_iter v1.0.4
    Checking icu_collections v2.2.0
    Checking icu_provider v2.3.1
    Checking percent-encoding v2.3.2
    Checking icu_properties_data v2.2.0
    Checking icu_normalizer_data v2.2.0
    Checking libm v0.2.16
    Checking getrandom v0.2.17
    Checking itoa v1.0.18
    Checking icu_normalizer v2.2.0
    Checking icu_properties v2.2.0
    Checking const-oid v0.9.6
    Checking generic-array v0.14.7
    Checking num-traits v0.2.19
    Checking form_urlencoded v1.2.2
    Checking tracing-core v0.1.36
    Checking idna_adapter v1.2.2
    Checking bitflags v2.12.1
    Checking idna v1.1.0
    Checking tracing v0.1.44
    Checking num-integer v0.1.46
    Checking ahash v0.8.12
    Checking block-buffer v0.10.4
    Checking url v2.5.8
    Checking crypto-common v0.1.7
    Checking allocator-api2 v0.2.21
    Checking unicode-width v0.2.2
    Checking new_debug_unreachable v1.0.6
    Checking digest v0.10.7
    Checking anyhow v1.0.104
    Checking num-bigint v0.4.6
    Checking hashbrown v0.14.5
    Checking triomphe v0.1.15
    Checking either v1.16.0
    Checking rustc-hash v2.1.2
    Checking scoped-tls v1.0.1
    Checking siphasher v1.0.3
    Checking better_scoped_tls v1.0.1
    Checking swc_visit v2.0.1
    Checking phf_shared v0.11.3
    Checking rand_core v0.6.4
    Checking hstr v3.0.6
    Checking bytes-str v0.2.7
    Checking siphasher v0.3.11
    Checking phf v0.11.3
    Checking swc_atoms v9.0.3
    Checking zmij v1.0.21
    Checking base64ct v1.8.3
    Checking unicode-id-start v1.4.0
    Checking static_assertions v1.1.0
    Checking smartstring v1.0.1
    Checking serde_json v1.0.151
    Checking swc_common v18.0.1
    Checking pem-rfc7468 v0.7.0
    Checking hybrid-array v0.4.12
    Checking der v0.7.10
    Checking thiserror v1.0.69
    Checking psm v0.1.32
    Checking const-oid v0.10.2
    Checking stacker v0.1.25
    Checking socket2 v0.6.5
    Checking spki v0.7.3
    Checking scopeguard v1.2.0
    Checking pkcs8 v0.10.2
    Checking log v0.4.34
    Checking perry-dispatch v0.5.1532 (/dev/shm/perry-startup-27c598181/perry/crates/perry-dispatch)
    Checking swc_ecma_ast v19.0.0
    Checking futures-core v0.3.34
    Checking lock_api v0.4.14
    Checking parking_lot_core v0.9.12
    Checking perry-diagnostics v0.5.1532 (/dev/shm/perry-startup-27c598181/perry/crates/perry-diagnostics)
    Checking crypto-common v0.2.2
warning: this function has too many arguments (10/7)
   --> crates/perry-diagnostics/src/compat_report.rs:125:5
    |
125 | /     pub fn build(
126 | |         code: DiagnosticCode,
127 | |         category: ReportCategory,
128 | |         stage: ReportStage,
...   |
135 | |         node_api: Option<String>,
136 | |     ) -> Result<Self, RedactionError> {
    | |_____________________________________^
    |
    = help: for further information visit https://rust-lang.github.io/rust-clippy/master/index.html#too_many_arguments
    = note: `#[warn(clippy::too_many_arguments)]` on by default

warning: methods called `new` usually return `Self`
   --> crates/perry-diagnostics/src/diagnostic.rs:305:5
    |
305 | /     pub fn new(code: DiagnosticCode, message: impl Into<String>) -> DiagnosticBuilder {
306 | |         DiagnosticBuilder::new(code, code.default_severity(), message)
307 | |     }
    | |_____^
    |
    = help: for further information visit https://rust-lang.github.io/rust-clippy/master/index.html#new_ret_no_self
    = note: `#[warn(clippy::new_ret_no_self)]` on by default

warning: `perry-diagnostics` (lib) generated 2 warnings
    Checking errno v0.3.14
    Checking cpufeatures v0.3.0
    Checking cpufeatures v0.2.17
    Checking thiserror v2.0.18
    Checking signal-hook-registry v1.4.8
    Checking parking_lot v0.12.5
    Checking ppv-lite86 v0.2.21
    Checking http v1.4.1
    Checking perry-api-manifest v0.5.1532 (/dev/shm/perry-startup-27c598181/perry/crates/perry-api-manifest)
    Checking mio v1.2.1
    Checking rustls-pki-types v1.14.1
    Checking cmov v0.5.4
    Checking perry-ui-model v0.5.1532 (/dev/shm/perry-startup-27c598181/perry/crates/perry-ui-model)
    Checking rand_core v0.10.1
    Checking futures-sink v0.3.34
    Checking ctutils v0.4.2
    Checking tokio v1.53.1
    Checking crossbeam-utils v0.8.21
    Checking block-buffer v0.12.0
    Checking signature v2.2.0
    Checking hmac v0.12.1
    Checking base64 v0.22.1
    Checking untrusted v0.9.0
    Checking ring v0.17.14
    Checking digest v0.11.3
    Checking getrandom v0.4.2
    Checking ff v0.13.1
    Checking futures-task v0.3.34
    Checking base16ct v0.2.0
    Checking futures-io v0.3.34
    Checking slab v0.4.12
    Checking swc_ecma_visit v19.0.0
    Checking swc_ecma_parser v32.0.0
    Checking rustls-webpki v0.103.13
    Checking futures-util v0.3.34
    Checking sec1 v0.7.3
    Checking group v0.13.0
    Checking httparse v1.10.1
    Checking hkdf v0.12.4
    Checking http-body v1.0.1
    Checking crypto-bigint v0.5.5
    Checking ipnet v2.12.0
    Checking spin v0.9.8
    Checking lazy_static v1.5.0
    Checking rustls v0.23.43
    Checking sha2 v0.10.9
    Checking linux-raw-sys v0.12.1
    Checking perry-parser v0.5.1532 (/dev/shm/perry-startup-27c598181/perry/crates/perry-parser)
warning: this expression creates a reference which is immediately dereferenced by the compiler
  --> crates/perry-parser/src/lib.rs:66:76
   |
66 |         parse_source_file_with_typescript_fallback(&source_file, filename, &parse_source).map_err(
   |                                                                            ^^^^^^^^^^^^^ help: change this to: `parse_source`
   |
   = help: for further information visit https://rust-lang.github.io/rust-clippy/master/index.html#needless_borrow
   = note: `#[warn(clippy::needless_borrow)]` on by default

warning: explicit call to `.into_iter()` in function argument accepting `IntoIterator`
   --> crates/perry-parser/src/lib.rs:785:14
    |
785 |         .zip(source_boundaries.into_iter())
    |              ^^^^^^^^^^^^^^^^^^^^^^^^^^^^^
    |
note: this parameter accepts any `IntoIterator`, so you don't need to call `.into_iter()`
   --> /rustc/f7d782a3be46d6bb4b9792fe69a61db389ba1769/library/core/src/iter/traits/iterator.rs:632:11
    = help: for further information visit https://rust-lang.github.io/rust-clippy/master/index.html#useless_conversion
    = note: `#[warn(clippy::useless_conversion)]` on by default
help: consider removing the `.into_iter()`
    |
785 -         .zip(source_boundaries.into_iter())
785 +         .zip(source_boundaries)
    |

    Checking try-lock v0.2.5
warning: `perry-parser` (lib) generated 2 warnings (run `cargo clippy --fix --lib -p perry-parser -- ` to apply 2 suggestions)
    Checking perry-hir v0.5.1532 (/dev/shm/perry-startup-27c598181/perry/crates/perry-hir)
    Checking data-encoding v2.11.0
    Checking elliptic-curve v0.13.8
    Checking flagset v0.4.7
    Checking tower-service v0.3.3
    Checking der v0.8.1
    Checking want v0.3.1
    Checking rustix v1.1.4
warning: empty line after doc comment
  --> crates/perry-hir/src/lower/shared_mutable_capture.rs:64:1
   |
64 | / /// immutable-capture code is left byte-identical.
65 | |
   | |_^
...
70 |   fn is_cap_name_of(name: &str, ids: &HashSet<LocalId>) -> bool {
   |   ----------------- the comment documents this function
   |
   = help: for further information visit https://rust-lang.github.io/rust-clippy/master/index.html#empty_line_after_doc_comments
   = note: `#[warn(clippy::empty_line_after_doc_comments)]` on by default
   = help: if the empty line is unintentional, remove it
help: if the documentation should include the empty line include it in the comment
   |
65 | ///
   |

warning: this pattern is unneeded as the `..` pattern can match that element
   --> crates/perry-hir/src/lower_types/extract.rs:581:17
    |
581 | /                 property: _,
582 | |                 ..
    | |________________^ help: remove it
    |
    = help: for further information visit https://rust-lang.github.io/rust-clippy/master/index.html#unneeded_wildcard_pattern
    = note: `#[warn(clippy::unneeded_wildcard_pattern)]` on by default

warning: this looks like an `else if` but the `else` is missing
   --> crates/perry-hir/src/stable_hash/expr.rs:371:287
    |
371 | ...dynamic { tag(h, 1); hd.as_ref().hash(h); } else { tag(h, 0); } if let Some(s) = signal { tag(h, 1); s.as_ref().hash(h); } else ...
    |                                                                   ^
    |
    = note: to remove this lint, add the missing `else` or add a new line before the second `if`
    = help: for further information visit https://rust-lang.github.io/rust-clippy/master/index.html#possible_missing_else
    = note: `#[warn(clippy::possible_missing_else)]` on by default

    Checking rfc6979 v0.4.0
    Checking futures-channel v0.3.32
    Checking chacha20 v0.10.0
    Checking webpki-roots v1.0.9
    Checking rand_chacha v0.3.1
    Checking rand_core v0.9.5
    Checking inotify-sys v0.1.5
    Checking filetime v0.2.29
    Checking num-conv v0.2.2
    Checking atomic-waker v1.1.2
    Checking same-file v1.0.6
    Checking ryu-js v1.0.3
    Checking hashbrown v0.17.1
    Checking time-core v0.1.9
    Checking utf8parse v0.2.2
    Checking simd-adler32 v0.3.9
    Checking deranged v0.5.8
    Checking ryu v1.0.23
    Checking tinyvec_macros v0.1.1
    Checking equivalent v1.0.2
    Checking powerfmt v0.2.0
    Checking bitflags v1.3.2
    Checking inotify v0.9.6
    Checking indexmap v2.14.1
    Checking tinyvec v1.11.0
   Compiling perry-runtime v0.5.1532 (/dev/shm/perry-startup-27c598181/perry/crates/perry-runtime)
    Checking anstyle-parse v1.0.0
warning: very complex type used. Consider factoring parts into `type` definitions
   --> crates/perry-runtime/build.rs:693:28
    |
693 |     let direct_call_stubs: &[(&str, &[ArgKind], ReturnKind, Option<&str>, &str)] = &[
    |                            ^^^^^^^^^^^^^^^^^^^^^^^^^^^^^^^^^^^^^^^^^^^^^^^^^^^^^
    |
    = help: for further information visit https://rust-lang.github.io/rust-clippy/master/index.html#type_complexity
    = note: `#[warn(clippy::type_complexity)]` on by default

    Checking time v0.3.55
    Checking walkdir v2.5.0
    Checking hyper v1.11.1
    Checking tokio-rustls v0.26.4
    Checking curve25519-dalek v4.1.3
    Checking rand_chacha v0.9.0
    Checking rand v0.8.7
    Checking rand v0.10.2
warning: `perry-runtime` (build script) generated 1 warning
    Checking ecdsa v0.16.9
    Checking slotmap v1.1.1
    Checking spki v0.8.0
    Checking crc32fast v1.5.0
    Checking crossbeam-epoch v0.9.20
    Checking primeorder v0.13.6
    Checking zstd-sys v2.0.16+zstd.1.5.7
    Checking sha2 v0.11.0
    Checking crossbeam-channel v0.5.15
    Checking ed25519 v2.2.3
    Checking sync_wrapper v1.0.2
    Checking mio v0.8.11
    Checking inout v0.2.2
    Checking num-iter v0.1.45
    Checking aho-corasick v1.1.4
    Checking anstyle-query v1.1.5
    Checking adler2 v2.0.1
    Checking is_terminal_polyfill v1.70.2
    Checking anstyle v1.0.14
    Checking tower-layer v0.3.3
    Checking colorchoice v1.0.5
    Checking regex-syntax v0.8.11
    Checking arrayvec v0.7.6
    Checking taffy v0.13.0
    Checking anstream v1.0.0
    Checking tower v0.5.3
    Checking miniz_oxide v0.9.1
    Checking num-bigint-dig v0.8.6
    Checking cipher v0.5.2
    Checking notify v6.1.1
warning: field assignment outside of initializer for an instance created with Default::default()
    --> crates/perry-hir/src/analysis/value_types.rs:1807:5
     |
1807 |     object.property_order = Some(entries.iter().map(|(name, _)| name.clone()).collect());
     |     ^^^^^^^^^^^^^^^^^^^^^^^^^^^^^^^^^^^^^^^^^^^^^^^^^^^^^^^^^^^^^^^^^^^^^^^^^^^^^^^^^^^^^
     |
note: consider initializing the variable with `types::ObjectType { property_order: Some(entries.iter().map(|(name, _)| name.clone()).collect()), ..Default::default() }` and removing relevant reassignments
    --> crates/perry-hir/src/analysis/value_types.rs:1806:5
     |
1806 |     let mut object = ObjectType::default();
     |     ^^^^^^^^^^^^^^^^^^^^^^^^^^^^^^^^^^^^^^^
     = help: for further information visit https://rust-lang.github.io/rust-clippy/master/index.html#field_reassign_with_default
     = note: `#[warn(clippy::field_reassign_with_default)]` on by default

warning: this `if let` can be collapsed into the outer `match`
   --> crates/perry-hir/src/analysis.rs:666:13
    |
666 | /             if let Some(e) = init {
667 | |                 remap_with_propagation(e, map, fp);
668 | |             }
    | |_____________^
    |
help: the outer pattern can be modified to include the inner pattern
   --> crates/perry-hir/src/analysis.rs:665:21
    |
665 |         Stmt::Let { init, .. } => {
    |                     ^^^^ replace this binding
666 |             if let Some(e) = init {
    |                    ^^^^^^^ with this pattern, prefixed by `init: `
    = help: for further information visit https://rust-lang.github.io/rust-clippy/master/index.html#collapsible_match
    = note: `#[warn(clippy::collapsible_match)]` on by default

warning: this `if let` can be collapsed into the outer `match`
   --> crates/perry-hir/src/analysis.rs:799:13
    |
799 | /             if let Some(e) = init {
800 | |                 remap_local_ids_in_expr(e, map);
801 | |             }
    | |_____________^
    |
help: the outer pattern can be modified to include the inner pattern
   --> crates/perry-hir/src/analysis.rs:798:21
    |
798 |         Stmt::Let { init, .. } => {
    |                     ^^^^ replace this binding
799 |             if let Some(e) = init {
    |                    ^^^^^^^ with this pattern, prefixed by `init: `
    = help: for further information visit https://rust-lang.github.io/rust-clippy/master/index.html#collapsible_match

warning: this `if let` can be collapsed into the outer `match`
   --> crates/perry-hir/src/analysis.rs:980:13
    |
980 | /             if let Some(e) = init {
981 | |                 replace_this_in_expr(e, this_id);
982 | |             }
    | |_____________^
    |
help: the outer pattern can be modified to include the inner pattern
   --> crates/perry-hir/src/analysis.rs:979:21
    |
979 |         Stmt::Let { init, .. } => {
    |                     ^^^^ replace this binding
980 |             if let Some(e) = init {
    |                    ^^^^^^^ with this pattern, prefixed by `init: `
    = help: for further information visit https://rust-lang.github.io/rust-clippy/master/index.html#collapsible_match

warning: this `if let` can be collapsed into the outer `match`
    --> crates/perry-hir/src/analysis.rs:1147:13
     |
1147 | /             if let Some(v) = value {
1148 | |                 replace_this_in_expr(v, this_id);
1149 | |             }
     | |_____________^
     |
help: the outer pattern can be modified to include the inner pattern
    --> crates/perry-hir/src/analysis.rs:1146:23
     |
1146 |         Expr::Yield { value, .. } => {
     |                       ^^^^^ replace this binding
1147 |             if let Some(v) = value {
     |                    ^^^^^^^ with this pattern, prefixed by `value: `
     = help: for further information visit https://rust-lang.github.io/rust-clippy/master/index.html#collapsible_match

warning: large size difference between variants
  --> crates/perry-hir/src/destructuring/assignment_stmt.rs:6:1
   |
 6 | / enum PreparedTarget {
 7 | |     Local(LocalId),
 8 | |     Property { object: Expr, property: String },
   | |     ------------------------------------------- the second-largest variant contains at least 264 bytes
 9 | |     Index { object: Expr, index: Expr },
   | |     ----------------------------------- the largest variant contains at least 480 bytes
...  |
12 | |     Skip,
13 | | }
   | |_^ the entire enum is at least 480 bytes
   |
   = help: for further information visit https://rust-lang.github.io/rust-clippy/master/index.html#large_enum_variant
   = note: `#[warn(clippy::large_enum_variant)]` on by default
help: consider boxing the large fields or introducing indirection in some other way to reduce the total size of the enum
   |
 9 -     Index { object: Expr, index: Expr },
 9 +     Index { object: Expr, index: Box<Expr> },
   |

warning: this `if` can be collapsed into the outer `match`
   --> crates/perry-hir/src/destructuring/var_decl/alias_tracking.rs:300:25
    |
300 | /                         if ctx.function_valued_locals.contains(src_local) {
301 | |                             ctx.prototype_function_locals.insert(id, *src_local);
302 | |                         }
    | |_________________________^
    |
    = help: for further information visit https://rust-lang.github.io/rust-clippy/master/index.html#collapsible_match
help: collapse nested if block
    |
299 ~                     Expr::LocalGet(src_local)
300 ~                         if ctx.function_valued_locals.contains(src_local) => {
301 |                             ctx.prototype_function_locals.insert(id, *src_local);
302 ~                         }
    |

warning: this `if` has identical blocks
   --> crates/perry-hir/src/destructuring/var_decl/type_infer.rs:170:23
    |
170 |                       ) {
    |  _______________________^
171 | |                         ty = Type::Named(class_name.to_string());
172 | |                     } else if matches!(
    | |_____________________^
    |
note: same as this
   --> crates/perry-hir/src/destructuring/var_decl/type_infer.rs:175:23
    |
175 |                       ) {
    |  _______________________^
176 | |                         ty = Type::Named(class_name.to_string());
177 | |                     } else if class_name == "Uint8Array" || class_name == "Buffer" {
    | |_____________________^
    = help: for further information visit https://rust-lang.github.io/rust-clippy/master/index.html#if_same_then_else
    = note: `#[warn(clippy::if_same_then_else)]` on by default

warning: called `unwrap` on `init` after checking its variant with `is_some`
   --> crates/perry-hir/src/destructuring/var_decl.rs:279:41
    |
266 |             if is_var_decl && init.is_some() {
    |                               -------------- the check is happening here
...
279 |                         value: Box::new(init.unwrap()),
    |                                         ^^^^^^^^^^^^^
    |
    = help: try using `match`
    = help: for further information visit https://rust-lang.github.io/rust-clippy/master/index.html#unnecessary_unwrap
    = note: `#[warn(clippy::unnecessary_unwrap)]` on by default

warning: this `map_or` can be simplified
  --> crates/perry-hir/src/destructuring/var_decl.rs:92:18
   |
92 |               ) || decl
   |  __________________^
93 | |                 .init
94 | |                 .as_deref()
95 | |                 .map_or(false, ast_expr_contains_function_expr);
   | |_______________________________________________________________^
   |
   = help: for further information visit https://rust-lang.github.io/rust-clippy/master/index.html#unnecessary_map_or
   = note: `#[warn(clippy::unnecessary_map_or)]` on by default
help: use `is_some_and` instead
   |
95 -                 .map_or(false, ast_expr_contains_function_expr);
95 +                 .is_some_and(ast_expr_contains_function_expr);
   |

warning: stripping a prefix manually
    --> crates/perry-hir/src/dynamic_import.rs:1772:22
     |
1772 |         return ("/", &path[1..]);
     |                      ^^^^^^^^^^
     |
note: the prefix was tested here
    --> crates/perry-hir/src/dynamic_import.rs:1771:5
     |
1771 |     if path.starts_with('/') {
     |     ^^^^^^^^^^^^^^^^^^^^^^^^^
     = help: for further information visit https://rust-lang.github.io/rust-clippy/master/index.html#manual_strip
     = note: `#[warn(clippy::manual_strip)]` on by default
help: try using the `strip_prefix` method
     |
1771 ~     if let Some(<stripped>) = path.strip_prefix('/') {
1772 ~         return ("/", <stripped>);
     |

warning: writing `&mut Vec` instead of `&mut [_]` involves a new object where a slice will do
  --> crates/perry-hir/src/enums.rs:45:12
   |
45 |     stmts: &mut Vec<Stmt>,
   |            ^^^^^^^^^^^^^^
   |
   = help: for further information visit https://rust-lang.github.io/rust-clippy/master/index.html#ptr_arg
   = note: `#[warn(clippy::ptr_arg)]` on by default
help: change this to
   |
45 -     stmts: &mut Vec<Stmt>,
45 +     stmts: &mut [Stmt],
   |

warning: doc list item without indentation
    --> crates/perry-hir/src/ir/expr.rs:1302:9
     |
1302 |     /// asymmetric (RSA-OAEP) wrap is a TODO follow-up tracked
     |         ^
     |
     = help: if this is supposed to be its own paragraph, add a blank line
     = help: for further information visit https://rust-lang.github.io/rust-clippy/master/index.html#doc_lazy_continuation
     = note: `#[warn(clippy::doc_lazy_continuation)]` on by default
help: indent this line
     |
1302 |     ///   asymmetric (RSA-OAEP) wrap is a TODO follow-up tracked
     |         ++

warning: doc list item without indentation
    --> crates/perry-hir/src/ir/expr.rs:1303:9
     |
1303 |     /// alongside #561.
     |         ^
     |
     = help: if this is supposed to be its own paragraph, add a blank line
     = help: for further information visit https://rust-lang.github.io/rust-clippy/master/index.html#doc_lazy_continuation
help: indent this line
     |
1303 |     ///   alongside #561.
     |         ++

    Checking ed25519-dalek v2.2.0
    Checking regex-automata v0.4.18
warning: this `if let` can be collapsed into the outer `match`
   --> crates/perry-hir/src/js_transform/cross_module_natives.rs:247:13
    |
247 | /             if let Some(init_expr) = init {
248 | |                 // Unwrap Await if present
249 | |                 let call_expr = match init_expr {
250 | |                     Expr::Await(inner) => inner.as_ref(),
...   |
275 | |                 );
276 | |             }
    | |_____________^
    |
help: the outer pattern can be modified to include the inner pattern
   --> crates/perry-hir/src/js_transform/cross_module_natives.rs:246:31
    |
246 |         Stmt::Let { id, name, init, .. } => {
    |                               ^^^^ replace this binding
247 |             if let Some(init_expr) = init {
    |                    ^^^^^^^^^^^^^^^ with this pattern, prefixed by `init: `
    = help: for further information visit https://rust-lang.github.io/rust-clippy/master/index.html#collapsible_match

warning: this `if let` can be collapsed into the outer `match`
   --> crates/perry-hir/src/js_transform/cross_module_natives.rs:408:13
    |
408 | /             if let Some(init_expr) = init {
409 | |                 if let Some((module, class)) = lookup_native_from_init_ident(
410 | |                     init_expr,
411 | |                     local_native_instances,
...   |
425 | |             }
    | |_____________^
    |
help: the outer pattern can be modified to include the inner pattern
   --> crates/perry-hir/src/js_transform/cross_module_natives.rs:407:31
    |
407 |         Stmt::Let { id, name, init, .. } => {
    |                               ^^^^ replace this binding
408 |             if let Some(init_expr) = init {
    |                    ^^^^^^^^^^^^^^^ with this pattern, prefixed by `init: `
    = help: for further information visit https://rust-lang.github.io/rust-clippy/master/index.html#collapsible_match

warning: writing `&mut Vec` instead of `&mut [_]` involves a new object where a slice will do
   --> crates/perry-hir/src/js_transform/imports.rs:219:12
    |
219 |     stmts: &mut Vec<Stmt>,
    |            ^^^^^^^^^^^^^^
    |
    = help: for further information visit https://rust-lang.github.io/rust-clippy/master/index.html#ptr_arg
help: change this to
    |
219 -     stmts: &mut Vec<Stmt>,
219 +     stmts: &mut [Stmt],
    |

warning: wildcard pattern covers any other pattern as it will match anyway
    --> crates/perry-hir/src/js_transform/imports.rs:1298:9
     |
1298 | /         Expr::Number(_) | Expr::Integer(_) | Expr::BigInt(_) | Expr::String(_) | Expr::Bool(_) |
1299 | |         Expr::Null | Expr::Undefined | Expr::This | Expr::LocalGet(_) | Expr::GlobalGet(_) |
1300 | |         Expr::FuncRef(_) | Expr::ClassRef(_) | Expr::EnumMember { .. } |
1301 | |         Expr::RegExp { .. } | Expr::NativeModuleRef(_) | Expr::StaticFieldGet { .. } |
...    |
1309 | |         _ => {}
     | |_________^
     |
     = help: consider handling `_` separately
     = help: for further information visit https://rust-lang.github.io/rust-clippy/master/index.html#wildcard_in_or_patterns
     = note: `#[warn(clippy::wildcard_in_or_patterns)]` on by default

warning: this `if let` can be collapsed into the outer `match`
   --> crates/perry-hir/src/js_transform/local_natives.rs:194:13
    |
194 | /             if let Some(init_expr) = init {
195 | |                 if let Expr::New { class_name, .. } = init_expr {
196 | |                     user_classes.insert(*id, class_name.clone());
197 | |                 }
198 | |             }
    | |_____________^
    |
help: the outer pattern can be modified to include the inner pattern
   --> crates/perry-hir/src/js_transform/local_natives.rs:193:25
    |
193 |         Stmt::Let { id, init, .. } => {
    |                         ^^^^ replace this binding
194 |             if let Some(init_expr) = init {
    |                    ^^^^^^^^^^^^^^^ with this pattern, prefixed by `init: `
    = help: for further information visit https://rust-lang.github.io/rust-clippy/master/index.html#collapsible_match

warning: this `if let` can be collapsed into the outer `if let`
   --> crates/perry-hir/src/js_transform/local_natives.rs:195:17
    |
195 | /                 if let Expr::New { class_name, .. } = init_expr {
196 | |                     user_classes.insert(*id, class_name.clone());
197 | |                 }
    | |_________________^
    |
help: the outer pattern can be modified to include the inner pattern
   --> crates/perry-hir/src/js_transform/local_natives.rs:194:25
    |
194 |             if let Some(init_expr) = init {
    |                         ^^^^^^^^^ replace this binding
195 |                 if let Expr::New { class_name, .. } = init_expr {
    |                        ^^^^^^^^^^^^^^^^^^^^^^^^^^^^ with this pattern
    = help: for further information visit https://rust-lang.github.io/rust-clippy/master/index.html#collapsible_match

warning: this block may be rewritten with the `?` operator
   --> crates/perry-hir/src/jsx.rs:116:12
    |
116 |       } else if let Some(orig) = ctx.lookup_imported_func(&react_local) {
    |  ____________^
117 | |         Expr::ExternFuncRef {
118 | |             name: orig.to_string(),
119 | |             param_types: Vec::new(),
...   |
123 | |         return None;
124 | |     };
    | |_____^
    |
    = help: for further information visit https://rust-lang.github.io/rust-clippy/master/index.html#question_mark
    = note: `#[warn(clippy::question_mark)]` on by default
help: replace it with
    |
116 ~     } else {
117 +         let orig = ctx.lookup_imported_func(&react_local)?;
118 +         Expr::ExternFuncRef {
119 +             name: orig.to_string(),
120 +             param_types: Vec::new(),
121 +             return_type: Type::Any,
122 +         }
123 ~     };
    |

warning: you seem to be trying to use `&Box<T>`
   --> crates/perry-hir/src/lower/builder_fold.rs:475:29
    |
475 | ) -> Option<(ast::PropName, &'a Box<ast::Expr>)> {
    |                             ^^^^^^^^^^^^^^^^^^ help: consider using just `&T`: `&'a ast::Expr`
    |
    = help: for further information visit https://rust-lang.github.io/rust-clippy/master/index.html#borrowed_box
    = note: `#[warn(clippy::borrowed_box)]` on by default

warning: using `contains()` instead of `iter().any()` is more efficient
   --> crates/perry-hir/src/lower/builder_fold.rs:550:6
    |
550 |     !existing.iter().any(|k| *k == atom)
    |      ^^^^^^^^^^^^^^^^^^^^^^^^^^^^^^^^^^^ help: try: `existing.contains(&atom)`
    |
    = help: for further information visit https://rust-lang.github.io/rust-clippy/master/index.html#manual_contains
    = note: `#[warn(clippy::manual_contains)]` on by default

warning: this block may be rewritten with the `?` operator
   --> crates/perry-hir/src/lower/context.rs:497:9
    |
497 | /         if self.lookup_class(name).is_none() {
498 | |             return None;
499 | |         }
    | |_________^ help: replace it with: `self.lookup_class(name)?;`
    |
    = help: for further information visit https://rust-lang.github.io/rust-clippy/master/index.html#question_mark

warning: very complex type used. Consider factoring parts into `type` definitions
    --> crates/perry-hir/src/lower/context.rs:1272:10
     |
1272 |     ) -> Option<(&[Option<Expr>], &[LocalId], Option<usize>, bool)> {
     |          ^^^^^^^^^^^^^^^^^^^^^^^^^^^^^^^^^^^^^^^^^^^^^^^^^^^^^^^^^^
     |
     = help: for further information visit https://rust-lang.github.io/rust-clippy/master/index.html#type_complexity
     = note: `#[warn(clippy::type_complexity)]` on by default

warning: large size difference between variants
   --> crates/perry-hir/src/lower/expr_assign.rs:801:17
    |
801 | /                 enum ProtoOwner {
802 | |                     Class(String),
    | |                     ------------- the second-largest variant contains at least 24 bytes
803 | |                     Func(Expr),
    | |                     ---------- the largest variant contains at least 240 bytes
804 | |                 }
    | |_________________^ the entire enum is at least 240 bytes
    |
    = help: for further information visit https://rust-lang.github.io/rust-clippy/master/index.html#large_enum_variant
help: consider boxing the large fields or introducing indirection in some other way to reduce the total size of the enum
    |
803 -                     Func(Expr),
803 +                     Func(Box<Expr>),
    |

warning: doc list item without indentation
   --> crates/perry-hir/src/lower/expr_call/intrinsics/apply_call.rs:116:5
    |
116 | /// A non-literal apply-args array (a variable / call result) can't be
    |     ^
    |
    = help: if this is supposed to be its own paragraph, add a blank line
    = help: for further information visit https://rust-lang.github.io/rust-clippy/master/index.html#doc_lazy_continuation
help: indent this line
    |
116 | ///     A non-literal apply-args array (a variable / call result) can't be
    |     ++++

warning: doc list item without indentation
   --> crates/perry-hir/src/lower/expr_call/intrinsics/apply_call.rs:117:5
    |
117 | /// statically expanded into positional args, so it falls through
    |     ^
    |
    = help: if this is supposed to be its own paragraph, add a blank line
    = help: for further information visit https://rust-lang.github.io/rust-clippy/master/index.html#doc_lazy_continuation
help: indent this line
    |
117 | ///     statically expanded into positional args, so it falls through
    |     ++++

warning: doc list item without indentation
   --> crates/perry-hir/src/lower/expr_call/intrinsics/apply_call.rs:118:5
    |
118 | /// unchanged (the runtime spread path `ns.method(...arr)` is a separate
    |     ^
    |
    = help: if this is supposed to be its own paragraph, add a blank line
    = help: for further information visit https://rust-lang.github.io/rust-clippy/master/index.html#doc_lazy_continuation
help: indent this line
    |
118 | ///     unchanged (the runtime spread path `ns.method(...arr)` is a separate
    |     ++++

warning: doc list item without indentation
   --> crates/perry-hir/src/lower/expr_call/intrinsics/apply_call.rs:119:5
    |
119 | /// gap). The namespace-binding guard keeps this away from `obj.fn.call(…)`
    |     ^
    |
    = help: if this is supposed to be its own paragraph, add a blank line
    = help: for further information visit https://rust-lang.github.io/rust-clippy/master/index.html#doc_lazy_continuation
help: indent this line
    |
119 | ///     gap). The namespace-binding guard keeps this away from `obj.fn.call(…)`
    |     ++++

warning: doc list item without indentation
   --> crates/perry-hir/src/lower/expr_call/intrinsics/apply_call.rs:120:5
    |
120 | /// method dispatch, function-literal IIFEs (`try_iife_call_rewrite`), and
    |     ^
    |
    = help: if this is supposed to be its own paragraph, add a blank line
    = help: for further information visit https://rust-lang.github.io/rust-clippy/master/index.html#doc_lazy_continuation
help: indent this line
    |
120 | ///     method dispatch, function-literal IIFEs (`try_iife_call_rewrite`), and
    |     ++++

warning: doc list item without indentation
   --> crates/perry-hir/src/lower/expr_call/intrinsics/apply_call.rs:121:5
    |
121 | /// `Object.prototype.<m>.call(…)` (`try_object_prototype_call`).
    |     ^
    |
    = help: if this is supposed to be its own paragraph, add a blank line
    = help: for further information visit https://rust-lang.github.io/rust-clippy/master/index.html#doc_lazy_continuation
help: indent this line
    |
121 | ///     `Object.prototype.<m>.call(…)` (`try_object_prototype_call`).
    |     ++++

    Checking zstd-safe v7.2.4
warning: this `if` has identical blocks
   --> crates/perry-hir/src/lower/expr_call/local_array_methods.rs:266:56
    |
266 |                   let is_not_string = if is_known_string {
    |  ________________________________________________________^
267 | |                     false // definitely a string, skip array block
268 | |                 } else if is_user_class_instance {
    | |_________________^
    |
note: same as this
   --> crates/perry-hir/src/lower/expr_call/local_array_methods.rs:268:50
    |
268 |                   } else if is_user_class_instance {
    |  __________________________________________________^
269 | |                     false // user class — must dispatch to class method, skip array fast-path
270 | |                 } else if is_object_type {
    | |_________________^
    = help: for further information visit https://rust-lang.github.io/rust-clippy/master/index.html#if_same_then_else

warning: this `if` has identical blocks
   --> crates/perry-hir/src/lower/expr_call/local_array_methods.rs:268:50
    |
268 |                   } else if is_user_class_instance {
    |  __________________________________________________^
269 | |                     false // user class — must dispatch to class method, skip array fast-path
270 | |                 } else if is_object_type {
    | |_________________^
    |
note: same as this
   --> crates/perry-hir/src/lower/expr_call/local_array_methods.rs:270:42
    |
270 |                   } else if is_object_type {
    |  __________________________________________^
271 | |                     false // object type literal — dispatch via method call, not array ops
272 | |                 } else if is_non_array_builtin_wrapper {
    | |_________________^
    = help: for further information visit https://rust-lang.github.io/rust-clippy/master/index.html#if_same_then_else

warning: this `if` has identical blocks
   --> crates/perry-hir/src/lower/expr_call/local_array_methods.rs:270:42
    |
270 |                   } else if is_object_type {
    |  __________________________________________^
271 | |                     false // object type literal — dispatch via method call, not array ops
272 | |                 } else if is_non_array_builtin_wrapper {
    | |_________________^
    |
note: same as this
   --> crates/perry-hir/src/lower/expr_call/local_array_methods.rs:272:56
    |
272 |                   } else if is_non_array_builtin_wrapper {
    |  ________________________________________________________^
273 | |                     false // boxed primitive wrapper / plain Object — never an array
274 | |                 } else if is_buffer_type {
    | |_________________^
    = help: for further information visit https://rust-lang.github.io/rust-clippy/master/index.html#if_same_then_else

warning: this `if` has identical blocks
   --> crates/perry-hir/src/lower/expr_call/local_array_methods.rs:272:56
    |
272 |                   } else if is_non_array_builtin_wrapper {
    |  ________________________________________________________^
273 | |                     false // boxed primitive wrapper / plain Object — never an array
274 | |                 } else if is_buffer_type {
    | |_________________^
    |
note: same as this
   --> crates/perry-hir/src/lower/expr_call/local_array_methods.rs:274:42
    |
274 |                   } else if is_buffer_type {
    |  __________________________________________^
275 | |                     false // Buffer/Uint8Array — runtime dispatch handles byte-level methods
276 | |                 } else if is_node_stream_readable_type {
    | |_________________^
    = help: for further information visit https://rust-lang.github.io/rust-clippy/master/index.html#if_same_then_else

warning: this `if` has identical blocks
   --> crates/perry-hir/src/lower/expr_call/local_array_methods.rs:274:42
    |
274 |                   } else if is_buffer_type {
    |  __________________________________________^
275 | |                     false // Buffer/Uint8Array — runtime dispatch handles byte-level methods
276 | |                 } else if is_node_stream_readable_type {
    | |_________________^
    |
note: same as this
   --> crates/perry-hir/src/lower/expr_call/local_array_methods.rs:276:56
    |
276 |                   } else if is_node_stream_readable_type {
    |  ________________________________________________________^
277 | |                     false // Node streams expose iterator helpers with Array-like names
278 | |                 } else if is_known_not_string {
    | |_________________^
    = help: for further information visit https://rust-lang.github.io/rust-clippy/master/index.html#if_same_then_else

warning: this `if` has identical blocks
   --> crates/perry-hir/src/lower/expr_call/local_array_methods.rs:280:47
    |
280 |                   } else if is_ambiguous_method {
    |  _______________________________________________^
281 | |                     false // type unknown + ambiguous method, skip array block (fall through to general dispatch)
282 | |                 } else if is_unknown_recv && is_class_overlapping_method {
    | |_________________^
    |
note: same as this
   --> crates/perry-hir/src/lower/expr_call/local_array_methods.rs:282:74
    |
282 |                   } else if is_unknown_recv && is_class_overlapping_method {
    |  __________________________________________________________________________^
283 | |                     false // type unknown + method commonly defined on user classes — fall through
284 | |                 } else if is_unknown_recv && is_arraylike_mutator_method {
    | |_________________^
    = help: for further information visit https://rust-lang.github.io/rust-clippy/master/index.html#if_same_then_else

warning: you seem to be trying to use `match` for an equality check. Consider using `if`
    --> crates/perry-hir/src/lower/expr_call/module_static.rs:1478:21
     |
1478 | /                     match method_name {
1479 | |                         "createServer" => {
1480 | |                             let (options, connection_listener) = match args.as_slice() {
1481 | |                                 [Expr::Closure { .. }] => {
...    |
1499 | |                         _ => {} // Fall through to generic handling
1500 | |                     }
     | |_____________________^
     |
     = note: you might want to preserve the comments from inside the `match`
     = help: for further information visit https://rust-lang.github.io/rust-clippy/master/index.html#single_match
     = note: `#[warn(clippy::single_match)]` on by default
help: try
     |
1478 ~                     if method_name == "createServer" {
1479 +                         let (options, connection_listener) = match args.as_slice() {
1480 +                             [Expr::Closure { .. }] => {
1481 +                                 (None, args.into_iter().next().map(Box::new))
1482 +                             }
1483 +                             _ => {
1484 +                                 let mut args_iter = args.into_iter();
1485 +                                 let options = args_iter.next().map(Box::new);
1486 +                                 let connection_listener = args_iter.next().map(Box::new);
1487 +                                 (options, connection_listener)
1488 +                             }
1489 +                         };
1490 +                         return Ok(Ok(Expr::NetCreateServer {
1491 +                             options,
1492 +                             connection_listener,
1493 +                         }));
1494 +                     }
     |

warning: redundant redefinition of a binding `target`
   --> crates/perry-hir/src/lower/expr_call/native_module/object_statics.rs:194:29
    |
194 | ...                   let target = target;
    |                       ^^^^^^^^^^^^^^^^^^^^
    |
help: `target` is initially defined here
   --> crates/perry-hir/src/lower/expr_call/native_module/object_statics.rs:178:25
    |
178 |                     let target = iter.next().unwrap_or(Expr::Undefined);
    |                         ^^^^^^
    = help: for further information visit https://rust-lang.github.io/rust-clippy/master/index.html#redundant_locals
    = note: `#[warn(clippy::redundant_locals)]` on by default

warning: unneeded `return` statement
   --> crates/perry-hir/src/lower/expr_call/native_module.rs:474:5
    |
474 | /     return Ok(Expr::NativeMethodCall {
475 | |         module: "node-forge".to_string(),
476 | |         class_name: None,
477 | |         object: None,
478 | |         method: method.to_string(),
479 | |         args,
480 | |     });
    | |______^
    |
    = help: for further information visit https://rust-lang.github.io/rust-clippy/master/index.html#needless_return
    = note: `#[warn(clippy::needless_return)]` on by default
help: remove `return`
    |
474 ~     Ok(Expr::NativeMethodCall {
475 +         module: "node-forge".to_string(),
476 +         class_name: None,
477 +         object: None,
478 +         method: method.to_string(),
479 +         args,
480 ~     })
    |

warning: you seem to be trying to use `match` for an equality check. Consider using `if`
   --> crates/perry-hir/src/lower/expr_call/native_module.rs:774:21
    |
774 | /                     match method_name {
775 | |                         "createServer" => {
776 | |                             let (options, connection_listener) = match args.as_slice() {
777 | |                                 [Expr::Closure { .. }] => {
...   |
796 | |                         _ => {} // Fall through to generic handling
797 | |                     }
    | |_____________________^
    |
    = note: you might want to preserve the comments from inside the `match`
    = help: for further information visit https://rust-lang.github.io/rust-clippy/master/index.html#single_match
help: try
    |
774 ~                     if method_name == "createServer" {
775 +                         let (options, connection_listener) = match args.as_slice() {
776 +                             [Expr::Closure { .. }] => {
777 +                                 (None, args.first().cloned().map(Box::new))
778 +                             }
779 +                             _ => (
780 +                                 args.first().cloned().map(Box::new),
781 +                                 args.get(1).cloned().map(Box::new),
782 +                             ),
783 +                         };
784 +                         return Ok(Ok(Expr::NetCreateServer {
785 +                             options,
786 +                             connection_listener,
787 +                         }));
788 +                     }
    |

warning: doc list item without indentation
   --> crates/perry-hir/src/lower/expr_call/nested_namespace.rs:494:5
    |
494 | /// True when `root_name` refers to the `node:path` module — directly, via a
    |     ^
    |
    = help: if this is supposed to be its own paragraph, add a blank line
    = help: for further information visit https://rust-lang.github.io/rust-clippy/master/index.html#doc_lazy_continuation
help: indent this line
    |
494 | ///   True when `root_name` refers to the `node:path` module — directly, via a
    |     ++

warning: doc list item without indentation
   --> crates/perry-hir/src/lower/expr_call/nested_namespace.rs:495:5
    |
495 | /// builtin-module alias, or via a namespace import (`import * as p from
    |     ^
    |
    = help: if this is supposed to be its own paragraph, add a blank line
    = help: for further information visit https://rust-lang.github.io/rust-clippy/master/index.html#doc_lazy_continuation
help: indent this line
    |
495 | ///   builtin-module alias, or via a namespace import (`import * as p from
    |     ++

    Checking crossbeam-deque v0.8.6
warning: manual implementation of `Option::map`
    --> crates/perry-hir/src/lower/expr_member.rs:1209:36
     |
1209 |   ...                   } else if let Some(func_id) = ctx.lookup_func(&fn_name) {
     |  ______________________________^
1210 | | ...                       Some(Expr::FuncRef(func_id))
1211 | | ...                   } else {
1212 | | ...                       None
1213 | | ...                   };
     | |_______________________^ help: try: `{ ctx.lookup_func(&fn_name).map(Expr::FuncRef) }`
     |
     = help: for further information visit https://rust-lang.github.io/rust-clippy/master/index.html#manual_map
     = note: `#[warn(clippy::manual_map)]` on by default

warning: this `if` has identical blocks
    --> crates/perry-hir/src/lower/expr_member.rs:1367:17
     |
1367 | /                 {
1368 | |                     let object_expr = lower_expr(ctx, &member.obj)?;
1369 | |                     return Ok(Expr::PropertyGet {
1370 | |                         byte_offset: 0,
...    |
1373 | |                     });
1374 | |                 } else if module_name == "url"
     | |_________________^
     |
note: same as this
    --> crates/perry-hir/src/lower/expr_member.rs:1377:17
     |
1377 | /                 {
1378 | |                     let object_expr = lower_expr(ctx, &member.obj)?;
1379 | |                     return Ok(Expr::PropertyGet {
1380 | |                         byte_offset: 0,
...    |
1383 | |                     });
1384 | |                 } else if module_name == "worker_threads"
     | |_________________^
     = help: for further information visit https://rust-lang.github.io/rust-clippy/master/index.html#if_same_then_else

warning: this `if` has identical blocks
    --> crates/perry-hir/src/lower/expr_member.rs:1377:17
     |
1377 | /                 {
1378 | |                     let object_expr = lower_expr(ctx, &member.obj)?;
1379 | |                     return Ok(Expr::PropertyGet {
1380 | |                         byte_offset: 0,
...    |
1383 | |                     });
1384 | |                 } else if module_name == "worker_threads"
     | |_________________^
     |
note: same as this
    --> crates/perry-hir/src/lower/expr_member.rs:1396:17
     |
1396 | /                 {
1397 | |                     let object_expr = lower_expr(ctx, &member.obj)?;
1398 | |                     return Ok(Expr::PropertyGet {
1399 | |                         byte_offset: 0,
...    |
1402 | |                     });
1403 | |                 } else if matches!(module_name.as_str(), "stream" | "node:stream")
     | |_________________^
     = help: for further information visit https://rust-lang.github.io/rust-clippy/master/index.html#if_same_then_else

warning: this `if` has identical blocks
    --> crates/perry-hir/src/lower/expr_member.rs:1659:17
     |
1659 | /                 {
1660 | |                     let object_expr = lower_expr(ctx, &member.obj)?;
1661 | |                     return Ok(Expr::PropertyGet {
1662 | |                         byte_offset: 0,
...    |
1665 | |                     });
1666 | |                 } else if module_name == "sqlite"
     | |_________________^
     |
note: same as this
    --> crates/perry-hir/src/lower/expr_member.rs:1672:17
     |
1672 | /                 {
1673 | |                     let object_expr = lower_expr(ctx, &member.obj)?;
1674 | |                     return Ok(Expr::PropertyGet {
1675 | |                         byte_offset: 0,
...    |
1678 | |                     });
1679 | |                 } else if module_name == "sqlite"
     | |_________________^
     = help: for further information visit https://rust-lang.github.io/rust-clippy/master/index.html#if_same_then_else

warning: this `if` has identical blocks
    --> crates/perry-hir/src/lower/expr_member.rs:1786:17
     |
1786 | /                 {
1787 | |                     let object_expr = lower_expr(ctx, &member.obj)?;
1788 | |                     return Ok(Expr::PropertyGet {
1789 | |                         byte_offset: 0,
...    |
1792 | |                     });
1793 | |                 } else if module_name == "http"
     | |_________________^
     |
note: same as this
    --> crates/perry-hir/src/lower/expr_member.rs:1796:17
     |
1796 | /                 {
1797 | |                     let object_expr = lower_expr(ctx, &member.obj)?;
1798 | |                     return Ok(Expr::PropertyGet {
1799 | |                         byte_offset: 0,
...    |
1802 | |                     });
1803 | |                 } else if matches!(module_name.as_str(), "http" | "https")
     | |_________________^
     = help: for further information visit https://rust-lang.github.io/rust-clippy/master/index.html#if_same_then_else

warning: this `if` has identical blocks
    --> crates/perry-hir/src/lower/expr_member.rs:1796:17
     |
1796 | /                 {
1797 | |                     let object_expr = lower_expr(ctx, &member.obj)?;
1798 | |                     return Ok(Expr::PropertyGet {
1799 | |                         byte_offset: 0,
...    |
1802 | |                     });
1803 | |                 } else if matches!(module_name.as_str(), "http" | "https")
     | |_________________^
     |
note: same as this
    --> crates/perry-hir/src/lower/expr_member.rs:1806:17
     |
1806 | /                 {
1807 | |                     let object_expr = lower_expr(ctx, &member.obj)?;
1808 | |                     return Ok(Expr::PropertyGet {
1809 | |                         byte_offset: 0,
...    |
1812 | |                     });
1813 | |                 } else if matches!(module_name.as_str(), "http" | "https")
     | |_________________^
     = help: for further information visit https://rust-lang.github.io/rust-clippy/master/index.html#if_same_then_else

warning: this `if` has identical blocks
    --> crates/perry-hir/src/lower/expr_member.rs:1806:17
     |
1806 | /                 {
1807 | |                     let object_expr = lower_expr(ctx, &member.obj)?;
1808 | |                     return Ok(Expr::PropertyGet {
1809 | |                         byte_offset: 0,
...    |
1812 | |                     });
1813 | |                 } else if matches!(module_name.as_str(), "http" | "https")
     | |_________________^
     |
note: same as this
    --> crates/perry-hir/src/lower/expr_member.rs:1816:17
     |
1816 | /                 {
1817 | |                     let object_expr = lower_expr(ctx, &member.obj)?;
1818 | |                     return Ok(Expr::PropertyGet {
1819 | |                         byte_offset: 0,
...    |
1822 | |                     });
1823 | |                 } else if matches!(module_name.as_str(), "http" | "https")
     | |_________________^
     = help: for further information visit https://rust-lang.github.io/rust-clippy/master/index.html#if_same_then_else

warning: this `if` has identical blocks
    --> crates/perry-hir/src/lower/expr_member.rs:1816:17
     |
1816 | /                 {
1817 | |                     let object_expr = lower_expr(ctx, &member.obj)?;
1818 | |                     return Ok(Expr::PropertyGet {
1819 | |                         byte_offset: 0,
...    |
1822 | |                     });
1823 | |                 } else if matches!(module_name.as_str(), "http" | "https")
     | |_________________^
     |
note: same as this
    --> crates/perry-hir/src/lower/expr_member.rs:1826:17
     |
1826 | /                 {
1827 | |                     let object_expr = lower_expr(ctx, &member.obj)?;
1828 | |                     return Ok(Expr::PropertyGet {
1829 | |                         byte_offset: 0,
...    |
1832 | |                     });
1833 | |                 } else if is_native_dispatch_member(&module_name, &class_name, &property_name) {
     | |_________________^
     = help: for further information visit https://rust-lang.github.io/rust-clippy/master/index.html#if_same_then_else

    Checking x509-cert v0.3.0
warning: derefed type is same as origin
   --> crates/perry-hir/src/lower/expr_new/member.rs:229:57
    |
229 | ...                   && (method.is_none() || method.as_deref() == Some("default"))
    |                                               ^^^^^^^^^^^^^^^^^ help: try: `method`
    |
    = help: for further information visit https://rust-lang.github.io/rust-clippy/master/index.html#needless_option_as_deref
    = note: `#[warn(clippy::needless_option_as_deref)]` on by default

warning: derefed type is same as origin
   --> crates/perry-hir/src/lower/expr_new/member.rs:289:53
    |
289 | ...                   && (method.is_none() || method.as_deref() == Some("default"))
    |                                               ^^^^^^^^^^^^^^^^^ help: try: `method`
    |
    = help: for further information visit https://rust-lang.github.io/rust-clippy/master/index.html#needless_option_as_deref

warning: called `map(..).flatten()` on `Option`
   --> crates/perry-hir/src/lower/expr_new.rs:108:14
    |
108 |               .map(|(module_name, method)| {
    |  ______________^
109 | |                 (module_name == "module"
110 | |                     && matches!(
111 | |                         method.as_deref(),
...   |
121 | |             })
122 | |             .flatten();
    | |______________________^
    |
    = help: for further information visit https://rust-lang.github.io/rust-clippy/master/index.html#map_flatten
    = note: `#[warn(clippy::map_flatten)]` on by default
help: try replacing `map` with `and_then` and remove the `.flatten()`
    |
108 ~             .and_then(|(module_name, method)| {
109 +                 (module_name == "module"
110 +                     && matches!(
111 +                         method.as_deref(),
112 +                         Some("Module") | Some("SourceMap") | Some("default")
113 +                     ))
114 +                 .then(|| {
115 +                     if method.as_deref() == Some("SourceMap") {
116 +                         "SourceMap"
117 +                     } else {
118 +                         "Module"
119 +                     }
120 +                 })
121 ~             });
    |

warning: derefed type is same as origin
   --> crates/perry-hir/src/lower/expr_new.rs:111:25
    |
111 |                         method.as_deref(),
    |                         ^^^^^^^^^^^^^^^^^ help: try: `method`
    |
    = help: for further information visit https://rust-lang.github.io/rust-clippy/master/index.html#needless_option_as_deref

warning: derefed type is same as origin
   --> crates/perry-hir/src/lower/expr_new.rs:115:24
    |
115 |                     if method.as_deref() == Some("SourceMap") {
    |                        ^^^^^^^^^^^^^^^^^ help: try: `method`
    |
    = help: for further information visit https://rust-lang.github.io/rust-clippy/master/index.html#needless_option_as_deref

warning: derefed type is same as origin
   --> crates/perry-hir/src/lower/expr_new.rs:157:49
    |
157 |                         && (method.is_none() || method.as_deref() == Some("default"))
    |                                                 ^^^^^^^^^^^^^^^^^ help: try: `method`
    |
    = help: for further information visit https://rust-lang.github.io/rust-clippy/master/index.html#needless_option_as_deref

warning: creating a new box
   --> crates/perry-hir/src/lower/expr_new.rs:223:17
    |
223 | /                 synthetic.callee = Box::new(ast::Expr::Ident(ast::Ident::new(
224 | |                     prop_ident.sym.clone(),
225 | |                     prop_ident.span,
226 | |                     Default::default(),
227 | |                 )));
    | |___________________^
    |
    = note: this creates a needless allocation
    = help: for further information visit https://rust-lang.github.io/rust-clippy/master/index.html#replace_box
    = note: `#[warn(clippy::replace_box)]` on by default
help: replace existing content with inner value instead
    |
223 ~                 *synthetic.callee = ast::Expr::Ident(ast::Ident::new(
224 +                     prop_ident.sym.clone(),
225 +                     prop_ident.span,
226 +                     Default::default(),
227 ~                 ));
    |

warning: this `if` has identical blocks
   --> crates/perry-hir/src/lower/expr_new.rs:358:84
    |
358 |               let callee_local_at_entry: Option<LocalId> = if force_global_intrinsic {
    |  ____________________________________________________________________________________^
359 | |                 None
360 | |             } else if class_shadows_callee_local {
    | |_____________^
    |
note: same as this
   --> crates/perry-hir/src/lower/expr_new.rs:360:50
    |
360 |               } else if class_shadows_callee_local {
    |  __________________________________________________^
361 | |                 None
362 | |             } else {
    | |_____________^
    = help: for further information visit https://rust-lang.github.io/rust-clippy/master/index.html#if_same_then_else

warning: large size difference between variants
  --> crates/perry-hir/src/lower/expr_object.rs:76:1
   |
76 | / enum KeyResolution {
77 | |     /// A statically-known string key (`x:`, `"x":`, `1:`, `[Enum.M]:`,
78 | |     /// `["lit"]:`, `[1]:`).
79 | |     Static(String),
   | |     -------------- the second-largest variant contains at least 24 bytes
...  |
82 | |     Dynamic(Expr),
   | |     ------------- the largest variant contains at least 240 bytes
83 | |     /// Key shape we don't model — skip the property.
84 | |     Skip,
85 | | }
   | |_^ the entire enum is at least 240 bytes
   |
   = help: for further information visit https://rust-lang.github.io/rust-clippy/master/index.html#large_enum_variant
help: consider boxing the large fields or introducing indirection in some other way to reduce the total size of the enum
   |
82 -     Dynamic(Expr),
82 +     Dynamic(Box<Expr>),
   |

warning: large size difference between variants
   --> crates/perry-hir/src/lower/expr_object.rs:146:1
    |
146 | / enum MethodKeyKind {
147 | |     Static(String),
    | |     -------------- the second-largest variant contains at least 24 bytes
148 | |     Computed(Expr),
    | |     -------------- the largest variant contains at least 240 bytes
149 | | }
    | |_^ the entire enum is at least 240 bytes
    |
    = help: for further information visit https://rust-lang.github.io/rust-clippy/master/index.html#large_enum_variant
help: consider boxing the large fields or introducing indirection in some other way to reduce the total size of the enum
    |
148 -     Computed(Expr),
148 +     Computed(Box<Expr>),
    |

warning: large size difference between variants
    --> crates/perry-hir/src/lower/expr_object.rs:1002:9
     |
1002 | /           enum SpreadOp {
1003 | |               /// `__o[key] = value` (key = `String(..)` or a dynamic expr).
1004 | | /             Set {
1005 | | |                 key: Expr,
1006 | | |                 value: Expr,
1007 | | |                 infer_name: bool,
1008 | | |             },
     | | |_____________- the second-largest variant contains at least 481 bytes
...    |
1016 | | /             DefineAccessor {
1017 | | |                 key: Expr,
1018 | | |                 getter: Expr,
1019 | | |                 setter: Expr,
1020 | | |             },
     | | |_____________- the largest variant contains at least 720 bytes
...    |
1024 | |               Assign { src: Expr },
1025 | |           }
     | |___________^ the entire enum is at least 720 bytes
     |
     = help: for further information visit https://rust-lang.github.io/rust-clippy/master/index.html#large_enum_variant
help: consider boxing the large fields or introducing indirection in some other way to reduce the total size of the enum
     |
1019 -                 setter: Expr,
1019 +                 setter: Box<Expr>,
     |

    Checking hickory-proto v0.26.1
warning: this loop could be written as a `while let` loop
  --> crates/perry-hir/src/lower/pre_scan.rs:54:9
   |
54 | /         loop {
55 | |             match e {
56 | |                 ast::Expr::Paren(p) => e = &p.expr,
57 | |                 _ => break,
58 | |             }
59 | |         }
   | |_________^ help: try: `while let ast::Expr::Paren(p) = e { .. }`
   |
   = help: for further information visit https://rust-lang.github.io/rust-clippy/master/index.html#while_let_loop
   = note: `#[warn(clippy::while_let_loop)]` on by default

warning: the variable `insert_at` is used as a loop counter
    --> crates/perry-hir/src/lower/const_fold_fn.rs:1889:5
     |
1889 |     for s in body_stmts {
     |     ^^^^^^^^^^^^^^^^^^^ help: consider using: `for (insert_at, s) in (1..).zip(body_stmts.into_iter())`
     |
     = help: for further information visit https://rust-lang.github.io/rust-clippy/master/index.html#explicit_counter_loop
     = note: `#[warn(clippy::explicit_counter_loop)]` on by default

warning: this `if` can be collapsed into the outer `match`
   --> crates/perry-hir/src/lower/global_eval_hoist.rs:384:13
    |
384 | /             if !for_head_binds(&s.left, from) {
385 | |                 rename_ident_in_expr(&mut s.right, from, to);
386 | |                 rename_ident_in_stmt(&mut s.body, from, to);
387 | |             }
    | |_____________^
    |
    = help: for further information visit https://rust-lang.github.io/rust-clippy/master/index.html#collapsible_match
help: collapse nested if block
    |
383 ~         Stmt::ForOf(s)
384 ~             if !for_head_binds(&s.left, from) => {
385 |                 rename_ident_in_expr(&mut s.right, from, to);
386 |                 rename_ident_in_stmt(&mut s.body, from, to);
387 ~             }
    |

warning: this expression creates a reference which is immediately dereferenced by the compiler
   --> crates/perry-hir/src/lower/shared_mutable_capture.rs:223:38
    |
223 |             rewrite_member_scoped(m, &targets, &no_shared);
    |                                      ^^^^^^^^ help: change this to: `targets`
    |
    = help: for further information visit https://rust-lang.github.io/rust-clippy/master/index.html#needless_borrow
    = note: `#[warn(clippy::needless_borrow)]` on by default

warning: this expression creates a reference which is immediately dereferenced by the compiler
   --> crates/perry-hir/src/lower/shared_mutable_capture.rs:226:38
    |
226 |             rewrite_member_scoped(g, &targets, &no_shared);
    |                                      ^^^^^^^^ help: change this to: `targets`
    |
    = help: for further information visit https://rust-lang.github.io/rust-clippy/master/index.html#needless_borrow

warning: this expression creates a reference which is immediately dereferenced by the compiler
   --> crates/perry-hir/src/lower/shared_mutable_capture.rs:229:38
    |
229 |             rewrite_member_scoped(s, &targets, &no_shared);
    |                                      ^^^^^^^^ help: change this to: `targets`
    |
    = help: for further information visit https://rust-lang.github.io/rust-clippy/master/index.html#needless_borrow

warning: this expression creates a reference which is immediately dereferenced by the compiler
   --> crates/perry-hir/src/lower/shared_mutable_capture.rs:232:39
    |
232 |             rewrite_member_scoped(sm, &targets, &no_shared);
    |                                       ^^^^^^^^ help: change this to: `targets`
    |
    = help: for further information visit https://rust-lang.github.io/rust-clippy/master/index.html#needless_borrow

warning: this expression creates a reference which is immediately dereferenced by the compiler
   --> crates/perry-hir/src/lower/shared_mutable_capture.rs:235:57
    |
235 |             rewrite_member_scoped(&mut member.function, &targets, &no_shared);
    |                                                         ^^^^^^^^ help: change this to: `targets`
    |
    = help: for further information visit https://rust-lang.github.io/rust-clippy/master/index.html#needless_borrow

warning: this expression creates a reference which is immediately dereferenced by the compiler
   --> crates/perry-hir/src/lower/shared_mutable_capture.rs:242:41
    |
242 |             collect_fn_target_ids(ctor, &targets, &mut ctor_ids);
    |                                         ^^^^^^^^ help: change this to: `targets`
    |
    = help: for further information visit https://rust-lang.github.io/rust-clippy/master/index.html#needless_borrow

warning: this expression creates a reference which is immediately dereferenced by the compiler
   --> crates/perry-hir/src/lower/shared_mutable_capture.rs:431:47
    |
431 |             retype_lets_in_stmts(&mut f.body, &targets);
    |                                               ^^^^^^^^ help: change this to: `targets`
    |
    = help: for further information visit https://rust-lang.github.io/rust-clippy/master/index.html#needless_borrow

warning: this `match` expression can be replaced with `?`
  --> crates/perry-hir/src/lower/widget_decl.rs:40:22
   |
40 |       let config_obj = match call_expr.args.first() {
   |  ______________________^
41 | |         Some(arg) => match arg.expr.as_ref() {
42 | |             ast::Expr::Object(obj) => obj,
43 | |             _ => return None,
44 | |         },
45 | |         None => return None,
46 | |     };
   | |_____^
   |
   = help: for further information visit https://rust-lang.github.io/rust-clippy/master/index.html#question_mark
help: try instead
   |
40 ~     let config_obj = {
41 +         let arg = call_expr.args.first()?;
42 +         match arg.expr.as_ref() {
43 +         ast::Expr::Object(obj) => obj,
44 +         _ => return None,
45 +     }
46 ~     };
   |

warning: this `if let` can be collapsed into the outer `if let`
   --> crates/perry-hir/src/lower/widget_decl.rs:232:25
    |
232 | /                         if let ast::Pat::Ident(ident) = param {
233 | |                             entry_param_name = ident.id.sym.to_string();
234 | |                         }
    | |_________________________^
    |
help: the outer pattern can be modified to include the inner pattern
   --> crates/perry-hir/src/lower/widget_decl.rs:231:33
    |
231 |                     if let Some(param) = arrow.params.first() {
    |                                 ^^^^^ replace this binding
232 |                         if let ast::Pat::Ident(ident) = param {
    |                                ^^^^^^^^^^^^^^^^^^^^^^ with this pattern
    = help: for further information visit https://rust-lang.github.io/rust-clippy/master/index.html#collapsible_match

warning: this `if let` can be collapsed into the outer `if let`
   --> crates/perry-hir/src/lower/widget_decl.rs:238:25
    |
238 | /                         if let ast::Pat::Ident(ident) = param {
239 | |                             family_param_name = Some(ident.id.sym.to_string());
240 | |                         }
    | |_________________________^
    |
help: the outer pattern can be modified to include the inner pattern
   --> crates/perry-hir/src/lower/widget_decl.rs:237:33
    |
237 |                     if let Some(param) = arrow.params.get(1) {
    |                                 ^^^^^ replace this binding
238 |                         if let ast::Pat::Ident(ident) = param {
    |                                ^^^^^^^^^^^^^^^^^^^^^^ with this pattern
    = help: for further information visit https://rust-lang.github.io/rust-clippy/master/index.html#collapsible_match

warning: this `if let` can be collapsed into the outer `if let`
    --> crates/perry-hir/src/lower/widget_decl.rs:1076:9
     |
1076 | /         if let ast::Pat::Ident(ident) = param {
1077 | |             ident.id.sym.to_string()
1078 | |         } else {
1079 | |             "item".to_string()
1080 | |         }
     | |_________^
     |
help: the outer pattern can be modified to include the inner pattern
    --> crates/perry-hir/src/lower/widget_decl.rs:1075:34
     |
1075 |     let item_param = if let Some(param) = arrow.params.first() {
     |                                  ^^^^^ replace this binding
1076 |         if let ast::Pat::Ident(ident) = param {
     |                ^^^^^^^^^^^^^^^^^^^^^^ with this pattern
     = help: for further information visit https://rust-lang.github.io/rust-clippy/master/index.html#collapsible_match

warning: very complex type used. Consider factoring parts into `type` definitions
   --> crates/perry-hir/src/lower/lowering_context.rs:127:31
    |
127 |     pub(crate) func_defaults: Vec<(FuncId, Vec<Option<Expr>>, Vec<LocalId>, Option<usize>, bool)>,
    |                               ^^^^^^^^^^^^^^^^^^^^^^^^^^^^^^^^^^^^^^^^^^^^^^^^^^^^^^^^^^^^^^^^^^^
    |
    = help: for further information visit https://rust-lang.github.io/rust-clippy/master/index.html#type_complexity

warning: very complex type used. Consider factoring parts into `type` definitions
   --> crates/perry-hir/src/lower/lowering_context.rs:165:23
    |
165 |     pub(crate) enums: Vec<(String, EnumId, Vec<(String, EnumValue)>)>,
    |                       ^^^^^^^^^^^^^^^^^^^^^^^^^^^^^^^^^^^^^^^^^^^^^^^
    |
    = help: for further information visit https://rust-lang.github.io/rust-clippy/master/index.html#type_complexity

warning: this function has too many arguments (8/7)
   --> crates/perry-hir/src/lower/lower_module_fn.rs:782:1
    |
782 | / pub fn lower_module_with_class_id_types_seed_and_entry(
783 | |     ast_module: &ast::Module,
784 | |     name: &str,
785 | |     source_file_path: &str,
...   |
790 | |     is_entry_module: bool,
791 | | ) -> Result<(Module, ClassId)> {
    | |______________________________^
    |
    = help: for further information visit https://rust-lang.github.io/rust-clippy/master/index.html#too_many_arguments
    = note: `#[warn(clippy::too_many_arguments)]` on by default

warning: this function has too many arguments (9/7)
   --> crates/perry-hir/src/lower/lower_module_fn.rs:860:1
    |
860 | / pub fn lower_module_full(
861 | |     ast_module: &ast::Module,
862 | |     name: &str,
863 | |     source_file_path: &str,
...   |
869 | |     is_external_module: bool,
870 | | ) -> Result<(Module, ClassId)> {
    | |______________________________^
    |
    = help: for further information visit https://rust-lang.github.io/rust-clippy/master/index.html#too_many_arguments

warning: this function has too many arguments (10/7)
   --> crates/perry-hir/src/lower/lower_module_fn.rs:888:1
    |
888 | / pub fn lower_module_full_with_platform_globals(
889 | |     ast_module: &ast::Module,
890 | |     name: &str,
891 | |     source_file_path: &str,
...   |
898 | |     platform_globals: &[&str],
899 | | ) -> Result<(Module, ClassId)> {
    | |______________________________^
    |
    = help: for further information visit https://rust-lang.github.io/rust-clippy/master/index.html#too_many_arguments

warning: called `unwrap` on `opt_call_member_receiver` after checking its variant with `is_some`
   --> crates/perry-hir/src/lower/lower_expr/arm_optchain.rs:514:28
    |
513 |             let condition = if !callee_from_chain && opt_call_member_receiver.is_some() {
    |                                                      ---------------------------------- the check is happening here
514 |                 let recv = opt_call_member_receiver.unwrap();
    |                            ^^^^^^^^^^^^^^^^^^^^^^^^^^^^^^^^^
    |
    = help: try using `match`
    = help: for further information visit https://rust-lang.github.io/rust-clippy/master/index.html#unnecessary_unwrap

warning: consider using `sort_unstable_by_key`
   --> crates/perry-hir/src/lower/lower_expr/helpers.rs:482:13
    |
482 |             v.sort_unstable_by(|a, b| b.0.cmp(&a.0));
    |             ^^^^^^^^^^^^^^^^^^^^^^^^^^^^^^^^^^^^^^^^
    |
    = help: for further information visit https://rust-lang.github.io/rust-clippy/master/index.html#unnecessary_sort_by
    = note: `#[warn(clippy::unnecessary_sort_by)]` on by default
help: try
    |
482 -             v.sort_unstable_by(|a, b| b.0.cmp(&a.0));
482 +             v.sort_unstable_by_key(|a| std::cmp::Reverse(a.0));
    |

warning: redundant guard
  --> crates/perry-hir/src/lower/lower_expr/reactive_text.rs:50:40
   |
50 |         Some(("perry/ui", Some(m))) if m == "Text" => {}
   |                                        ^^^^^^^^^^^
   |
   = help: for further information visit https://rust-lang.github.io/rust-clippy/master/index.html#redundant_guards
   = note: `#[warn(clippy::redundant_guards)]` on by default
help: try
   |
50 -         Some(("perry/ui", Some(m))) if m == "Text" => {}
50 +         Some(("perry/ui", Some("Text"))) => {}
   |

warning: this function has too many arguments (11/7)
  --> crates/perry-hir/src/lower_decl/class_captures.rs:8:1
   |
 8 | / pub fn synthesize_class_captures(
 9 | |     ctx: &mut LoweringContext,
10 | |     name: &str,
11 | |     extends_name: Option<&str>,
...  |
19 | |     static_methods: &mut Vec<Function>,
20 | | ) {
   | |_^
   |
   = help: for further information visit https://rust-lang.github.io/rust-clippy/master/index.html#too_many_arguments

warning: writing `&mut Vec` instead of `&mut [_]` involves a new object where a slice will do
  --> crates/perry-hir/src/lower_decl/class_captures.rs:14:14
   |
14 |     methods: &mut Vec<Function>,
   |              ^^^^^^^^^^^^^^^^^^
   |
   = help: for further information visit https://rust-lang.github.io/rust-clippy/master/index.html#ptr_arg
help: change this to
   |
14 -     methods: &mut Vec<Function>,
14 +     methods: &mut [Function],
   |

warning: writing `&mut Vec` instead of `&mut [_]` involves a new object where a slice will do
  --> crates/perry-hir/src/lower_decl/class_captures.rs:15:14
   |
15 |     getters: &mut Vec<(String, Function)>,
   |              ^^^^^^^^^^^^^^^^^^^^^^^^^^^^
   |
   = help: for further information visit https://rust-lang.github.io/rust-clippy/master/index.html#ptr_arg
help: change this to
   |
15 -     getters: &mut Vec<(String, Function)>,
15 +     getters: &mut [(String, Function)],
   |

warning: writing `&mut Vec` instead of `&mut [_]` involves a new object where a slice will do
  --> crates/perry-hir/src/lower_decl/class_captures.rs:16:14
   |
16 |     setters: &mut Vec<(String, Function)>,
   |              ^^^^^^^^^^^^^^^^^^^^^^^^^^^^
   |
   = help: for further information visit https://rust-lang.github.io/rust-clippy/master/index.html#ptr_arg
help: change this to
   |
16 -     setters: &mut Vec<(String, Function)>,
16 +     setters: &mut [(String, Function)],
   |

warning: writing `&mut Vec` instead of `&mut [_]` involves a new object where a slice will do
  --> crates/perry-hir/src/lower_decl/class_captures.rs:17:23
   |
17 |     computed_members: &mut Vec<ClassComputedMember>,
   |                       ^^^^^^^^^^^^^^^^^^^^^^^^^^^^^
   |
   = help: for further information visit https://rust-lang.github.io/rust-clippy/master/index.html#ptr_arg
help: change this to
   |
17 -     computed_members: &mut Vec<ClassComputedMember>,
17 +     computed_members: &mut [ClassComputedMember],
   |

warning: writing `&mut Vec` instead of `&mut [_]` involves a new object where a slice will do
  --> crates/perry-hir/src/lower_decl/class_captures.rs:19:21
   |
19 |     static_methods: &mut Vec<Function>,
   |                     ^^^^^^^^^^^^^^^^^^
   |
   = help: for further information visit https://rust-lang.github.io/rust-clippy/master/index.html#ptr_arg
help: change this to
   |
19 -     static_methods: &mut Vec<Function>,
19 +     static_methods: &mut [Function],
   |

warning: doc list item without indentation
  --> crates/perry-hir/src/lower_decl/class_validation.rs:71:5
   |
71 | /// Test262 language/.../class/elements/syntax/early-errors + definition/*.
   |     ^
   |
   = help: if this is supposed to be its own paragraph, add a blank line
   = help: for further information visit https://rust-lang.github.io/rust-clippy/master/index.html#doc_lazy_continuation
help: indent this line
   |
71 | ///     Test262 language/.../class/elements/syntax/early-errors + definition/*.
   |     ++++

warning: the `Err`-variant returned from this function is very large
  --> crates/perry-hir/src/monomorph/constraints.rs:38:6
   |
11 | /     TypeMismatch {
12 | |         type_param: String,
13 | |         expected: Type,
14 | |         actual: Type,
15 | |     },
   | |_____- the largest variant contains at least 232 bytes
...
38 |   ) -> Result<(), ConstraintError> {
   |        ^^^^^^^^^^^^^^^^^^^^^^^^^^^
   |
   = help: try reducing the size of `monomorph::constraints::ConstraintError`, for example by boxing large elements or replacing it with `Box<monomorph::constraints::ConstraintError>`
   = help: for further information visit https://rust-lang.github.io/rust-clippy/master/index.html#result_large_err
   = note: `#[warn(clippy::result_large_err)]` on by default

warning: the `Err`-variant returned from this function is very large
   --> crates/perry-hir/src/monomorph/constraints.rs:113:6
    |
 11 | /     TypeMismatch {
 12 | |         type_param: String,
 13 | |         expected: Type,
 14 | |         actual: Type,
 15 | |     },
    | |_____- the largest variant contains at least 232 bytes
...
113 |   ) -> Result<(), ConstraintError> {
    |        ^^^^^^^^^^^^^^^^^^^^^^^^^^^
    |
    = help: try reducing the size of `monomorph::constraints::ConstraintError`, for example by boxing large elements or replacing it with `Box<monomorph::constraints::ConstraintError>`
    = help: for further information visit https://rust-lang.github.io/rust-clippy/master/index.html#result_large_err

warning: the `Err`-variant returned from this function is very large
   --> crates/perry-hir/src/monomorph/constraints.rs:153:6
    |
 11 | /     TypeMismatch {
 12 | |         type_param: String,
 13 | |         expected: Type,
 14 | |         actual: Type,
 15 | |     },
    | |_____- the largest variant contains at least 232 bytes
...
153 |   ) -> Result<(), ConstraintError> {
    |        ^^^^^^^^^^^^^^^^^^^^^^^^^^^
    |
    = help: try reducing the size of `monomorph::constraints::ConstraintError`, for example by boxing large elements or replacing it with `Box<monomorph::constraints::ConstraintError>`
    = help: for further information visit https://rust-lang.github.io/rust-clippy/master/index.html#result_large_err

warning: this `if let` can be collapsed into the outer `match`
   --> crates/perry-hir/src/monomorph/defaults.rs:302:13
    |
302 | /             if let Some(v) = value {
303 | |                 fill_defaults_in_expr(v, cx);
304 | |             }
    | |_____________^
    |
help: the outer pattern can be modified to include the inner pattern
   --> crates/perry-hir/src/monomorph/defaults.rs:301:23
    |
301 |         Expr::Yield { value, .. } => {
    |                       ^^^^^ replace this binding
302 |             if let Some(v) = value {
    |                    ^^^^^^^ with this pattern, prefixed by `value: `
    = help: for further information visit https://rust-lang.github.io/rust-clippy/master/index.html#collapsible_match

warning: this `if let` can be collapsed into the outer `match`
   --> crates/perry-hir/src/monomorph/driver.rs:414:13
    |
414 | /             if let Some(v) = value {
415 | |                 collect_instantiations_in_expr(v, ctx, module, idx);
416 | |             }
    | |_____________^
    |
help: the outer pattern can be modified to include the inner pattern
   --> crates/perry-hir/src/monomorph/driver.rs:413:23
    |
413 |         Expr::Yield { value, .. } => {
    |                       ^^^^^ replace this binding
414 |             if let Some(v) = value {
    |                    ^^^^^^^ with this pattern, prefixed by `value: `
    = help: for further information visit https://rust-lang.github.io/rust-clippy/master/index.html#collapsible_match

warning: this block may be rewritten with the `?` operator
   --> crates/perry-hir/src/monomorph/infer.rs:302:16
    |
302 |           } else if let Some(ref default) = type_param.default {
    |  ________________^
303 | |             // Use default type if available
304 | |             inferred_args.push((**default).clone());
305 | |         } else {
306 | |             // Could not infer this type parameter
307 | |             return None;
308 | |         }
    | |_________^
    |
    = help: for further information visit https://rust-lang.github.io/rust-clippy/master/index.html#question_mark
help: replace it with
    |
302 ~         } else {
303 +             let ref default = type_param.default?;
304 +             // Use default type if available
305 +             inferred_args.push((**default).clone());
306 +         }
    |

warning: this block may be rewritten with the `?` operator
   --> crates/perry-hir/src/monomorph/infer.rs:411:16
    |
411 |           } else if let Some(ref default) = type_param.default {
    |  ________________^
412 | |             // Use default type if available
413 | |             inferred_args.push((**default).clone());
414 | |         } else {
415 | |             // Could not infer this type parameter
416 | |             return None;
417 | |         }
    | |_________^
    |
    = help: for further information visit https://rust-lang.github.io/rust-clippy/master/index.html#question_mark
help: replace it with
    |
411 ~         } else {
412 +             let ref default = type_param.default?;
413 +             // Use default type if available
414 +             inferred_args.push((**default).clone());
415 +         }
    |

warning: this `if let` can be collapsed into the outer `match`
   --> crates/perry-hir/src/monomorph/update_call_sites.rs:282:13
    |
282 | /             if let Some(v) = value {
283 | |                 update_call_sites_in_expr(v, ctx, lookup);
284 | |             }
    | |_____________^
    |
help: the outer pattern can be modified to include the inner pattern
   --> crates/perry-hir/src/monomorph/update_call_sites.rs:281:23
    |
281 |         Expr::Yield { value, .. } => {
    |                       ^^^^^ replace this binding
282 |             if let Some(v) = value {
    |                    ^^^^^^^ with this pattern, prefixed by `value: `
    = help: for further information visit https://rust-lang.github.io/rust-clippy/master/index.html#collapsible_match

warning: this block may be rewritten with the `?` operator
   --> crates/perry-hir/src/monomorph/update_call_sites.rs:611:16
    |
611 |           } else if let Some(ref default) = type_param.default {
    |  ________________^
612 | |             inferred_args.push((**default).clone());
613 | |         } else {
614 | |             return None;
615 | |         }
    | |_________^
    |
    = help: for further information visit https://rust-lang.github.io/rust-clippy/master/index.html#question_mark
help: replace it with
    |
611 ~         } else {
612 +             let ref default = type_param.default?;
613 +             inferred_args.push((**default).clone());
614 +         }
    |

warning: this block may be rewritten with the `?` operator
   --> crates/perry-hir/src/monomorph/update_call_sites.rs:669:16
    |
669 |           } else if let Some(ref default) = type_param.default {
    |  ________________^
670 | |             inferred_args.push((**default).clone());
671 | |         } else {
672 | |             return None;
673 | |         }
    | |_________^
    |
    = help: for further information visit https://rust-lang.github.io/rust-clippy/master/index.html#question_mark
help: replace it with
    |
669 ~         } else {
670 +             let ref default = type_param.default?;
671 +             inferred_args.push((**default).clone());
672 +         }
    |

warning: creating a new box
   --> crates/perry-hir/src/solid_jsx.rs:263:13
    |
263 |             *condition = Box::new(call(memo, vec![]));
    |             ^^^^^^^^^^^^^^^^^^^^^^^^^^^^^^^^^^^^^^^^^ help: replace existing content with inner value instead: `**condition = call(memo, vec![])`
    |
    = note: this creates a needless allocation
    = help: for further information visit https://rust-lang.github.io/rust-clippy/master/index.html#replace_box

warning: creating a new box
   --> crates/perry-hir/src/solid_jsx.rs:289:13
    |
289 |             *condition = Box::new(call(ast::Expr::Ident(name), vec![]));
    |             ^^^^^^^^^^^^^^^^^^^^^^^^^^^^^^^^^^^^^^^^^^^^^^^^^^^^^^^^^^^ help: replace existing content with inner value instead: `**condition = call(ast::Expr::Ident(name), vec![])`
    |
    = note: this creates a needless allocation
    = help: for further information visit https://rust-lang.github.io/rust-clippy/master/index.html#replace_box

warning: `perry-hir` (lib) generated 107 warnings (run `cargo clippy --fix --lib -p perry-hir -- ` to apply 30 suggestions)
    Checking rand v0.9.4
    Checking hyper-util v0.1.20
    Checking llvm-sys v221.0.1
    Checking hmac v0.13.0
    Checking sha1 v0.10.6
    Checking pkcs1 v0.7.5
    Checking console v0.16.4
    Checking num_cpus v1.17.0
    Checking par-core v2.0.0
    Checking cpubits v0.1.1
    Checking libbz2-rs-sys v0.2.5
    Checking clap_lex v1.1.0
    Checking resolv-conf v0.7.6
    Checking zlib-rs v0.6.4
    Checking unicase v2.9.0
    Checking mime v0.3.17
    Checking winnow v1.0.3
    Checking leb128fmt v0.1.0
    Checking fastrand v2.4.1
    Checking bumpalo v3.20.3
    Checking option-ext v0.2.0
    Checking strsim v0.11.1
   Compiling perry-codegen v0.5.1532 (/dev/shm/perry-startup-27c598181/perry/crates/perry-codegen)
    Checking simdutf8 v0.1.5
    Checking gimli v0.34.0
    Checking rustc-demangle v0.1.28
    Checking flate2 v1.1.10
    Checking clap_builder v4.6.6
    Checking zopfli v0.8.3
    Checking dirs-sys v0.5.0
    Checking tempfile v3.27.0
    Checking toml_parser v1.1.3+spec-1.1.0
    Checking wasm-encoder v0.258.0
    Checking mime_guess v2.0.5
    Checking bzip2 v0.6.1
    Checking aes v0.9.1
    Checking inkwell v0.9.0
    Checking swc_ecma_utils v25.0.0
    Checking hyper-rustls v0.27.9
    Checking rsa v0.9.10
    Checking tungstenite v0.29.0
    Checking pbkdf2 v0.13.0
    Checking regex v1.13.1
   Compiling perry v0.5.1532 (/dev/shm/perry-startup-27c598181/perry/crates/perry)
    Checking perry-codegen-js v0.5.1532 (/dev/shm/perry-startup-27c598181/perry/crates/perry-codegen-js)
    Checking rayon-core v1.13.0
    Checking zstd v0.13.3
    Checking tower-http v0.6.11
    Checking lzma-rust2 v0.16.4
    Checking p256 v0.13.2
    Checking p384 v0.13.1
    Checking simple_asn1 v0.6.4
    Checking serde_urlencoded v0.7.1
    Checking xattr v1.6.1
    Checking webpki-roots v0.26.11
    Checking http-body-util v0.1.5
    Checking swc_ecma_parser v29.0.2
    Checking sha1 v0.11.0
    Checking pem v3.0.6
    Checking toml_datetime v1.1.1+spec-1.1.0
    Checking serde_spanned v1.1.1
    Checking is-terminal v0.4.17
    Checking typed-path v0.12.3
    Checking semver v1.0.28
    Checking shell-words v1.1.1
    Checking termcolor v1.4.1
    Checking deflate64 v0.1.12
    Checking unit-prefix v0.5.2
    Checking ppmd-rust v1.4.0
    Checking constant_time_eq v0.4.2
    Checking hex v0.4.3
    Checking humantime v2.3.0
    Checking iana-time-zone v0.1.65
    Checking toml_writer v1.1.2+spec-1.1.0
    Checking chrono v0.4.45
    Checking toml v1.1.4+spec-1.1.0
warning: empty line after doc comment
  --> crates/perry-runtime/src/arena/block.rs:62:1
   |
62 | / /// allocation.
...  |
81 | |
   | |_^
...
95 |   struct BlockPool {
   |   ---------------- the comment documents this struct
   |
   = help: for further information visit https://rust-lang.github.io/rust-clippy/master/index.html#empty_line_after_doc_comments
   = note: `#[warn(clippy::empty_line_after_doc_comments)]` on by default
   = help: if the empty line is unintentional, remove it
help: if the doc comment should not document struct `BlockPool` then comment it out
   |
57 ~ // /// One raw block allocation. NEVER collects, so it is safe under an `&mut
58 ~ // /// Arena` borrow. `injectable` marks the single call site a test is allowed to
59 ~ // /// force a failure at (see [`force_next_block_alloc_failure`]) — the collection
60 ~ // /// that `reserve_arena_block` then runs allocates blocks of its own through the
61 ~ // /// non-injectable path, so the injected refusal cannot be consumed by the wrong
62 ~ // /// allocation.
   |

warning: empty line after doc comment
    --> crates/perry-runtime/src/array/indexing.rs:1051:1
     |
1051 | / /// Exercised by the unit tests: `true` when the fast lane answered the store.
1052 | |
     | |_^
...
1077 |   pub(crate) unsafe fn try_strict_dense_pointer_overwrite(
     |   ------------------------------------------------------- the comment documents this function
     |
     = help: for further information visit https://rust-lang.github.io/rust-clippy/master/index.html#empty_line_after_doc_comments
     = help: if the empty line is unintentional, remove it
help: if the documentation should include the empty line include it in the comment
     |
1052 | ///
     |

warning: empty line after doc comment
    --> crates/perry-runtime/src/array/indexing.rs:1147:1
     |
1147 | / /// answered the store.
1148 | |
     | |_^
1149 |   #[no_mangle]
1150 |   pub extern "C" fn js_array_set_f64_extend_strict(
     |   ------------------------------------------------ the comment documents this function
     |
     = help: for further information visit https://rust-lang.github.io/rust-clippy/master/index.html#empty_line_after_doc_comments
     = help: if the empty line is unintentional, remove it

warning: empty line after doc comment
    --> crates/perry-runtime/src/child_process/reactor.rs:1511:1
     |
1511 | / /// for all live children. Called from `js_run_stdlib_pump`.
1512 | |
     | |_^
...
1516 |   extern "C" fn cp_reactor_pump_extern() {
     |   ------------------------------------ the comment documents this function
     |
     = help: for further information visit https://rust-lang.github.io/rust-clippy/master/index.html#empty_line_after_doc_comments
     = help: if the empty line is unintentional, remove it
help: if the documentation should include the empty line include it in the comment
     |
1512 | ///
     |

warning: empty line after doc comment
   --> crates/perry-runtime/src/gc/roots/scanner_shims.rs:100:1
    |
100 | / /// Initialize GC root scanners. Called once at runtime startup.
101 | |
    | |_^
102 |   pub fn intern_table_root_scanner(mark: &mut dyn FnMut(f64)) {
    |   -------------------------------- the comment documents this function
    |
    = help: for further information visit https://rust-lang.github.io/rust-clippy/master/index.html#empty_line_after_doc_comments
    = help: if the empty line is unintentional, remove it

warning: empty line after doc comment
   --> crates/perry-runtime/src/gc/roots.rs:403:1
    |
403 | / /// Suppress GC triggers. While suppressed, `gc_check_trigger` is a no-op.
404 | |
    | |_^
405 |   pub(super) fn mark_stack_roots_for_decision(
    |   ------------------------------------------- the comment documents this function
    |
    = help: for further information visit https://rust-lang.github.io/rust-clippy/master/index.html#empty_line_after_doc_comments
    = help: if the empty line is unintentional, remove it

warning: empty line after doc comment
   --> crates/perry-runtime/src/gc/trace.rs:682:1
    |
682 | / /// legacy path for debugging and makes copied-minor ineligible.
683 | |
    | |_^
684 |   pub(super) unsafe fn mark_field_into_worklist(
    |   --------------------------------------------- the comment documents this function
    |
    = help: for further information visit https://rust-lang.github.io/rust-clippy/master/index.html#empty_line_after_doc_comments
    = help: if the empty line is unintentional, remove it

warning: empty line after doc comment
    --> crates/perry-runtime/src/gc/barrier/mod.rs:1231:1
     |
1231 | / /// Called only from the minor-GC path. The full GC path
1232 | |
     | |_^
1233 |   #[no_mangle]
1234 |   pub extern "C" fn js_write_barrier(parent: u64, child: u64) {
     |   ---------------------------------- the comment documents this function
     |
     = help: for further information visit https://rust-lang.github.io/rust-clippy/master/index.html#empty_line_after_doc_comments
     = help: if the empty line is unintentional, remove it

warning: empty line after doc comment
   --> crates/perry-runtime/src/gc/oldgen.rs:526:1
    |
526 | / /// since C3b landed; flipping the default makes those gains apply
527 | |
    | |_^
...
530 |   pub(super) fn sweep() -> u64 {
    |   ------------------- the comment documents this function
    |
    = help: for further information visit https://rust-lang.github.io/rust-clippy/master/index.html#empty_line_after_doc_comments
    = help: if the empty line is unintentional, remove it
help: if the doc comment should not document function `sweep` then comment it out
    |
511 ~ // /// Generational GC (minor collection on every trigger) is now the
512 ~ // /// default model as of Phase D (v0.5.237). Set `PERRY_GEN_GC=0`,
513 ~ // /// `=false`, or `=off` to opt out and fall back to the full
514 ~ // /// mark-sweep — kept as an escape hatch for bisecting GC-related
515 ~ // /// regressions in user programs.
516 ~ // ///
517 ~ // /// Why generational is the default now: Phase C (v0.5.222-228) wired
518 ~ // /// the nursery / old-gen split, write barriers, remembered set, and
519 ~ // /// non-moving tenuring; Phase C4b (v0.5.229-236) added forwarding
520 ~ // /// pointer infrastructure, conservative-pinning safety, policy-gated
521 ~ // /// evacuation, reference rewriting,
522 ~ // /// idle-block deallocation, and the trigger ceiling that bounds
523 ~ // /// peak nursery occupancy. The minor-GC path has been the proven-
524 ~ // /// equivalent default in every regression suite (168 unit tests,
525 ~ // /// 9 `test_json_*.ts` × 4 mode combos, 18 memory-stability tests)
526 ~ // /// since C3b landed; flipping the default makes those gains apply
    |

warning: empty line after outer attribute
   --> crates/perry-runtime/src/gc/mod.rs:495:1
    |
495 | / #[inline]
496 | |
    | |_^
497 |   pub fn gen_gc_enabled() -> bool {
    |   --------------------- the attribute applies to this function
    |
    = help: for further information visit https://rust-lang.github.io/rust-clippy/master/index.html#empty_line_after_outer_attr
    = note: `#[warn(clippy::empty_line_after_outer_attr)]` on by default
    = help: if the empty line is unintentional, remove it

warning: duplicated attribute
   --> crates/perry-runtime/src/intl/date_collator.rs:966:9
    |
966 | #[allow(clippy::too_many_arguments)]
    |         ^^^^^^^^^^^^^^^^^^^^^^^^^^
    |
note: first defined here
   --> crates/perry-runtime/src/intl/date_collator.rs:965:9
    |
965 | #[allow(clippy::too_many_arguments)]
    |         ^^^^^^^^^^^^^^^^^^^^^^^^^^
help: remove this attribute
   --> crates/perry-runtime/src/intl/date_collator.rs:966:9
    |
966 | #[allow(clippy::too_many_arguments)]
    |         ^^^^^^^^^^^^^^^^^^^^^^^^^^
    = help: for further information visit https://rust-lang.github.io/rust-clippy/master/index.html#duplicated_attributes
    = note: `#[warn(clippy::duplicated_attributes)]` on by default

warning: empty line after outer attribute
   --> crates/perry-runtime/src/object/field_get_set.rs:226:1
    |
226 | / #[allow(dead_code)] // #9244: field-get short-circuits removed; kept for the method path.
227 | |
    | |_^
...
230 |   pub(crate) const FIELD_CACHE_SIZE: usize = 1024;
    |   --------------------------------- the attribute applies to this constant item
    |
    = help: for further information visit https://rust-lang.github.io/rust-clippy/master/index.html#empty_line_after_outer_attr
    = help: if the empty line is unintentional, remove it

warning: empty line after doc comment
   --> crates/perry-runtime/src/object/iterator_prototypes.rs:352:1
    |
352 | / /// Lazily build the prototypes (idempotent). Cheap after the first call.
353 | |
    | |_^
354 |   pub(crate) fn ensure_iterator_prototypes() {
    |   ---------------------------------------- the comment documents this function
    |
    = help: for further information visit https://rust-lang.github.io/rust-clippy/master/index.html#empty_line_after_doc_comments
    = help: if the empty line is unintentional, remove it

warning: empty line after doc comment
   --> crates/perry-runtime/src/object/native_call_method.rs:499:1
    |
499 | / /// with js_call_method in perry-jsruntime which handles V8 JavaScript values.
500 | |
    | |_^
...
510 |   pub unsafe extern "C-unwind" fn js_native_call_method_str_key(
    |   ------------------------------------------------------------- the comment documents this function
    |
    = help: for further information visit https://rust-lang.github.io/rust-clippy/master/index.html#empty_line_after_doc_comments
    = help: if the empty line is unintentional, remove it
help: if the documentation should include the empty line include it in the comment
    |
500 | ///
    |

warning: empty line after doc comment
   --> crates/perry-runtime/src/object/native_module_dispatch.rs:119:1
    |
119 | / /// runtime function based on (module_name, method_name).
120 | |
    | |_^
121 |   /// Per-call marshalling context shared by every `nm_dispatch_<module>` fn.
122 |   pub(crate) struct NmCtx {
    |   ----------------------- the comment documents this struct
    |
    = help: for further information visit https://rust-lang.github.io/rust-clippy/master/index.html#empty_line_after_doc_comments
    = help: if the empty line is unintentional, remove it
help: if the documentation should include the empty line include it in the comment
    |
120 | ///
    |

warning: empty line after doc comment
   --> crates/perry-runtime/src/object/object_ops/descriptor_helpers.rs:128:1
    |
128 | / /// carries `value`). `descriptor_value` is the NaN-boxed descriptor object.
...   |
139 | |
    | |_^
140 |   pub(crate) const DESC_VALUE: usize = 0;
    |   --------------------------- the comment documents this constant item
    |
    = help: for further information visit https://rust-lang.github.io/rust-clippy/master/index.html#empty_line_after_doc_comments
    = help: if the empty line is unintentional, remove it
help: if the doc comment should not document constant item `DESC_VALUE` then comment it out
    |
124 ~ // /// `ToPropertyDescriptor` field presence: `HasProperty(descriptor, name)` —
125 ~ // /// own OR inherited. Spec §6.2.6.5 reads each descriptor field with
126 ~ // /// `HasProperty` then `Get`, so an inherited `value`/`get`/... counts as
127 ~ // /// present (e.g. `Object.defineProperty(o, k, child)` where `child`'s prototype
128 ~ // /// carries `value`). `descriptor_value` is the NaN-boxed descriptor object.
    |

warning: empty line after doc comment
    --> crates/perry-runtime/src/object/shapes.rs:1518:1
     |
1518 | / /// the caller falls back to the compacting delete.
1519 | |
     | |_^
...
1530 |   pub(crate) unsafe fn transition_object_shape_to_class(
     |   ----------------------------------------------------- the comment documents this function
     |
     = help: for further information visit https://rust-lang.github.io/rust-clippy/master/index.html#empty_line_after_doc_comments
     = help: if the empty line is unintentional, remove it
help: if the documentation should include the empty line include it in the comment
     |
1519 | ///
     |

warning: empty line after doc comment
   --> crates/perry-runtime/src/object/typed_array_proto_thunks.rs:634:1
    |
634 | / /// scheduled_collections=5306 copying_minors=5306 moved_objects=25760`.
635 | |
    | |_^
...
639 |   macro_rules! rooted_callback {
    |   ---------------------------- the comment documents this macro definition
    |
    = help: for further information visit https://rust-lang.github.io/rust-clippy/master/index.html#empty_line_after_doc_comments
    = help: if the empty line is unintentional, remove it
help: if the documentation should include the empty line include it in the comment
    |
635 | ///
    |

warning: empty line after doc comment
    --> crates/perry-runtime/src/promise/combinators.rs:1399:1
     |
1399 | / /// property (not a class method). Reads `Get(value, "then")`; if it is callable,
1400 | |
     | |_^
1401 |   /// Build a `{ status: "fulfilled", value: v }` object for Promise.allSettled.
1402 |   fn build_settled_fulfilled(value: f64) -> f64 {
     |   -------------------------- the comment documents this function
     |
     = help: for further information visit https://rust-lang.github.io/rust-clippy/master/index.html#empty_line_after_doc_comments
     = help: if the empty line is unintentional, remove it
help: if the documentation should include the empty line include it in the comment
     |
1400 | ///
     |

warning: empty line after doc comment
   --> crates/perry-runtime/src/pty/reactor.rs:303:1
    |
303 | / /// for all live ptys. Called from `js_run_stdlib_pump`.
304 | |
    | |_^
...
307 |   extern "C" fn pty_reactor_pump_extern() {
    |   ------------------------------------- the comment documents this function
    |
    = help: for further information visit https://rust-lang.github.io/rust-clippy/master/index.html#empty_line_after_doc_comments
    = help: if the empty line is unintentional, remove it
help: if the documentation should include the empty line include it in the comment
    |
304 | ///
    |

    Checking env_logger v0.10.2
    Checking zip v8.6.0
    Checking indicatif v0.18.6
    Checking dialoguer v0.12.0
    Checking jsonwebtoken v11.0.0
    Checking object v0.37.3
    Checking swc_ecma_transforms_base v32.0.0
    Checking clap v4.6.6
    Checking reqwest v0.12.28
    Checking tokio-tungstenite v0.29.0
    Checking tar v0.4.46
    Checking perry-codegen-wasm v0.5.1532 (/dev/shm/perry-startup-27c598181/perry/crates/perry-codegen-wasm)
warning: this pattern is unneeded as the `..` pattern can match that element
   --> crates/perry-codegen-wasm/src/emit/expr/date_error.rs:302:17
    |
302 | /                 options: _,
303 | |                 ..
    | |________________^ help: remove it
    |
    = help: for further information visit https://rust-lang.github.io/rust-clippy/master/index.html#unneeded_wildcard_pattern
    = note: `#[warn(clippy::unneeded_wildcard_pattern)]` on by default

warning: very complex type used. Consider factoring parts into `type` definitions
  --> crates/perry-codegen-wasm/src/emit/closures.rs:11:10
   |
11 |     out: &mut Vec<(FuncId, Vec<Param>, Vec<Stmt>, Vec<LocalId>, Vec<LocalId>)>,
   |          ^^^^^^^^^^^^^^^^^^^^^^^^^^^^^^^^^^^^^^^^^^^^^^^^^^^^^^^^^^^^^^^^^^^^^
   |
   = help: for further information visit https://rust-lang.github.io/rust-clippy/master/index.html#type_complexity
   = note: `#[warn(clippy::type_complexity)]` on by default

warning: this `if let` can be collapsed into the outer `match`
  --> crates/perry-codegen-wasm/src/emit/closures.rs:16:17
   |
16 | /                 if let Some(e) = init {
17 | |                     collect_closures_from_expr(e, out);
18 | |                 }
   | |_________________^
   |
help: the outer pattern can be modified to include the inner pattern
  --> crates/perry-codegen-wasm/src/emit/closures.rs:15:25
   |
15 |             Stmt::Let { init, .. } => {
   |                         ^^^^ replace this binding
16 |                 if let Some(e) = init {
   |                        ^^^^^^^ with this pattern, prefixed by `init: `
   = help: for further information visit https://rust-lang.github.io/rust-clippy/master/index.html#collapsible_match
   = note: `#[warn(clippy::collapsible_match)]` on by default

warning: this `if let` can be collapsed into the outer `match`
  --> crates/perry-codegen-wasm/src/emit/closures.rs:22:17
   |
22 | /                 if let Some(e) = e {
23 | |                     collect_closures_from_expr(e, out);
24 | |                 }
   | |_________________^
   |
help: the outer pattern can be modified to include the inner pattern
  --> crates/perry-codegen-wasm/src/emit/closures.rs:21:26
   |
21 |             Stmt::Return(e) => {
   |                          ^ replace this binding
22 |                 if let Some(e) = e {
   |                        ^^^^^^^ with this pattern
   = help: for further information visit https://rust-lang.github.io/rust-clippy/master/index.html#collapsible_match

warning: very complex type used. Consider factoring parts into `type` definitions
  --> crates/perry-codegen-wasm/src/emit/closures.rs:91:10
   |
91 |     out: &mut Vec<(FuncId, Vec<Param>, Vec<Stmt>, Vec<LocalId>, Vec<LocalId>)>,
   |          ^^^^^^^^^^^^^^^^^^^^^^^^^^^^^^^^^^^^^^^^^^^^^^^^^^^^^^^^^^^^^^^^^^^^^
   |
   = help: for further information visit https://rust-lang.github.io/rust-clippy/master/index.html#type_complexity

warning: very complex type used. Consider factoring parts into `type` definitions
   --> crates/perry-codegen-wasm/src/emit/compile.rs:557:32
    |
557 |           let mut closure_funcs: Vec<(
    |  ________________________________^
558 | |             FuncId,
559 | |             Vec<Param>,
560 | |             Vec<Stmt>,
...   |
563 | |             usize,
564 | |         )> = Vec::new();
    | |__________^
    |
    = help: for further information visit https://rust-lang.github.io/rust-clippy/master/index.html#type_complexity

warning: very complex type used. Consider factoring parts into `type` definitions
   --> crates/perry-codegen-wasm/src/emit/compile.rs:566:38
    |
566 |               let mut module_closures: Vec<(
    |  ______________________________________^
567 | |                 FuncId,
568 | |                 Vec<Param>,
569 | |                 Vec<Stmt>,
570 | |                 Vec<LocalId>,
571 | |                 Vec<LocalId>,
572 | |             )> = Vec::new();
    | |______________^
    |
    = help: for further information visit https://rust-lang.github.io/rust-clippy/master/index.html#type_complexity

warning: this `if` has identical blocks
   --> crates/perry-codegen-wasm/src/emit/compile.rs:829:62
    |
829 |                   let results = if body.iter().any(has_return) {
    |  ______________________________________________________________^
830 | |                     vec![ValType::I64]
831 | |                 } else {
    | |_________________^
    |
note: same as this
   --> crates/perry-codegen-wasm/src/emit/compile.rs:831:24
    |
831 |                   } else {
    |  ________________________^
832 | |                     vec![ValType::I64] // closures always return i64
833 | |                 };
    | |_________________^
    = help: for further information visit https://rust-lang.github.io/rust-clippy/master/index.html#if_same_then_else
    = note: `#[warn(clippy::if_same_then_else)]` on by default

warning: this `if` can be collapsed into the outer `match`
   --> crates/perry-codegen-wasm/src/emit/locals.rs:186:17
    |
186 | /                 if exported == name {
187 | |                     return true;
188 | |                 }
    | |_________________^
    |
    = help: for further information visit https://rust-lang.github.io/rust-clippy/master/index.html#collapsible_match
help: collapse nested if block
    |
185 ~             | perry_hir::ir::Export::ReExport { exported, .. }
186 ~                 if exported == name => {
187 |                     return true;
188 ~                 }
    |

warning: this `if let` can be collapsed into the outer `match`
   --> crates/perry-codegen-wasm/src/emit/string_collection.rs:892:17
    |
892 | /                 if let Some(m) = msg {
893 | |                     self.collect_strings_in_expr(m);
894 | |                 }
    | |_________________^
    |
help: the outer pattern can be modified to include the inner pattern
   --> crates/perry-codegen-wasm/src/emit/string_collection.rs:891:28
    |
891 |             Expr::ErrorNew(msg) => {
    |                            ^^^ replace this binding
892 |                 if let Some(m) = msg {
    |                        ^^^^^^^ with this pattern
    = help: for further information visit https://rust-lang.github.io/rust-clippy/master/index.html#collapsible_match

warning: `perry-codegen-wasm` (lib) generated 10 warnings (run `cargo clippy --fix --lib -p perry-codegen-wasm -- ` to apply 2 suggestions)
    Checking rayon v1.12.0
    Checking dirs v6.0.0
    Checking perry-codegen-arkts v0.5.1532 (/dev/shm/perry-startup-27c598181/perry/crates/perry-codegen-arkts)
warning: empty line after doc comment
   --> crates/perry-codegen-arkts/src/widgets/structure.rs:126:1
    |
126 | / /// Wrap a widget body expression in a complete ArkUI `@Entry @Component
127 | | // ----- Phase 2 v12 widgets -----
128 | |
    | |_^
...
134 |   pub(crate) fn emit_tabs(
    |   ----------------------- the comment documents this function
    |
    = help: for further information visit https://rust-lang.github.io/rust-clippy/master/index.html#empty_line_after_doc_comments
    = note: `#[warn(clippy::empty_line_after_doc_comments)]` on by default
    = help: if the empty line is unintentional, remove it
help: if the doc comment should not document function `emit_tabs` then comment it out
    |
126 | // /// Wrap a widget body expression in a complete ArkUI `@Entry @Component
    | ++

warning: very complex type used. Consider factoring parts into `type` definitions
   --> crates/perry-codegen-arkts/src/inline.rs:356:15
    |
356 |     remap_fn: &dyn Fn(&mut Vec<Stmt>, &HashMap<u32, u32>),
    |               ^^^^^^^^^^^^^^^^^^^^^^^^^^^^^^^^^^^^^^^^^^^
    |
    = help: for further information visit https://rust-lang.github.io/rust-clippy/master/index.html#type_complexity
    = note: `#[warn(clippy::type_complexity)]` on by default

warning: writing `&mut Vec` instead of `&mut [_]` involves a new object where a slice will do
   --> crates/perry-codegen-arkts/src/inline.rs:534:45
    |
534 | pub(crate) fn remap_let_ids_in_stmts(stmts: &mut Vec<Stmt>, remap: &HashMap<u32, u32>) {
    |                                             ^^^^^^^^^^^^^^
    |
    = help: for further information visit https://rust-lang.github.io/rust-clippy/master/index.html#ptr_arg
    = note: `#[warn(clippy::ptr_arg)]` on by default
help: change this to
    |
534 - pub(crate) fn remap_let_ids_in_stmts(stmts: &mut Vec<Stmt>, remap: &HashMap<u32, u32>) {
534 + pub(crate) fn remap_let_ids_in_stmts(stmts: &mut [Stmt], remap: &HashMap<u32, u32>) {
    |

warning: writing `&mut Vec` instead of `&mut [_]` involves a new object where a slice will do
  --> crates/perry-codegen-arkts/src/set_hidden.rs:15:12
   |
15 |     stmts: &mut Vec<Stmt>,
   |            ^^^^^^^^^^^^^^
   |
   = help: for further information visit https://rust-lang.github.io/rust-clippy/master/index.html#ptr_arg
help: change this to
   |
15 -     stmts: &mut Vec<Stmt>,
15 +     stmts: &mut [Stmt],
   |

warning: writing `&mut Vec` instead of `&mut [_]` involves a new object where a slice will do
   --> crates/perry-codegen-arkts/src/set_hidden.rs:177:12
    |
177 |     stmts: &mut Vec<Stmt>,
    |            ^^^^^^^^^^^^^^
    |
    = help: for further information visit https://rust-lang.github.io/rust-clippy/master/index.html#ptr_arg
help: change this to
    |
177 -     stmts: &mut Vec<Stmt>,
177 +     stmts: &mut [Stmt],
    |

warning: writing `&mut Vec` instead of `&mut [_]` involves a new object where a slice will do
  --> crates/perry-codegen-arkts/src/state_rewrite.rs:11:12
   |
11 |     stmts: &mut Vec<Stmt>,
   |            ^^^^^^^^^^^^^^
   |
   = help: for further information visit https://rust-lang.github.io/rust-clippy/master/index.html#ptr_arg
help: change this to
   |
11 -     stmts: &mut Vec<Stmt>,
11 +     stmts: &mut [Stmt],
   |

warning: doc list item without indentation
  --> crates/perry-codegen-arkts/src/types.rs:80:5
   |
80 | /// `__tree_<n>_flatten()` method walks the graph using the expanded set
   |     ^
   |
   = help: if this is supposed to be its own paragraph, add a blank line
   = help: for further information visit https://rust-lang.github.io/rust-clippy/master/index.html#doc_lazy_continuation
   = note: `#[warn(clippy::doc_lazy_continuation)]` on by default
help: indent this line
   |
80 | ///   `__tree_<n>_flatten()` method walks the graph using the expanded set
   |     ++

warning: doc list item without indentation
  --> crates/perry-codegen-arkts/src/types.rs:81:5
   |
81 | /// and produces the visible rows ArkUI's `ForEach` iterates over.
   |     ^
   |
   = help: if this is supposed to be its own paragraph, add a blank line
   = help: for further information visit https://rust-lang.github.io/rust-clippy/master/index.html#doc_lazy_continuation
help: indent this line
   |
81 | ///   and produces the visible rows ArkUI's `ForEach` iterates over.
   |     ++

warning: doc list item without indentation
   --> crates/perry-codegen-arkts/src/types.rs:121:5
    |
121 | /// using the synth id; `x.set(v)` calls inside closures get rewritten to
    |     ^
    |
    = help: if this is supposed to be its own paragraph, add a blank line
    = help: for further information visit https://rust-lang.github.io/rust-clippy/master/index.html#doc_lazy_continuation
help: indent this line
    |
121 | ///   using the synth id; `x.set(v)` calls inside closures get rewritten to
    |     ++

warning: doc list item without indentation
   --> crates/perry-codegen-arkts/src/types.rs:122:5
    |
122 | /// `setText(synth_id, v)` calls (the runtime's `perry_arkts_set_text`
    |     ^
    |
    = help: if this is supposed to be its own paragraph, add a blank line
    = help: for further information visit https://rust-lang.github.io/rust-clippy/master/index.html#doc_lazy_continuation
help: indent this line
    |
122 | ///   `setText(synth_id, v)` calls (the runtime's `perry_arkts_set_text`
    |     ++

warning: doc list item without indentation
   --> crates/perry-codegen-arkts/src/types.rs:123:5
    |
123 | /// already coerces non-string args via `js_jsvalue_to_string`).
    |     ^
    |
    = help: if this is supposed to be its own paragraph, add a blank line
    = help: for further information visit https://rust-lang.github.io/rust-clippy/master/index.html#doc_lazy_continuation
help: indent this line
    |
123 | ///   already coerces non-string args via `js_jsvalue_to_string`).
    |     ++

warning: doc list item without indentation
   --> crates/perry-codegen-arkts/src/types.rs:237:5
    |
237 | /// its target widget local; `emit_widget` then merges them into the
    |     ^
    |
    = help: if this is supposed to be its own paragraph, add a blank line
    = help: for further information visit https://rust-lang.github.io/rust-clippy/master/index.html#doc_lazy_continuation
help: indent this line
    |
237 | ///   its target widget local; `emit_widget` then merges them into the
    |     ++

warning: doc list item without indentation
   --> crates/perry-codegen-arkts/src/types.rs:238:5
    |
238 | /// emitted widget body / modifier chain.
    |     ^
    |
    = help: if this is supposed to be its own paragraph, add a blank line
    = help: for further information visit https://rust-lang.github.io/rust-clippy/master/index.html#doc_lazy_continuation
help: indent this line
    |
238 | ///   emitted widget body / modifier chain.
    |     ++

warning: doc list item without indentation
   --> crates/perry-codegen-arkts/src/util.rs:313:5
    |
313 | /// `invokeCallback` itself is emitted by the caller because it varies
    |     ^
    |
    = help: if this is supposed to be its own paragraph, add a blank line
    = help: for further information visit https://rust-lang.github.io/rust-clippy/master/index.html#doc_lazy_continuation
help: indent this line
    |
313 | ///      `invokeCallback` itself is emitted by the caller because it varies
    |     +++++

warning: doc list item without indentation
   --> crates/perry-codegen-arkts/src/util.rs:314:5
    |
314 | /// (callN with N-arg widgets, plus ArkUI's per-widget onChange shape).
    |     ^
    |
    = help: if this is supposed to be its own paragraph, add a blank line
    = help: for further information visit https://rust-lang.github.io/rust-clippy/master/index.html#doc_lazy_continuation
help: indent this line
    |
314 | ///      (callN with N-arg widgets, plus ArkUI's per-widget onChange shape).
    |     +++++

warning: writing `&mut Vec` instead of `&mut [_]` involves a new object where a slice will do
   --> crates/perry-codegen-arkts/src/view_builders.rs:236:12
    |
236 |     stmts: &mut Vec<Stmt>,
    |            ^^^^^^^^^^^^^^
    |
    = help: for further information visit https://rust-lang.github.io/rust-clippy/master/index.html#ptr_arg
help: change this to
    |
236 -     stmts: &mut Vec<Stmt>,
236 +     stmts: &mut [Stmt],
    |

warning: doc list item without indentation
  --> crates/perry-codegen-arkts/src/widget_walks.rs:18:5
   |
18 | /// the outer scope, but when it encounters an `Expr::Closure`, switches
   |     ^
   |
   = help: if this is supposed to be its own paragraph, add a blank line
   = help: for further information visit https://rust-lang.github.io/rust-clippy/master/index.html#doc_lazy_continuation
help: indent this line
   |
18 | ///   the outer scope, but when it encounters an `Expr::Closure`, switches
   |     ++

warning: doc list item without indentation
  --> crates/perry-codegen-arkts/src/widget_walks.rs:19:5
   |
19 | /// to the unrestricted target-recording walker for the closure body. This
   |     ^
   |
   = help: if this is supposed to be its own paragraph, add a blank line
   = help: for further information visit https://rust-lang.github.io/rust-clippy/master/index.html#doc_lazy_continuation
help: indent this line
   |
19 | ///   to the unrestricted target-recording walker for the closure body. This
   |     ++

warning: doc list item without indentation
  --> crates/perry-codegen-arkts/src/widget_walks.rs:20:5
   |
20 | /// is what makes "module-init top-level widgetSetHidden stays static" work
   |     ^
   |
   = help: if this is supposed to be its own paragraph, add a blank line
   = help: for further information visit https://rust-lang.github.io/rust-clippy/master/index.html#doc_lazy_continuation
help: indent this line
   |
20 | ///   is what makes "module-init top-level widgetSetHidden stays static" work
   |     ++

warning: doc list item without indentation
  --> crates/perry-codegen-arkts/src/widget_walks.rs:21:5
   |
21 | /// while "widgetSetHidden inside an onClick closure earns a binding"
   |     ^
   |
   = help: if this is supposed to be its own paragraph, add a blank line
   = help: for further information visit https://rust-lang.github.io/rust-clippy/master/index.html#doc_lazy_continuation
help: indent this line
   |
21 | ///   while "widgetSetHidden inside an onClick closure earns a binding"
   |     ++

warning: doc list item without indentation
  --> crates/perry-codegen-arkts/src/widget_walks.rs:22:5
   |
22 | /// also work — same module, different scope.
   |     ^
   |
   = help: if this is supposed to be its own paragraph, add a blank line
   = help: for further information visit https://rust-lang.github.io/rust-clippy/master/index.html#doc_lazy_continuation
help: indent this line
   |
22 | ///   also work — same module, different scope.
   |     ++

warning: this `if let` can be collapsed into the outer `if let`
   --> crates/perry-codegen-arkts/src/widget_walks.rs:430:13
    |
430 | /             if let Expr::Call { callee, .. } = e {
431 | |                 if let Expr::FuncRef(id) = callee.as_ref() {
432 | |                     out.insert(*id);
433 | |                 }
434 | |             }
    | |_____________^
    |
help: the outer pattern can be modified to include the inner pattern
   --> crates/perry-codegen-arkts/src/widget_walks.rs:429:27
    |
429 |         if let Stmt::Expr(e) = stmt {
    |                           ^ replace this binding
430 |             if let Expr::Call { callee, .. } = e {
    |                    ^^^^^^^^^^^^^^^^^^^^^^^^^ with this pattern
    = help: for further information visit https://rust-lang.github.io/rust-clippy/master/index.html#collapsible_match
    = note: `#[warn(clippy::collapsible_match)]` on by default

warning: doc list item without indentation
  --> crates/perry-codegen-arkts/src/widgets/chart.rs:23:5
   |
23 | /// padding/colors copied 1:1 so the harmonyos rendering matches the
   |     ^
   |
   = help: if this is supposed to be its own paragraph, add a blank line
   = help: for further information visit https://rust-lang.github.io/rust-clippy/master/index.html#doc_lazy_continuation
help: indent this line
   |
23 | ///   padding/colors copied 1:1 so the harmonyos rendering matches the
   |     ++

warning: doc list item without indentation
  --> crates/perry-codegen-arkts/src/widgets/chart.rs:24:5
   |
24 | /// other platforms.
   |     ^
   |
   = help: if this is supposed to be its own paragraph, add a blank line
   = help: for further information visit https://rust-lang.github.io/rust-clippy/master/index.html#doc_lazy_continuation
help: indent this line
   |
24 | ///   other platforms.
   |     ++

warning: this pattern is unneeded as the `..` pattern can match that element
   --> crates/perry-codegen/src/collectors/hot_callees.rs:713:9
    |
713 | /         params: _,
714 | |         ..
    | |________^ help: remove it
    |
    = help: for further information visit https://rust-lang.github.io/rust-clippy/master/index.html#unneeded_wildcard_pattern
    = note: `#[warn(clippy::unneeded_wildcard_pattern)]` on by default

warning: useless use of `format!`
  --> crates/perry-codegen-arkts/src/widgets/stack.rs:79:25
   |
79 |           Some(_) => vec![format!(
   |  _________________________^
80 | |             "// children arg wasn't an array literal — Phase 2 v1.5 limitation\n\
81 | |              Text('[non-array children]').fontSize(16).fontColor('#888888')"
82 | |         )],
   | |_________^
   |
   = help: for further information visit https://rust-lang.github.io/rust-clippy/master/index.html#useless_format
   = note: `#[warn(clippy::useless_format)]` on by default
help: consider using `.to_string()`
   |
79 ~         Some(_) => vec!["// children arg wasn't an array literal — Phase 2 v1.5 limitation\n\
80 ~              Text('[non-array children]').fontSize(16).fontColor('#888888')".to_string()],
   |

warning: doc list item without indentation
   --> crates/perry-codegen-arkts/src/widgets/structure.rs:253:5
    |
253 | /// in any container they want. Real `.bindMenu()` modifier integration is
    |     ^
    |
    = help: if this is supposed to be its own paragraph, add a blank line
    = help: for further information visit https://rust-lang.github.io/rust-clippy/master/index.html#doc_lazy_continuation
help: indent this line
    |
253 | ///   in any container they want. Real `.bindMenu()` modifier integration is
    |     ++

warning: doc list item without indentation
   --> crates/perry-codegen-arkts/src/widgets/structure.rs:254:5
    |
254 | /// v12.5.
    |     ^
    |
    = help: if this is supposed to be its own paragraph, add a blank line
    = help: for further information visit https://rust-lang.github.io/rust-clippy/master/index.html#doc_lazy_continuation
help: indent this line
    |
254 | ///   v12.5.
    |     ++

warning: empty lines after doc comment
   --> crates/perry-codegen/src/expr/index_get/foreign_counter.rs:105:1
    |
105 | / /// own counter path; this is `a[i * size + k]`.
106 | |
107 | | /// Conservative magnitude bound of an affine index tree, with every leaf at
108 | | /// its i32 extreme. `None` means a node outside the affine grammar.
...   |
119 | | /// to the generic path.
120 | |
    | |_^
...
127 |   pub(crate) fn affine_counter_occurrences(index: &Expr, counter_id: u32) -> u32 {
    |   ---------------------------------------- the comment documents this function
    |
    = help: for further information visit https://rust-lang.github.io/rust-clippy/master/index.html#empty_line_after_doc_comments
    = note: `#[warn(clippy::empty_line_after_doc_comments)]` on by default
    = help: if the empty lines are unintentional, remove them
help: if the documentation should include the empty lines include them in the comment
    |
106 + ///
107 | /// Conservative magnitude bound of an affine index tree, with every leaf at
...
119 | /// to the generic path.
120 + ///
    |

warning: `perry-codegen-arkts` (lib) generated 27 warnings (run `cargo clippy --fix --lib -p perry-codegen-arkts -- ` to apply 1 suggestion)
    Checking perry-transform v0.5.1532 (/dev/shm/perry-startup-27c598181/perry/crates/perry-transform)
warning: empty line after doc comment
   --> crates/perry-codegen/src/lower_call/new_ctor_args.rs:351:1
    |
351 | / /// `codegen/artifacts.rs`, so callers pass the right number of args.
352 | |
    | |_^
...
360 |   pub(super) fn call_local_constructor_symbol(
    |   ------------------------------------------- the comment documents this function
    |
    = help: for further information visit https://rust-lang.github.io/rust-clippy/master/index.html#empty_line_after_doc_comments
    = help: if the empty line is unintentional, remove it
help: if the documentation should include the empty line include it in the comment
    |
352 | ///
    |

warning: empty line after doc comment
  --> crates/perry-codegen/src/lower_call/ui_tables.rs:39:1
   |
39 | / /// since the calling convention is identical.
40 | |
   | |_^
41 |   pub fn perry_system_table_lookup(method: &str) -> Option<&'static UiSig> {
   |   -------------------------------- the comment documents this function
   |
   = help: for further information visit https://rust-lang.github.io/rust-clippy/master/index.html#empty_line_after_doc_comments
   = help: if the empty line is unintentional, remove it

warning: empty line after doc comment
  --> crates/perry-codegen/src/lower_call/ui_tables.rs:78:1
   |
78 | / /// `Expr::I18nString` — there's no runtime call involved.
79 | |
   | |_^
80 |   pub fn perry_i18n_table_lookup(method: &str) -> Option<&'static UiSig> {
   |   ------------------------------ the comment documents this function
   |
   = help: for further information visit https://rust-lang.github.io/rust-clippy/master/index.html#empty_line_after_doc_comments
   = help: if the empty line is unintentional, remove it

    Checking perry-codegen-wear-tiles v0.5.1532 (/dev/shm/perry-startup-27c598181/perry/crates/perry-codegen-wear-tiles)
    Checking perry-codegen-swiftui v0.5.1532 (/dev/shm/perry-startup-27c598181/perry/crates/perry-codegen-swiftui)
    Checking perry-codegen-glance v0.5.1532 (/dev/shm/perry-startup-27c598181/perry/crates/perry-codegen-glance)
    Checking fslock v0.2.1
    Checking dotenvy v0.15.7
warning: this `if` can be collapsed into the outer `match`
   --> crates/perry-transform/src/aggregate_scalar.rs:682:17
    |
682 | /                 if cases.iter().any(|case| {
683 | |                     !merge_nested_breaks_follow_assignment(&case.body, record_id, admitted_shapes)
684 | |                 }) {
685 | |                     return false;
686 | |                 }
    | |_________________^
    |
    = help: for further information visit https://rust-lang.github.io/rust-clippy/master/index.html#collapsible_match
    = note: `#[warn(clippy::collapsible_match)]` on by default
help: collapse nested if block
    |
681 ~             Stmt::Switch { cases, .. }
682 |                 if cases.iter().any(|case| {
683 |                     !merge_nested_breaks_follow_assignment(&case.body, record_id, admitted_shapes)
684 ~                 }) => {
685 |                     return false;
686 ~                 }
    |

warning: this `if` can be collapsed into the outer `match`
   --> crates/perry-transform/src/aggregate_scalar.rs:954:17
    |
954 | /                 if !return_record_stmts_are_safe(
955 | |                     std::slice::from_ref(body.as_ref()),
956 | |                     record_id,
957 | |                     admitted_shapes,
...   |
962 | |                     return false;
963 | |                 }
    | |_________________^
    |
    = help: for further information visit https://rust-lang.github.io/rust-clippy/master/index.html#collapsible_match
help: collapse nested if block
    |
953 ~             Stmt::Labeled { body, .. }
954 |                 if !return_record_stmts_are_safe(
...
960 |                     allow_reads,
961 ~                 ) => {
962 |                     return false;
963 ~                 }
    |

warning: this `if let` can be collapsed into the outer `match`
    --> crates/perry-transform/src/aggregate_scalar.rs:1020:17
     |
1020 | /                 if let Some(expr) = init {
1021 | |                     rewrite_return_record_expr(expr, record_id, field_locals);
1022 | |                 }
     | |_________________^
     |
help: the outer pattern can be modified to include the inner pattern
    --> crates/perry-transform/src/aggregate_scalar.rs:1019:25
     |
1019 |             Stmt::Let { init, .. } => {
     |                         ^^^^ replace this binding
1020 |                 if let Some(expr) = init {
     |                        ^^^^^^^^^^ with this pattern, prefixed by `init: `
     = help: for further information visit https://rust-lang.github.io/rust-clippy/master/index.html#collapsible_match

warning: redundant closure
   --> crates/perry-transform/src/async_to_generator.rs:609:62
    |
609 |             let cond_awaits = condition.as_ref().is_some_and(|c| expr_contains_await(c));
    |                                                              ^^^^^^^^^^^^^^^^^^^^^^^^^^ help: replace the closure with the function itself: `expr_contains_await`
    |
    = help: for further information visit https://rust-lang.github.io/rust-clippy/master/index.html#redundant_closure
    = note: `#[warn(clippy::redundant_closure)]` on by default

warning: redundant closure
   --> crates/perry-transform/src/async_to_generator.rs:610:58
    |
610 |             let upd_awaits = update.as_ref().is_some_and(|u| expr_contains_await(u));
    |                                                          ^^^^^^^^^^^^^^^^^^^^^^^^^^ help: replace the closure with the function itself: `expr_contains_await`
    |
    = help: for further information visit https://rust-lang.github.io/rust-clippy/master/index.html#redundant_closure

warning: this `if let` can be collapsed into the outer `match`
   --> crates/perry-transform/src/deforest/detect.rs:471:13
    |
471 | /             if let Some(e) = init {
472 | |                 flag_producer_calls_in_expr(e, candidates, out);
473 | |             }
    | |_____________^
    |
help: the outer pattern can be modified to include the inner pattern
   --> crates/perry-transform/src/deforest/detect.rs:470:21
    |
470 |         Stmt::Let { init, .. } => {
    |                     ^^^^ replace this binding
471 |             if let Some(e) = init {
    |                    ^^^^^^^ with this pattern, prefixed by `init: `
    = help: for further information visit https://rust-lang.github.io/rust-clippy/master/index.html#collapsible_match

warning: this `if let` can be collapsed into the outer `match`
   --> crates/perry-transform/src/deforest/detect.rs:477:13
    |
477 | /             if let Some(e) = opt {
478 | |                 flag_producer_calls_in_expr(e, candidates, out);
479 | |             }
    | |_____________^
    |
help: the outer pattern can be modified to include the inner pattern
   --> crates/perry-transform/src/deforest/detect.rs:476:22
    |
476 |         Stmt::Return(opt) => {
    |                      ^^^ replace this binding
477 |             if let Some(e) = opt {
    |                    ^^^^^^^ with this pattern
    = help: for further information visit https://rust-lang.github.io/rust-clippy/master/index.html#collapsible_match

warning: this `if let` can be collapsed into the outer `match`
  --> crates/perry-transform/src/deforest/out_usage.rs:28:17
   |
28 | /                 if let Some(e) = init {
29 | |                     self.visit_expr(e);
30 | |                 }
   | |_________________^
   |
help: the outer pattern can be modified to include the inner pattern
  --> crates/perry-transform/src/deforest/out_usage.rs:27:25
   |
27 |             Stmt::Let { init, .. } => {
   |                         ^^^^ replace this binding
28 |                 if let Some(e) = init {
   |                        ^^^^^^^ with this pattern, prefixed by `init: `
   = help: for further information visit https://rust-lang.github.io/rust-clippy/master/index.html#collapsible_match

warning: this `if let` can be collapsed into the outer `match`
  --> crates/perry-transform/src/deforest/out_usage.rs:34:17
   |
34 | /                 if let Some(e) = opt {
35 | |                     self.visit_expr(e);
36 | |                 }
   | |_________________^
   |
help: the outer pattern can be modified to include the inner pattern
  --> crates/perry-transform/src/deforest/out_usage.rs:33:26
   |
33 |             Stmt::Return(opt) => {
   |                          ^^^ replace this binding
34 |                 if let Some(e) = opt {
   |                        ^^^^^^^ with this pattern
   = help: for further information visit https://rust-lang.github.io/rust-clippy/master/index.html#collapsible_match

warning: this `if let` can be collapsed into the outer `match`
  --> crates/perry-transform/src/deforest/producer_rewrite.rs:97:17
   |
97 | /                 if let Some(e) = init {
98 | |                     self.visit_expr(e);
99 | |                 }
   | |_________________^
   |
help: the outer pattern can be modified to include the inner pattern
  --> crates/perry-transform/src/deforest/producer_rewrite.rs:96:25
   |
96 |             Stmt::Let { init, .. } => {
   |                         ^^^^ replace this binding
97 |                 if let Some(e) = init {
   |                        ^^^^^^^ with this pattern, prefixed by `init: `
   = help: for further information visit https://rust-lang.github.io/rust-clippy/master/index.html#collapsible_match

warning: this `if let` can be collapsed into the outer `match`
   --> crates/perry-transform/src/deforest/producer_rewrite.rs:103:17
    |
103 | /                 if let Some(e) = opt {
104 | |                     self.visit_expr(e);
105 | |                 }
    | |_________________^
    |
help: the outer pattern can be modified to include the inner pattern
   --> crates/perry-transform/src/deforest/producer_rewrite.rs:102:26
    |
102 |             Stmt::Return(opt) => {
    |                          ^^^ replace this binding
103 |                 if let Some(e) = opt {
    |                        ^^^^^^^ with this pattern
    = help: for further information visit https://rust-lang.github.io/rust-clippy/master/index.html#collapsible_match

warning: this `if let` can be collapsed into the outer `match`
  --> crates/perry-transform/src/deforest/scan.rs:34:13
   |
34 | /             if let Some(e) = init {
35 | |                 // Allowed shape: top-level Call { callee: FuncRef(prod) }
36 | |                 if let Expr::Call { callee, args, .. } = e {
37 | |                     if matches!(callee.as_ref(), Expr::FuncRef(id) if candidates.contains_key(id)) {
...  |
47 | |                 scan_expr_call_sites(e, candidates, out);
48 | |             }
   | |_____________^
   |
help: the outer pattern can be modified to include the inner pattern
  --> crates/perry-transform/src/deforest/scan.rs:33:21
   |
33 |         Stmt::Let { init, .. } => {
   |                     ^^^^ replace this binding
34 |             if let Some(e) = init {
   |                    ^^^^^^^ with this pattern, prefixed by `init: `
   = help: for further information visit https://rust-lang.github.io/rust-clippy/master/index.html#collapsible_match

warning: this `if let` can be collapsed into the outer `match`
  --> crates/perry-transform/src/deforest/scan.rs:64:13
   |
64 | /             if let Some(e) = opt {
65 | |                 scan_expr_call_sites(e, candidates, out);
66 | |             }
   | |_____________^
   |
help: the outer pattern can be modified to include the inner pattern
  --> crates/perry-transform/src/deforest/scan.rs:63:22
   |
63 |         Stmt::Return(opt) => {
   |                      ^^^ replace this binding
64 |             if let Some(e) = opt {
   |                    ^^^^^^^ with this pattern
   = help: for further information visit https://rust-lang.github.io/rust-clippy/master/index.html#collapsible_match

warning: this `if let` can be collapsed into the outer `match`
   --> crates/perry-transform/src/deforest/scan.rs:478:13
    |
478 | /             if let Some(e) = init {
479 | |                 scan_expr_funcrefs(e, candidates, out);
480 | |             }
    | |_____________^
    |
help: the outer pattern can be modified to include the inner pattern
   --> crates/perry-transform/src/deforest/scan.rs:477:21
    |
477 |         Stmt::Let { init, .. } => {
    |                     ^^^^ replace this binding
478 |             if let Some(e) = init {
    |                    ^^^^^^^ with this pattern, prefixed by `init: `
    = help: for further information visit https://rust-lang.github.io/rust-clippy/master/index.html#collapsible_match

warning: this `if let` can be collapsed into the outer `match`
   --> crates/perry-transform/src/deforest/scan.rs:484:13
    |
484 | /             if let Some(e) = opt {
485 | |                 scan_expr_funcrefs(e, candidates, out);
486 | |             }
    | |_____________^
    |
help: the outer pattern can be modified to include the inner pattern
   --> crates/perry-transform/src/deforest/scan.rs:483:22
    |
483 |         Stmt::Return(opt) => {
    |                      ^^^ replace this binding
484 |             if let Some(e) = opt {
    |                    ^^^^^^^ with this pattern
    = help: for further information visit https://rust-lang.github.io/rust-clippy/master/index.html#collapsible_match

warning: this `if let` can be collapsed into the outer `match`
   --> crates/perry-transform/src/deforest/walk.rs:103:13
    |
103 | /             if let Some(e) = opt {
104 | |                 max_in_expr(e, max_id);
105 | |             }
    | |_____________^
    |
help: the outer pattern can be modified to include the inner pattern
   --> crates/perry-transform/src/deforest/walk.rs:102:22
    |
102 |         Stmt::Return(opt) => {
    |                      ^^^ replace this binding
103 |             if let Some(e) = opt {
    |                    ^^^^^^^ with this pattern
    = help: for further information visit https://rust-lang.github.io/rust-clippy/master/index.html#collapsible_match

warning: this `if let` can be collapsed into the outer `match`
   --> crates/perry-transform/src/deforest/walk.rs:220:17
    |
220 | /                 if let Some(e) = init {
221 | |                     self.visit_expr(e);
222 | |                 }
    | |_________________^
    |
help: the outer pattern can be modified to include the inner pattern
   --> crates/perry-transform/src/deforest/walk.rs:219:25
    |
219 |             Stmt::Let { init, .. } => {
    |                         ^^^^ replace this binding
220 |                 if let Some(e) = init {
    |                        ^^^^^^^ with this pattern, prefixed by `init: `
    = help: for further information visit https://rust-lang.github.io/rust-clippy/master/index.html#collapsible_match

warning: this `if let` can be collapsed into the outer `match`
   --> crates/perry-transform/src/deforest/walk.rs:226:17
    |
226 | /                 if let Some(e) = opt {
227 | |                     self.visit_expr(e);
228 | |                 }
    | |_________________^
    |
help: the outer pattern can be modified to include the inner pattern
   --> crates/perry-transform/src/deforest/walk.rs:225:26
    |
225 |             Stmt::Return(opt) => {
    |                          ^^^ replace this binding
226 |                 if let Some(e) = opt {
    |                        ^^^^^^^ with this pattern
    = help: for further information visit https://rust-lang.github.io/rust-clippy/master/index.html#collapsible_match

warning: writing `&mut Vec` instead of `&mut [_]` involves a new object where a slice will do
   --> crates/perry-transform/src/generator/helpers.rs:120:39
    |
120 | pub fn wrap_returns_in_promise(stmts: &mut Vec<Stmt>) {
    |                                       ^^^^^^^^^^^^^^
    |
    = help: for further information visit https://rust-lang.github.io/rust-clippy/master/index.html#ptr_arg
    = note: `#[warn(clippy::ptr_arg)]` on by default
help: change this to
    |
120 - pub fn wrap_returns_in_promise(stmts: &mut Vec<Stmt>) {
120 + pub fn wrap_returns_in_promise(stmts: &mut [Stmt]) {
    |

warning: this `if let` can be collapsed into the outer `match`
   --> crates/perry-transform/src/generator/id_scan.rs:177:13
    |
177 | /             if let Some(e) = e {
178 | |                 scan_expr_for_max_local(e, max_id);
179 | |             }
    | |_____________^
    |
help: the outer pattern can be modified to include the inner pattern
   --> crates/perry-transform/src/generator/id_scan.rs:176:22
    |
176 |         Stmt::Return(e) => {
    |                      ^ replace this binding
177 |             if let Some(e) = e {
    |                    ^^^^^^^ with this pattern
    = help: for further information visit https://rust-lang.github.io/rust-clippy/master/index.html#collapsible_match

warning: this function has too many arguments (9/7)
   --> crates/perry-transform/src/generator/linearize.rs:417:1
    |
417 | / pub fn linearize_body(
418 | |     stmts: &[Stmt],
419 | |     states: &mut Vec<State>,
420 | |     current: &mut Vec<Stmt>,
...   |
426 | |     finallys: &mut Vec<FinallyRoute>,
427 | | ) {
    | |_^
    |
    = help: for further information visit https://rust-lang.github.io/rust-clippy/master/index.html#too_many_arguments
    = note: `#[warn(clippy::too_many_arguments)]` on by default

warning: writing `&mut Vec` instead of `&mut [_]` involves a new object where a slice will do
   --> crates/perry-transform/src/generator/lower/abrupt.rs:401:59
    |
401 | pub(crate) fn rewrite_dispatch_continue_to_suspend(stmts: &mut Vec<Stmt>) {
    |                                                           ^^^^^^^^^^^^^^
    |
    = help: for further information visit https://rust-lang.github.io/rust-clippy/master/index.html#ptr_arg
help: change this to
    |
401 - pub(crate) fn rewrite_dispatch_continue_to_suspend(stmts: &mut Vec<Stmt>) {
401 + pub(crate) fn rewrite_dispatch_continue_to_suspend(stmts: &mut [Stmt]) {
    |

warning: this function has too many arguments (8/7)
   --> crates/perry-transform/src/generator/lower/abrupt.rs:437:1
    |
437 | / pub(crate) fn build_async_catch_route_body(
438 | |     route: &CatchRoute,
439 | |     finallys: &[FinallyRoute],
440 | |     state_id: LocalId,
...   |
449 | |     fall_through: bool,
450 | | ) -> Vec<Stmt> {
    | |______________^
    |
    = help: for further information visit https://rust-lang.github.io/rust-clippy/master/index.html#too_many_arguments

warning: this function has too many arguments (14/7)
   --> crates/perry-transform/src/generator/lower/async_step.rs:111:1
    |
111 | / pub fn build_async_step_driver_direct(
112 | |     next_body: Vec<Stmt>,
113 | |     next_param_id: LocalId,
114 | |     next_captures: Vec<LocalId>,
...   |
128 | |     release_ids: &[LocalId],
129 | | ) -> Vec<Stmt> {
    | |______________^
    |
    = help: for further information visit https://rust-lang.github.io/rust-clippy/master/index.html#too_many_arguments

warning: writing `&mut Vec` instead of `&mut [_]` involves a new object where a slice will do
   --> crates/perry-transform/src/generator/lower.rs:184:55
    |
184 | fn wrap_iter_result_returns_in_async_step_done(stmts: &mut Vec<Stmt>) {
    |                                                       ^^^^^^^^^^^^^^
    |
    = help: for further information visit https://rust-lang.github.io/rust-clippy/master/index.html#ptr_arg
help: change this to
    |
184 - fn wrap_iter_result_returns_in_async_step_done(stmts: &mut Vec<Stmt>) {
184 + fn wrap_iter_result_returns_in_async_step_done(stmts: &mut [Stmt]) {
    |

warning: this function has too many arguments (8/7)
   --> crates/perry-transform/src/generator/lower.rs:263:1
    |
263 | / pub fn transform_generator_function_with_extra_captures(
264 | |     func: &mut Function,
265 | |     next_local_id: &mut u32,
266 | |     next_func_id: &mut u32,
...   |
271 | |     enclosing_class: Option<String>,
272 | | ) {
    | |_^
    |
    = help: for further information visit https://rust-lang.github.io/rust-clippy/master/index.html#too_many_arguments

warning: this `if let` can be collapsed into the outer `match`
   --> crates/perry-transform/src/generator/per_iteration.rs:301:13
    |
301 | /             if let Some(e) = init {
302 | |                 f(e);
303 | |             }
    | |_____________^
    |
help: the outer pattern can be modified to include the inner pattern
   --> crates/perry-transform/src/generator/per_iteration.rs:300:21
    |
300 |         Stmt::Let { init, .. } => {
    |                     ^^^^ replace this binding
301 |             if let Some(e) = init {
    |                    ^^^^^^^ with this pattern, prefixed by `init: `
    = help: for further information visit https://rust-lang.github.io/rust-clippy/master/index.html#collapsible_match

warning: this `if let` can be collapsed into the outer `match`
   --> crates/perry-transform/src/generator/per_iteration.rs:307:13
    |
307 | /             if let Some(e) = opt {
308 | |                 f(e);
309 | |             }
    | |_____________^
    |
help: the outer pattern can be modified to include the inner pattern
   --> crates/perry-transform/src/generator/per_iteration.rs:306:22
    |
306 |         Stmt::Return(opt) => {
    |                      ^^^ replace this binding
307 |             if let Some(e) = opt {
    |                    ^^^^^^^ with this pattern
    = help: for further information visit https://rust-lang.github.io/rust-clippy/master/index.html#collapsible_match

warning: draining all elements of a collection into a new collection of the same type
   --> crates/perry-transform/src/generator/per_iteration.rs:524:28
    |
524 |     let taken: Vec<Stmt> = stmts.drain(..).collect();
    |                            ^^^^^^^^^^^^^^^^^^^^^^^^^ help: use `mem::take` to avoid creating a new allocation: `std::mem::take(stmts)`
    |
    = help: for further information visit https://rust-lang.github.io/rust-clippy/master/index.html#drain_collect
    = note: `#[warn(clippy::drain_collect)]` on by default

warning: this `if let` can be collapsed into the outer `match`
   --> crates/perry-transform/src/generator/per_iteration.rs:675:13
    |
675 | /             if let Some(e) = init {
676 | |                 f(e);
677 | |             }
    | |_____________^
    |
help: the outer pattern can be modified to include the inner pattern
   --> crates/perry-transform/src/generator/per_iteration.rs:674:21
    |
674 |         Stmt::Let { init, .. } => {
    |                     ^^^^ replace this binding
675 |             if let Some(e) = init {
    |                    ^^^^^^^ with this pattern, prefixed by `init: `
    = help: for further information visit https://rust-lang.github.io/rust-clippy/master/index.html#collapsible_match

warning: this `if let` can be collapsed into the outer `match`
   --> crates/perry-transform/src/generator/per_iteration.rs:681:13
    |
681 | /             if let Some(e) = opt {
682 | |                 f(e);
683 | |             }
    | |_____________^
    |
help: the outer pattern can be modified to include the inner pattern
   --> crates/perry-transform/src/generator/per_iteration.rs:680:22
    |
680 |         Stmt::Return(opt) => {
    |                      ^^^ replace this binding
681 |             if let Some(e) = opt {
    |                    ^^^^^^^ with this pattern
    = help: for further information visit https://rust-lang.github.io/rust-clippy/master/index.html#collapsible_match

warning: this `if let` can be collapsed into the outer `match`
   --> crates/perry-transform/src/generator/per_iteration.rs:882:13
    |
882 | /             if let WithSetFallback::Local(id) | WithSetFallback::SloppyImplicit(id) = fallback {
883 | |                 out.insert(*id);
884 | |             }
    | |_____________^
    |
help: the outer pattern can be modified to include the inner pattern
   --> crates/perry-transform/src/generator/per_iteration.rs:881:25
    |
881 |         Expr::WithSet { fallback, .. } => {
    |                         ^^^^^^^^ replace this binding
882 |             if let WithSetFallback::Local(id) | WithSetFallback::SloppyImplicit(id) = fallback {
    |                    ^^^^^^^^^^^^^^^^^^^^^^^^^^^^^^^^^^^^^^^^^^^^^^^^^^^^^^^^^^^^^^^^ with this pattern, prefixed by `fallback: `
    = help: for further information visit https://rust-lang.github.io/rust-clippy/master/index.html#collapsible_match

warning: writing `&mut Vec` instead of `&mut [_]` involves a new object where a slice will do
  --> crates/perry-transform/src/generator/rewrite_returns.rs:11:39
   |
11 | pub fn rewrite_returns_as_done(stmts: &mut Vec<Stmt>) {
   |                                       ^^^^^^^^^^^^^^
   |
   = help: for further information visit https://rust-lang.github.io/rust-clippy/master/index.html#ptr_arg
help: change this to
   |
11 - pub fn rewrite_returns_as_done(stmts: &mut Vec<Stmt>) {
11 + pub fn rewrite_returns_as_done(stmts: &mut [Stmt]) {
   |

warning: writing `&mut Vec` instead of `&mut [_]` involves a new object where a slice will do
   --> crates/perry-transform/src/generator/rewrite_returns.rs:213:47
    |
213 | pub fn rewrite_yield_to_await_in_stmts(stmts: &mut Vec<Stmt>) {
    |                                               ^^^^^^^^^^^^^^
    |
    = help: for further information visit https://rust-lang.github.io/rust-clippy/master/index.html#ptr_arg
help: change this to
    |
213 - pub fn rewrite_yield_to_await_in_stmts(stmts: &mut Vec<Stmt>) {
213 + pub fn rewrite_yield_to_await_in_stmts(stmts: &mut [Stmt]) {
    |

warning: writing `&mut Vec` instead of `&mut [_]` involves a new object where a slice will do
   --> crates/perry-transform/src/generator/rewrite_returns.rs:317:52
    |
317 | pub fn rewrite_catch_returns_to_iter_result(stmts: &mut Vec<Stmt>) {
    |                                                    ^^^^^^^^^^^^^^
    |
    = help: for further information visit https://rust-lang.github.io/rust-clippy/master/index.html#ptr_arg
help: change this to
    |
317 - pub fn rewrite_catch_returns_to_iter_result(stmts: &mut Vec<Stmt>) {
317 + pub fn rewrite_catch_returns_to_iter_result(stmts: &mut [Stmt]) {
    |

warning: writing `&mut Vec` instead of `&mut [_]` involves a new object where a slice will do
   --> crates/perry-transform/src/generator/rewrite_returns.rs:377:45
    |
377 | pub fn rewrite_iter_results_in_stmts(stmts: &mut Vec<Stmt>) {
    |                                             ^^^^^^^^^^^^^^
    |
    = help: for further information visit https://rust-lang.github.io/rust-clippy/master/index.html#ptr_arg
help: change this to
    |
377 - pub fn rewrite_iter_results_in_stmts(stmts: &mut Vec<Stmt>) {
377 + pub fn rewrite_iter_results_in_stmts(stmts: &mut [Stmt]) {
    |

warning: this function has too many arguments (10/7)
   --> crates/perry-transform/src/generator/mod.rs:452:1
    |
452 | / pub fn transform_plain_async_closure_body(
453 | |     body: Vec<Stmt>,
454 | |     params: &[perry_hir::Param],
455 | |     outer_captures: &[LocalId],
...   |
462 | |     next_func_id: &mut FuncId,
463 | | ) -> Vec<Stmt> {
    | |______________^
    |
    = help: for further information visit https://rust-lang.github.io/rust-clippy/master/index.html#too_many_arguments

warning: you seem to want to iterate on a map's values
  --> crates/perry-transform/src/i18n.rs:86:24
   |
86 |     for (_, module) in modules.iter() {
   |                        ^^^^^^^^^^^^^^
   |
   = help: for further information visit https://rust-lang.github.io/rust-clippy/master/index.html#for_kv_map
   = note: `#[warn(clippy::for_kv_map)]` on by default
help: use the corresponding method
   |
86 -     for (_, module) in modules.iter() {
86 +     for module in modules.values() {
   |

warning: you seem to want to iterate on a map's values
   --> crates/perry-transform/src/i18n.rs:210:24
    |
210 |     for (_, module) in modules.iter() {
    |                        ^^^^^^^^^^^^^^
    |
    = help: for further information visit https://rust-lang.github.io/rust-clippy/master/index.html#for_kv_map
help: use the corresponding method
    |
210 -     for (_, module) in modules.iter() {
210 +     for module in modules.values() {
    |

warning: you seem to want to iterate on a map's values
   --> crates/perry-transform/src/i18n.rs:221:24
    |
221 |     for (_, module) in modules.iter_mut() {
    |                        ^^^^^^^^^^^^^^^^^^
    |
    = help: for further information visit https://rust-lang.github.io/rust-clippy/master/index.html#for_kv_map
help: use the corresponding method
    |
221 -     for (_, module) in modules.iter_mut() {
221 +     for module in modules.values_mut() {
    |

warning: this `if` can be collapsed into the outer `match`
   --> crates/perry-transform/src/inline/call_inliner.rs:171:21
    |
171 | /                     if !inspect(std::slice::from_ref(body.as_ref()), saw_return) {
172 | |                         return false;
173 | |                     }
    | |_____________________^
    |
    = help: for further information visit https://rust-lang.github.io/rust-clippy/master/index.html#collapsible_match
help: collapse nested if block
    |
170 ~                 Stmt::Labeled { body, .. }
171 ~                     if !inspect(std::slice::from_ref(body.as_ref()), saw_return) => {
172 |                         return false;
173 ~                     }
    |

warning: this function has too many arguments (9/7)
   --> crates/perry-transform/src/inline/call_inliner.rs:340:1
    |
340 | / pub fn inline_calls_in_stmts(
341 | |     stmts: &mut Vec<Stmt>,
342 | |     func_candidates: &HashMap<FuncId, Function>,
343 | |     method_candidates: &HashMap<(String, String), MethodCandidate>,
...   |
349 | |     class_field_types: &HashMap<(String, String), String>,
350 | | ) {
    | |_^
    |
    = help: for further information visit https://rust-lang.github.io/rust-clippy/master/index.html#too_many_arguments

warning: calls to `push` immediately after creation
   --> crates/perry-transform/src/inline/call_inliner.rs:577:29
    |
577 | / ...                   let mut wrapped: Vec<Stmt> = Vec::with_capacity(2);
578 | | ...                   wrapped.push(Stmt::Let {
579 | | ...                       id: let_id,
580 | | ...                       name: let_name.clone(),
...   |
589 | | ...                       condition: Expr::Bool(false),
590 | | ...                   });
    | |_________________________^ help: consider using the `vec![]` macro: `let wrapped: Vec<Stmt> = vec![..];`
    |
    = help: for further information visit https://rust-lang.github.io/rust-clippy/master/index.html#vec_init_then_push
    = note: `#[warn(clippy::vec_init_then_push)]` on by default

warning: parameter is only used in recursion
   --> crates/perry-transform/src/inline/call_inliner.rs:344:5
    |
344 |     class_names: &HashMap<String, String>,
    |     ^^^^^^^^^^^ help: if this is intentional, prefix it with an underscore: `_class_names`
    |
note: parameter used here
   --> crates/perry-transform/src/inline/call_inliner.rs:675:21
    |
675 |                     class_names,
    |                     ^^^^^^^^^^^
...
688 |                         class_names,
    |                         ^^^^^^^^^^^
...
721 |                     class_names,
    |                     ^^^^^^^^^^^
...
738 |                     class_names,
    |                     ^^^^^^^^^^^
...
776 |                         class_names,
    |                         ^^^^^^^^^^^
...
844 |                     class_names,
    |                     ^^^^^^^^^^^
...
878 |                 class_names,
    |                 ^^^^^^^^^^^
    = help: for further information visit https://rust-lang.github.io/rust-clippy/master/index.html#only_used_in_recursion
    = note: `#[warn(clippy::only_used_in_recursion)]` on by default

warning: this function has too many arguments (8/7)
   --> crates/perry-transform/src/inline/call_inliner.rs:902:1
    |
902 | / pub fn inline_calls_in_expr(
903 | |     expr: &mut Expr,
904 | |     func_candidates: &HashMap<FuncId, Function>,
905 | |     method_candidates: &HashMap<(String, String), MethodCandidate>,
...   |
910 | |     class_field_types: &HashMap<(String, String), String>,
911 | | ) -> Vec<Stmt> {
    | |______________^
    |
    = help: for further information visit https://rust-lang.github.io/rust-clippy/master/index.html#too_many_arguments

warning: this function has too many arguments (8/7)
    --> crates/perry-transform/src/inline/call_inliner.rs:1648:1
     |
1648 | / pub fn try_inline_simple_call(
1649 | |     expr: &Expr,
1650 | |     func_candidates: &HashMap<FuncId, Function>,
1651 | |     method_candidates: &HashMap<(String, String), MethodCandidate>,
...    |
1656 | |     class_field_types: &HashMap<(String, String), String>,
1657 | | ) -> Option<(Vec<Stmt>, Expr)> {
     | |______________________________^
     |
     = help: for further information visit https://rust-lang.github.io/rust-clippy/master/index.html#too_many_arguments

warning: this function has too many arguments (8/7)
    --> crates/perry-transform/src/inline/call_inliner.rs:2092:1
     |
2092 | / pub fn try_inline_call(
2093 | |     expr: &Expr,
2094 | |     func_candidates: &HashMap<FuncId, Function>,
2095 | |     method_candidates: &HashMap<(String, String), MethodCandidate>,
...    |
2100 | |     class_field_types: &HashMap<(String, String), String>,
2101 | | ) -> Option<(Vec<Stmt>, Option<Expr>)> {
     | |______________________________________^
     |
     = help: for further information visit https://rust-lang.github.io/rust-clippy/master/index.html#too_many_arguments

warning: this `if` can be collapsed into the outer `match`
    --> crates/perry-transform/src/inline/cross_module.rs:1331:13
     |
1331 | /             if body_references_class_in_set(body, set)
1332 | |                 || params.iter().any(|param| {
1333 | |                     param
1334 | |                         .default
...    |
1339 | |                 return true;
1340 | |             }
     | |_____________^
     |
     = help: for further information visit https://rust-lang.github.io/rust-clippy/master/index.html#collapsible_match
help: collapse nested if block
     |
1330 ~         Expr::Closure { params, body, .. }
1331 ~             if (body_references_class_in_set(body, set)
1332 |                 || params.iter().any(|param| {
 ...
1336 |                         .is_some_and(|default| expr_references_class_in_set(default, set))
1337 ~                 }))
1338 ~             => {
1339 |                 return true;
1340 ~             }
     |

warning: this function has too many arguments (8/7)
   --> crates/perry-transform/src/inline/factory_specialize.rs:751:5
    |
751 | /     fn rewrite_to_specialized_class(
752 | |         expr: &mut Expr,
753 | |         target_name: &str,
754 | |         param_ids: &[LocalId],
...   |
759 | |         base_class_counter_seed: &str,
760 | |     ) -> bool {
    | |_____________^
    |
    = help: for further information visit https://rust-lang.github.io/rust-clippy/master/index.html#too_many_arguments

warning: writing `&mut Vec` instead of `&mut [_]` involves a new object where a slice will do
   --> crates/perry-transform/src/inline/substitute.rs:167:40
    |
167 | pub fn substitute_this_in_stmts(stmts: &mut Vec<Stmt>, obj_id: LocalId) {
    |                                        ^^^^^^^^^^^^^^
    |
    = help: for further information visit https://rust-lang.github.io/rust-clippy/master/index.html#ptr_arg
help: change this to
    |
167 - pub fn substitute_this_in_stmts(stmts: &mut Vec<Stmt>, obj_id: LocalId) {
167 + pub fn substitute_this_in_stmts(stmts: &mut [Stmt], obj_id: LocalId) {
    |

warning: writing `&mut Vec` instead of `&mut [_]` involves a new object where a slice will do
   --> crates/perry-transform/src/inline/substitute.rs:306:12
    |
306 |     stmts: &mut Vec<Stmt>,
    |            ^^^^^^^^^^^^^^
    |
    = help: for further information visit https://rust-lang.github.io/rust-clippy/master/index.html#ptr_arg
help: change this to
    |
306 -     stmts: &mut Vec<Stmt>,
306 +     stmts: &mut [Stmt],
    |

warning: writing `&mut Vec` instead of `&mut [_]` involves a new object where a slice will do
   --> crates/perry-transform/src/module_const_fold.rs:223:22
    |
223 | fn fold_stmts(stmts: &mut Vec<Stmt>, consts: &HashMap<LocalId, Expr>) {
    |                      ^^^^^^^^^^^^^^
    |
    = help: for further information visit https://rust-lang.github.io/rust-clippy/master/index.html#ptr_arg
help: change this to
    |
223 - fn fold_stmts(stmts: &mut Vec<Stmt>, consts: &HashMap<LocalId, Expr>) {
223 + fn fold_stmts(stmts: &mut [Stmt], consts: &HashMap<LocalId, Expr>) {
    |

warning: this `if let` can be collapsed into the outer `if let`
   --> crates/perry-transform/src/state_desugar.rs:340:13
    |
340 | /             if let Expr::NativeMethodCall {
341 | |                 module,
342 | |                 method,
343 | |                 object: None,
...   |
370 | |             }
    | |_____________^
    |
help: the outer pattern can be modified to include the inner pattern
   --> crates/perry-transform/src/state_desugar.rs:336:24
    |
336 |               init: Some(call_expr),
    |                          ^^^^^^^^^ replace this binding
...
340 |               if let Expr::NativeMethodCall {
    |  ____________________^
341 | |                 module,
342 | |                 method,
343 | |                 object: None,
344 | |                 args,
345 | |                 ..
346 | |             } = call_expr
    | |_____________^ with this pattern
    = help: for further information visit https://rust-lang.github.io/rust-clippy/master/index.html#collapsible_match

warning: writing `&mut Vec` instead of `&mut [_]` involves a new object where a slice will do
   --> crates/perry-transform/src/state_desugar.rs:416:12
    |
416 |     stmts: &mut Vec<Stmt>,
    |            ^^^^^^^^^^^^^^
    |
    = help: for further information visit https://rust-lang.github.io/rust-clippy/master/index.html#ptr_arg
help: change this to
    |
416 -     stmts: &mut Vec<Stmt>,
416 +     stmts: &mut [Stmt],
    |

warning: this `if let` can be collapsed into the outer `if let`
  --> crates/perry-transform/src/unroll/escape_analysis.rs:84:13
   |
84 | /             if let Some(init_stmt) = init {
85 | |                 if let Stmt::Let { id, .. } = init_stmt.as_ref() {
86 | |                     out.insert(*id);
87 | |                 }
88 | |             }
   | |_____________^
   |
help: the outer pattern can be modified to include the inner pattern
  --> crates/perry-transform/src/unroll/escape_analysis.rs:83:28
   |
83 |         if let Stmt::For { init, .. } = s {
   |                            ^^^^ replace this binding
84 |             if let Some(init_stmt) = init {
   |                    ^^^^^^^^^^^^^^^ with this pattern, prefixed by `init: `
   = help: for further information visit https://rust-lang.github.io/rust-clippy/master/index.html#collapsible_match

warning: this `if let` can be collapsed into the outer `if let`
   --> crates/perry-transform/src/unroll/escape_analysis.rs:103:13
    |
103 | /             if let Some(init_stmt) = init {
104 | |                 if let Stmt::Let { id, .. } = init_stmt.as_ref() {
105 | |                     *out.entry(*id).or_insert(0) += 1;
106 | |                 }
107 | |             }
    | |_____________^
    |
help: the outer pattern can be modified to include the inner pattern
   --> crates/perry-transform/src/unroll/escape_analysis.rs:102:28
    |
102 |         if let Stmt::For { init, .. } = s {
    |                            ^^^^ replace this binding
103 |             if let Some(init_stmt) = init {
    |                    ^^^^^^^^^^^^^^^ with this pattern, prefixed by `init: `
    = help: for further information visit https://rust-lang.github.io/rust-clippy/master/index.html#collapsible_match

warning: `perry-transform` (lib) generated 56 warnings (run `cargo clippy --fix --lib -p perry-transform -- ` to apply 10 suggestions)
warning: this `if let` can be collapsed into the outer `match`
   --> crates/perry-codegen/src/boxed_vars.rs:256:13
    |
256 | /             if let Some(e) = opt {
257 | |                 collect_nested_closure_boxed_vars_in_expr(e, out);
258 | |             }
    | |_____________^
    |
help: the outer pattern can be modified to include the inner pattern
   --> crates/perry-codegen/src/boxed_vars.rs:255:22
    |
255 |         Stmt::Return(opt) => {
    |                      ^^^ replace this binding
256 |             if let Some(e) = opt {
    |                    ^^^^^^^ with this pattern
    = help: for further information visit https://rust-lang.github.io/rust-clippy/master/index.html#collapsible_match
    = note: `#[warn(clippy::collapsible_match)]` on by default

warning: this `if let` can be collapsed into the outer `match`
   --> crates/perry-codegen/src/boxed_vars.rs:261:13
    |
261 | /             if let Some(e) = init {
262 | |                 collect_nested_closure_boxed_vars_in_expr(e, out);
263 | |             }
    | |_____________^
    |
help: the outer pattern can be modified to include the inner pattern
   --> crates/perry-codegen/src/boxed_vars.rs:260:21
    |
260 |         Stmt::Let { init, .. } => {
    |                     ^^^^ replace this binding
261 |             if let Some(e) = init {
    |                    ^^^^^^^ with this pattern, prefixed by `init: `
    = help: for further information visit https://rust-lang.github.io/rust-clippy/master/index.html#collapsible_match

warning: this `if let` can be collapsed into the outer `match`
   --> crates/perry-codegen/src/boxed_vars.rs:695:13
    |
695 | /             if let Some(e) = opt {
696 | |                 collect_closure_refs_and_writes_in_expr(e, refs, writes);
697 | |             }
    | |_____________^
    |
help: the outer pattern can be modified to include the inner pattern
   --> crates/perry-codegen/src/boxed_vars.rs:694:22
    |
694 |         Stmt::Return(opt) => {
    |                      ^^^ replace this binding
695 |             if let Some(e) = opt {
    |                    ^^^^^^^ with this pattern
    = help: for further information visit https://rust-lang.github.io/rust-clippy/master/index.html#collapsible_match

warning: this `if let` can be collapsed into the outer `match`
   --> crates/perry-codegen/src/boxed_vars.rs:700:13
    |
700 | /             if let Some(e) = init {
701 | |                 collect_closure_refs_and_writes_in_expr(e, refs, writes);
702 | |             }
    | |_____________^
    |
help: the outer pattern can be modified to include the inner pattern
   --> crates/perry-codegen/src/boxed_vars.rs:699:21
    |
699 |         Stmt::Let { init, .. } => {
    |                     ^^^^ replace this binding
700 |             if let Some(e) = init {
    |                    ^^^^^^^ with this pattern, prefixed by `init: `
    = help: for further information visit https://rust-lang.github.io/rust-clippy/master/index.html#collapsible_match

warning: this `if let` can be collapsed into the outer `match`
   --> crates/perry-codegen/src/boxed_vars.rs:934:13
    |
934 | /             if let Some(e) = opt {
935 | |                 collect_outer_writes_in_expr(e, out);
936 | |             }
    | |_____________^
    |
help: the outer pattern can be modified to include the inner pattern
   --> crates/perry-codegen/src/boxed_vars.rs:933:22
    |
933 |         Stmt::Return(opt) => {
    |                      ^^^ replace this binding
934 |             if let Some(e) = opt {
    |                    ^^^^^^^ with this pattern
    = help: for further information visit https://rust-lang.github.io/rust-clippy/master/index.html#collapsible_match

warning: this `if let` can be collapsed into the outer `match`
   --> crates/perry-codegen/src/boxed_vars.rs:939:13
    |
939 | /             if let Some(e) = init {
940 | |                 collect_outer_writes_in_expr(e, out);
941 | |             }
    | |_____________^
    |
help: the outer pattern can be modified to include the inner pattern
   --> crates/perry-codegen/src/boxed_vars.rs:938:21
    |
938 |         Stmt::Let { init, .. } => {
    |                     ^^^^ replace this binding
939 |             if let Some(e) = init {
    |                    ^^^^^^^ with this pattern, prefixed by `init: `
    = help: for further information visit https://rust-lang.github.io/rust-clippy/master/index.html#collapsible_match

warning: this `if let` can be collapsed into the outer `match`
    --> crates/perry-codegen/src/boxed_vars.rs:1147:13
     |
1147 | /             if let Some(e) = opt {
1148 | |                 collect_write_ids_in_expr(e, out);
1149 | |             }
     | |_____________^
     |
help: the outer pattern can be modified to include the inner pattern
    --> crates/perry-codegen/src/boxed_vars.rs:1146:22
     |
1146 |         Stmt::Return(opt) => {
     |                      ^^^ replace this binding
1147 |             if let Some(e) = opt {
     |                    ^^^^^^^ with this pattern
     = help: for further information visit https://rust-lang.github.io/rust-clippy/master/index.html#collapsible_match

warning: this `if let` can be collapsed into the outer `match`
    --> crates/perry-codegen/src/boxed_vars.rs:1152:13
     |
1152 | /             if let Some(e) = init {
1153 | |                 collect_write_ids_in_expr(e, out);
1154 | |             }
     | |_____________^
     |
help: the outer pattern can be modified to include the inner pattern
    --> crates/perry-codegen/src/boxed_vars.rs:1151:21
     |
1151 |         Stmt::Let { init, .. } => {
     |                     ^^^^ replace this binding
1152 |             if let Some(e) = init {
     |                    ^^^^^^^ with this pattern, prefixed by `init: `
     = help: for further information visit https://rust-lang.github.io/rust-clippy/master/index.html#collapsible_match

warning: very complex type used. Consider factoring parts into `type` definitions
  --> crates/perry-codegen/src/codegen/artifact_context.rs:60:31
   |
60 |     pub class_keys_init_data: &'a [(String, String, u32, Vec<u64>, Vec<u64>)],
   |                               ^^^^^^^^^^^^^^^^^^^^^^^^^^^^^^^^^^^^^^^^^^^^^^^
   |
   = help: for further information visit https://rust-lang.github.io/rust-clippy/master/index.html#type_complexity
   = note: `#[warn(clippy::type_complexity)]` on by default

warning: very complex type used. Consider factoring parts into `type` definitions
   --> crates/perry-codegen/src/codegen/entry.rs:463:27
    |
463 |         let i18n_startup: Option<(String, String, usize, usize, Option<(String, usize)>)> =
    |                           ^^^^^^^^^^^^^^^^^^^^^^^^^^^^^^^^^^^^^^^^^^^^^^^^^^^^^^^^^^^^^^^
    |
    = help: for further information visit https://rust-lang.github.io/rust-clippy/master/index.html#type_complexity

warning: this function has too many arguments (19/7)
   --> crates/perry-codegen/src/codegen/function.rs:502:1
    |
502 | / pub(super) fn compile_function(
503 | |     llmod: &mut LlModule,
504 | |     f: &Function,
505 | |     func_names: &HashMap<u32, String>,
...   |
521 | |     spec_entry: Option<&SpecFnPlan>,
522 | | ) -> Result<()> {
    | |_______________^
    |
    = help: for further information visit https://rust-lang.github.io/rust-clippy/master/index.html#too_many_arguments
    = note: `#[warn(clippy::too_many_arguments)]` on by default

warning: this function has too many arguments (26/7)
   --> crates/perry-codegen/src/codegen/method.rs:83:1
    |
 83 | / pub(super) fn compile_method(
 84 | |     llmod: &mut LlModule,
 85 | |     class: &perry_hir::Class,
 86 | |     method: &Function,
...   |
109 | |     pshape_arg_clone: bool,
110 | | ) -> Result<()> {
    | |_______________^
    |
    = help: for further information visit https://rust-lang.github.io/rust-clippy/master/index.html#too_many_arguments

warning: this `if` has identical blocks
   --> crates/perry-codegen/src/codegen/method.rs:217:49
    |
217 |       } else if guarded_undefined_param.is_some() {
    |  _________________________________________________^
218 | |         generic_method_body_name(&family_name)
219 | |     } else if guarded_index_family {
    | |_____^
    |
note: same as this
   --> crates/perry-codegen/src/codegen/method.rs:219:36
    |
219 |       } else if guarded_index_family {
    |  ____________________________________^
220 | |         generic_method_body_name(&family_name)
221 | |     } else if ptr_array_cache_clone || is_pshape_clone || pshape_arg_clone {
    | |_____^
    = help: for further information visit https://rust-lang.github.io/rust-clippy/master/index.html#if_same_then_else
    = note: `#[warn(clippy::if_same_then_else)]` on by default

warning: this expression creates a reference which is immediately dereferenced by the compiler
    --> crates/perry-codegen/src/codegen/method.rs:1052:54
     |
1052 | ...                   ctx.block().load(DOUBLE, &slot)
     |                                                ^^^^^ help: change this to: `slot`
     |
     = help: for further information visit https://rust-lang.github.io/rust-clippy/master/index.html#needless_borrow
     = note: `#[warn(clippy::needless_borrow)]` on by default

warning: it looks like the same item is being pushed into this `Vec`
   --> crates/perry-codegen/src/codegen/method_registry.rs:285:13
    |
285 |             ctor_params.push(DOUBLE);
    |             ^^^^^^^^^^^
    |
    = help: consider using `vec![DOUBLE;SIZE]`
    = help: or `ctor_params.extend(std::iter::repeat_n(DOUBLE, SIZE))`
    = help: for further information visit https://rust-lang.github.io/rust-clippy/master/index.html#same_item_push
    = note: `#[warn(clippy::same_item_push)]` on by default

warning: this function has too many arguments (8/7)
   --> crates/perry-codegen/src/codegen/method_trampolines.rs:211:1
    |
211 | / pub(super) fn emit_guarded_nonnegative_index(
212 | |     llmod: &mut LlModule,
213 | |     method: &Function,
214 | |     public_name: &str,
...   |
219 | |     falsy_field_default: Option<&super::param_guard::GuardedFalsyFieldDefaultMethodCandidate>,
220 | | ) {
    | |_^
    |
    = help: for further information visit https://rust-lang.github.io/rust-clippy/master/index.html#too_many_arguments

warning: method `from_str` can be confused for the standard trait method `std::str::FromStr::from_str`
  --> crates/perry-codegen/src/codegen/opts.rs:72:5
   |
72 | /     pub fn from_str(value: &str) -> Option<Self> {
73 | |         match value {
74 | |             "off" => Some(Self::Off),
75 | |             "on" => Some(Self::On),
...  |
79 | |     }
   | |_____^
   |
   = help: consider implementing the trait `std::str::FromStr` or choosing a less ambiguous method name
   = help: for further information visit https://rust-lang.github.io/rust-clippy/master/index.html#should_implement_trait
   = note: `#[warn(clippy::should_implement_trait)]` on by default

warning: this function has too many arguments (10/7)
   --> crates/perry-codegen/src/codegen/param_guard.rs:723:1
    |
723 | / pub(crate) fn declaration_guards(
724 | |     function_id: u32,
725 | |     module_prefix: &str,
726 | |     params: &[perry_hir::Param],
...   |
737 | |     class_ids: &HashMap<String, u32>,
738 | | ) -> Vec<Option<SpecParamGuard>> {
    | |________________________________^
    |
    = help: for further information visit https://rust-lang.github.io/rust-clippy/master/index.html#too_many_arguments

warning: this `map_or` can be simplified
   --> crates/perry-codegen/src/codegen/spec_return_proof.rs:517:30
    |
517 |           Type::Named(name) => aliases
    |  ______________________________^
518 | |             .get(name)
519 | |             .map_or(true, |ty| is_reference_like(aliases, ty, depth + 1)),
    | |_________________________________________________________________________^
    |
    = help: for further information visit https://rust-lang.github.io/rust-clippy/master/index.html#unnecessary_map_or
    = note: `#[warn(clippy::unnecessary_map_or)]` on by default
help: use `is_none_or` instead
    |
519 -             .map_or(true, |ty| is_reference_like(aliases, ty, depth + 1)),
519 +             .is_none_or(|ty| is_reference_like(aliases, ty, depth + 1)),
    |

warning: very complex type used. Consider factoring parts into `type` definitions
   --> crates/perry-codegen/src/codegen/string_pool.rs:114:27
    |
114 |     class_keys_init_data: &[(String, String, u32, Vec<u64>, Vec<u64>)],
    |                           ^^^^^^^^^^^^^^^^^^^^^^^^^^^^^^^^^^^^^^^^^^^^
    |
    = help: for further information visit https://rust-lang.github.io/rust-clippy/master/index.html#type_complexity

warning: this function has too many arguments (30/7)
   --> crates/perry-codegen/src/codegen/string_pool.rs:104:1
    |
104 | / pub(super) fn emit_string_pool(
105 | |     llmod: &mut LlModule,
106 | |     strings: &StringPool,
107 | |     module_prefix: &str,
...   |
206 | |     user_fn_source: &[(String, String, bool)],
207 | | ) {
    | |_^
    |
    = help: for further information visit https://rust-lang.github.io/rust-clippy/master/index.html#too_many_arguments

warning: very complex type used. Consider factoring parts into `type` definitions
   --> crates/perry-codegen/src/codegen/string_pool.rs:752:29
    |
752 |     let mut method_triples: Vec<(u32, String, String, u32, bool, bool, u32, u32)> = Vec::new();
    |                             ^^^^^^^^^^^^^^^^^^^^^^^^^^^^^^^^^^^^^^^^^^^^^^^^^^^^^
    |
    = help: for further information visit https://rust-lang.github.io/rust-clippy/master/index.html#type_complexity

warning: very complex type used. Consider factoring parts into `type` definitions
    --> crates/perry-codegen/src/codegen/mod.rs:1078:35
     |
1078 |     let mut class_keys_init_data: Vec<(String, String, u32, Vec<u64>, Vec<u64>)> = Vec::new();
     |                                   ^^^^^^^^^^^^^^^^^^^^^^^^^^^^^^^^^^^^^^^^^^^^^^
     |
     = help: for further information visit https://rust-lang.github.io/rust-clippy/master/index.html#type_complexity

warning: this expression creates a reference which is immediately dereferenced by the compiler
    --> crates/perry-codegen/src/codegen/mod.rs:2007:25
     |
2007 |                         &receiver_class_table,
     |                         ^^^^^^^^^^^^^^^^^^^^^ help: change this to: `receiver_class_table`
     |
     = help: for further information visit https://rust-lang.github.io/rust-clippy/master/index.html#needless_borrow

warning: consider using `sort_unstable`
    --> crates/perry-codegen/src/codegen/mod.rs:2151:5
     |
2151 |     guarded_undefined_method_candidates.sort_unstable_by(|left, right| left.cmp(right));
     |     ^^^^^^^^^^^^^^^^^^^^^^^^^^^^^^^^^^^^^^^^^^^^^^^^^^^^^^^^^^^^^^^^^^^^^^^^^^^^^^^^^^^
     |
     = help: for further information visit https://rust-lang.github.io/rust-clippy/master/index.html#unnecessary_sort_by
     = note: `#[warn(clippy::unnecessary_sort_by)]` on by default
help: try
     |
2151 -     guarded_undefined_method_candidates.sort_unstable_by(|left, right| left.cmp(right));
2151 +     guarded_undefined_method_candidates.sort_unstable();
     |

warning: doc list item without indentation
   --> crates/perry-codegen/src/collectors/cjs_scaffolding.rs:323:9
    |
323 |     /// 2/3. The two `defineProperty` sites #7139 already recognises. Their
    |         ^
    |
    = help: if this is supposed to be its own paragraph, add a blank line
    = help: for further information visit https://rust-lang.github.io/rust-clippy/master/index.html#doc_lazy_continuation
    = note: `#[warn(clippy::doc_lazy_continuation)]` on by default
help: indent this line
    |
323 |     ///    2/3. The two `defineProperty` sites #7139 already recognises. Their
    |         +++

warning: this `if let` can be collapsed into the outer `match`
  --> crates/perry-codegen/src/collectors/closures.rs:14:17
   |
14 | /                 if let Some(e) = opt {
15 | |                     collect_closures_in_expr(e, seen, out);
16 | |                 }
   | |_________________^
   |
help: the outer pattern can be modified to include the inner pattern
  --> crates/perry-codegen/src/collectors/closures.rs:13:37
   |
13 |             perry_hir::Stmt::Return(opt) => {
   |                                     ^^^ replace this binding
14 |                 if let Some(e) = opt {
   |                        ^^^^^^^ with this pattern
   = help: for further information visit https://rust-lang.github.io/rust-clippy/master/index.html#collapsible_match

warning: this `if let` can be collapsed into the outer `match`
  --> crates/perry-codegen/src/collectors/closures.rs:19:17
   |
19 | /                 if let Some(e) = init {
20 | |                     collect_closures_in_expr(e, seen, out);
21 | |                 }
   | |_________________^
   |
help: the outer pattern can be modified to include the inner pattern
  --> crates/perry-codegen/src/collectors/closures.rs:18:36
   |
18 |             perry_hir::Stmt::Let { init, .. } => {
   |                                    ^^^^ replace this binding
19 |                 if let Some(e) = init {
   |                        ^^^^^^^ with this pattern, prefixed by `init: `
   = help: for further information visit https://rust-lang.github.io/rust-clippy/master/index.html#collapsible_match

warning: this `if let` can be collapsed into the outer `match`
   --> crates/perry-codegen/src/collectors/escape_arrays.rs:448:17
    |
448 | /                 if let Some(e) = opt {
449 | |                     check_array_escapes_in_expr(e, candidates, escaped);
450 | |                 }
    | |_________________^
    |
help: the outer pattern can be modified to include the inner pattern
   --> crates/perry-codegen/src/collectors/escape_arrays.rs:447:26
    |
447 |             Stmt::Return(opt) => {
    |                          ^^^ replace this binding
448 |                 if let Some(e) = opt {
    |                        ^^^^^^^ with this pattern
    = help: for further information visit https://rust-lang.github.io/rust-clippy/master/index.html#collapsible_match

warning: this `if let` can be collapsed into the outer `match`
   --> crates/perry-codegen/src/collectors/escape_arrays.rs:453:17
    |
453 | /                 if let Some(e) = init {
454 | |                     check_array_escapes_in_expr(e, candidates, escaped);
455 | |                 }
    | |_________________^
    |
help: the outer pattern can be modified to include the inner pattern
   --> crates/perry-codegen/src/collectors/escape_arrays.rs:452:25
    |
452 |             Stmt::Let { init, .. } => {
    |                         ^^^^ replace this binding
453 |                 if let Some(e) = init {
    |                        ^^^^^^^ with this pattern, prefixed by `init: `
    = help: for further information visit https://rust-lang.github.io/rust-clippy/master/index.html#collapsible_match

warning: this `if let` can be collapsed into the outer `match`
   --> crates/perry-codegen/src/collectors/escape_check.rs:99:17
    |
 99 | /                 if let Some(e) = opt {
100 | |                     check_escapes_in_expr(e, candidates, classes, escaped);
101 | |                 }
    | |_________________^
    |
help: the outer pattern can be modified to include the inner pattern
   --> crates/perry-codegen/src/collectors/escape_check.rs:98:26
    |
 98 |             Stmt::Return(opt) => {
    |                          ^^^ replace this binding
 99 |                 if let Some(e) = opt {
    |                        ^^^^^^^ with this pattern
    = help: for further information visit https://rust-lang.github.io/rust-clippy/master/index.html#collapsible_match

warning: this `if let` can be collapsed into the outer `match`
   --> crates/perry-codegen/src/collectors/escape_check.rs:104:17
    |
104 | /                 if let Some(e) = init {
105 | |                     check_escapes_in_expr(e, candidates, classes, escaped);
106 | |                 }
    | |_________________^
    |
help: the outer pattern can be modified to include the inner pattern
   --> crates/perry-codegen/src/collectors/escape_check.rs:103:25
    |
103 |             Stmt::Let { init, .. } => {
    |                         ^^^^ replace this binding
104 |                 if let Some(e) = init {
    |                        ^^^^^^^ with this pattern, prefixed by `init: `
    = help: for further information visit https://rust-lang.github.io/rust-clippy/master/index.html#collapsible_match

warning: this `if` has identical blocks
  --> crates/perry-codegen/src/collectors/escape_news.rs:36:57
   |
36 |               if class_uses_this_as_value(class, classes) {
   |  _________________________________________________________^
37 | |                 escaped.insert(*id);
38 | |             }
   | |_____________^
   |
note: same as this
  --> crates/perry-codegen/src/collectors/escape_news.rs:49:71
   |
49 |               else if class_chain_extends_builtin_error(class, classes) {
   |  _______________________________________________________________________^
50 | |                 escaped.insert(*id);
51 | |             }
   | |_____________^
   = help: for further information visit https://rust-lang.github.io/rust-clippy/master/index.html#if_same_then_else

warning: this `if` has identical blocks
  --> crates/perry-codegen/src/collectors/escape_news.rs:49:71
   |
49 |               else if class_chain_extends_builtin_error(class, classes) {
   |  _______________________________________________________________________^
50 | |                 escaped.insert(*id);
51 | |             }
   | |_____________^
   |
note: same as this
  --> crates/perry-codegen/src/collectors/escape_news.rs:65:68
   |
65 |               else if class_chain_has_unmodeled_base(class, classes) {
   |  ____________________________________________________________________^
66 | |                 escaped.insert(*id);
67 | |             }
   | |_____________^
   = help: for further information visit https://rust-lang.github.io/rust-clippy/master/index.html#if_same_then_else

warning: this `if let` can be collapsed into the outer `match`
   --> crates/perry-codegen/src/collectors/escape_news.rs:765:13
    |
765 | /             if let Some(arg) = arg {
766 | |                 collect_used_new_fields_in_expr(arg, non_escaping_news, used);
767 | |             }
    | |_____________^
    |
help: the outer pattern can be modified to include the inner pattern
   --> crates/perry-codegen/src/collectors/escape_news.rs:764:31
    |
764 |         Expr::TypedArrayNew { arg, .. } => {
    |                               ^^^ replace this binding
765 |             if let Some(arg) = arg {
    |                    ^^^^^^^^^ with this pattern, prefixed by `arg: `
    = help: for further information visit https://rust-lang.github.io/rust-clippy/master/index.html#collapsible_match

warning: this `if let` can be collapsed into the outer `match`
   --> crates/perry-codegen/src/collectors/escape_objects.rs:321:17
    |
321 | /                 if let Some(e) = opt {
322 | |                     check_object_literal_escapes_in_expr(e, candidates, escaped);
323 | |                 }
    | |_________________^
    |
help: the outer pattern can be modified to include the inner pattern
   --> crates/perry-codegen/src/collectors/escape_objects.rs:320:26
    |
320 |             Stmt::Return(opt) => {
    |                          ^^^ replace this binding
321 |                 if let Some(e) = opt {
    |                        ^^^^^^^ with this pattern
    = help: for further information visit https://rust-lang.github.io/rust-clippy/master/index.html#collapsible_match

warning: this `if let` can be collapsed into the outer `match`
   --> crates/perry-codegen/src/collectors/escape_objects.rs:326:17
    |
326 | /                 if let Some(e) = init {
327 | |                     check_object_literal_escapes_in_expr(e, candidates, escaped);
328 | |                 }
    | |_________________^
    |
help: the outer pattern can be modified to include the inner pattern
   --> crates/perry-codegen/src/collectors/escape_objects.rs:325:25
    |
325 |             Stmt::Let { init, .. } => {
    |                         ^^^^ replace this binding
326 |                 if let Some(e) = init {
    |                        ^^^^^^^ with this pattern, prefixed by `init: `
    = help: for further information visit https://rust-lang.github.io/rust-clippy/master/index.html#collapsible_match

warning: this `if` has identical blocks
   --> crates/perry-codegen/src/collectors/escape_objects.rs:436:35
    |
436 |                       if !key_known {
    |  ___________________________________^
437 | |                         escaped.insert(*id);
438 | |                     } else if expr_contains_local_get(value, *id) {
    | |_____________________^
    |
note: same as this
   --> crates/perry-codegen/src/collectors/escape_objects.rs:438:67
    |
438 |                       } else if expr_contains_local_get(value, *id) {
    |  ___________________________________________________________________^
439 | |                         escaped.insert(*id);
440 | |                     }
    | |_____________________^
    = help: for further information visit https://rust-lang.github.io/rust-clippy/master/index.html#if_same_then_else

warning: this `if` has identical blocks
   --> crates/perry-codegen/src/collectors/escape_objects.rs:461:39
    |
461 |                           if !key_known {
    |  _______________________________________^
462 | |                             escaped.insert(*id);
463 | |                         } else if expr_contains_local_get(value, *id) {
    | |_________________________^
    |
note: same as this
   --> crates/perry-codegen/src/collectors/escape_objects.rs:463:71
    |
463 |                           } else if expr_contains_local_get(value, *id) {
    |  _______________________________________________________________________^
464 | |                             escaped.insert(*id);
465 | |                         }
    | |_________________________^
    = help: for further information visit https://rust-lang.github.io/rust-clippy/master/index.html#if_same_then_else

warning: redundant guard
    --> crates/perry-codegen/src/collectors/hir_facts.rs:1063:16
     |
1063 |               if matches!(
     |  ________________^
1064 | |                 op,
1065 | |                 perry_hir::BinaryOp::Add | perry_hir::BinaryOp::Sub | perry_hir::BinaryOp::Mul
1066 | |             ) =>
     | |_____________^
     |
     = help: for further information visit https://rust-lang.github.io/rust-clippy/master/index.html#redundant_guards
     = note: `#[warn(clippy::redundant_guards)]` on by default
help: try
     |
1062 -         Expr::Binary { op, left, right }
1063 -             if matches!(
1064 -                 op,
1065 -                 perry_hir::BinaryOp::Add | perry_hir::BinaryOp::Sub | perry_hir::BinaryOp::Mul
1066 -             ) =>
1062 +         Expr::Binary { op: perry_hir::BinaryOp::Add | perry_hir::BinaryOp::Sub | perry_hir::BinaryOp::Mul, left, right } =>
     |

warning: redundant guard
    --> crates/perry-codegen/src/collectors/hir_facts.rs:1913:16
     |
1913 |               if matches!(
     |  ________________^
1914 | |                 op,
1915 | |                 perry_hir::BinaryOp::BitAnd
1916 | |                     | perry_hir::BinaryOp::BitOr
...    |
1920 | |                     | perry_hir::BinaryOp::UShr
1921 | |             ) =>
     | |_____________^
     |
     = help: for further information visit https://rust-lang.github.io/rust-clippy/master/index.html#redundant_guards
help: try
     |
1912 ~         Expr::Binary { op: perry_hir::BinaryOp::BitAnd
1913 +                     | perry_hir::BinaryOp::BitOr
1914 +                     | perry_hir::BinaryOp::BitXor
1915 +                     | perry_hir::BinaryOp::Shl
1916 +                     | perry_hir::BinaryOp::Shr
1917 ~                     | perry_hir::BinaryOp::UShr, left, right } =>
     |

warning: this function has too many arguments (8/7)
  --> crates/perry-codegen/src/collectors/i32_locals.rs:44:1
   |
44 | / pub fn is_strictly_i32_bounded_expr(
45 | |     e: &perry_hir::Expr,
46 | |     known_i32_ranged_locals: &HashSet<u32>,
47 | |     flat_const_ids: &HashSet<u32>,
...  |
54 | |     on_dep: &mut dyn FnMut(u32),
55 | | ) -> bool {
   | |_________^
   |
   = help: for further information visit https://rust-lang.github.io/rust-clippy/master/index.html#too_many_arguments

warning: this `if let` can be collapsed into the outer `match`
   --> crates/perry-codegen/src/collectors/i32_locals.rs:341:17
    |
341 | /                 if let Some(e) = opt {
342 | |                     walk_writes_in_expr_for_unsigned_i32(e, saw_any, disqualified);
343 | |                 }
    | |_________________^
    |
help: the outer pattern can be modified to include the inner pattern
   --> crates/perry-codegen/src/collectors/i32_locals.rs:340:26
    |
340 |             Stmt::Return(opt) => {
    |                          ^^^ replace this binding
341 |                 if let Some(e) = opt {
    |                        ^^^^^^^ with this pattern
    = help: for further information visit https://rust-lang.github.io/rust-clippy/master/index.html#collapsible_match

warning: this `if let` can be collapsed into the outer `match`
   --> crates/perry-codegen/src/collectors/i32_locals.rs:494:17
    |
494 | /                 if let Some(e) = opt {
495 | |                     walk_writes_in_expr_for_strict(
496 | |                         e,
497 | |                         known_i32_ranged,
...   |
503 | |                     );
504 | |                 }
    | |_________________^
    |
help: the outer pattern can be modified to include the inner pattern
   --> crates/perry-codegen/src/collectors/i32_locals.rs:493:26
    |
493 |             Stmt::Return(opt) => {
    |                          ^^^ replace this binding
494 |                 if let Some(e) = opt {
    |                        ^^^^^^^ with this pattern
    = help: for further information visit https://rust-lang.github.io/rust-clippy/master/index.html#collapsible_match

warning: this `if let` can be collapsed into the outer `match`
    --> crates/perry-codegen/src/collectors/i32_locals.rs:1015:17
     |
1015 | /                 if let Some(e) = opt {
1016 | |                     collect_localset_ids_in_expr_filtered(
1017 | |                         e,
1018 | |                         out,
...    |
1023 | |                     );
1024 | |                 }
     | |_________________^
     |
help: the outer pattern can be modified to include the inner pattern
    --> crates/perry-codegen/src/collectors/i32_locals.rs:1014:26
     |
1014 |             Stmt::Return(opt) => {
     |                          ^^^ replace this binding
1015 |                 if let Some(e) = opt {
     |                        ^^^^^^^ with this pattern
     = help: for further information visit https://rust-lang.github.io/rust-clippy/master/index.html#collapsible_match

warning: this `if let` can be collapsed into the outer `match`
    --> crates/perry-codegen/src/collectors/i32_locals.rs:1027:17
     |
1027 | /                 if let Some(e) = init {
1028 | |                     collect_localset_ids_in_expr_filtered(
1029 | |                         e,
1030 | |                         out,
...    |
1035 | |                     );
1036 | |                 }
     | |_________________^
     |
help: the outer pattern can be modified to include the inner pattern
    --> crates/perry-codegen/src/collectors/i32_locals.rs:1026:25
     |
1026 |             Stmt::Let { init, .. } => {
     |                         ^^^^ replace this binding
1027 |                 if let Some(e) = init {
     |                        ^^^^^^^ with this pattern, prefixed by `init: `
     = help: for further information visit https://rust-lang.github.io/rust-clippy/master/index.html#collapsible_match

warning: this `if let` can be collapsed into the outer `match`
    --> crates/perry-codegen/src/collectors/i32_locals.rs:1685:13
     |
1685 | /             if let Some(a) = arg {
1686 | |                 walk(a, out);
1687 | |             }
     | |_____________^
     |
help: the outer pattern can be modified to include the inner pattern
    --> crates/perry-codegen/src/collectors/i32_locals.rs:1684:31
     |
1684 |         Expr::TypedArrayNew { arg, .. } => {
     |                               ^^^ replace this binding
1685 |             if let Some(a) = arg {
     |                    ^^^^^^^ with this pattern, prefixed by `arg: `
     = help: for further information visit https://rust-lang.github.io/rust-clippy/master/index.html#collapsible_match

warning: this `if let` can be collapsed into the outer `match`
  --> crates/perry-codegen/src/collectors/index_uses.rs:69:17
   |
69 | /                 if let Some(e) = opt {
70 | |                     absorb_writes_in_expr(e, out);
71 | |                 }
   | |_________________^
   |
help: the outer pattern can be modified to include the inner pattern
  --> crates/perry-codegen/src/collectors/index_uses.rs:68:26
   |
68 |             Stmt::Return(opt) => {
   |                          ^^^ replace this binding
69 |                 if let Some(e) = opt {
   |                        ^^^^^^^ with this pattern
   = help: for further information visit https://rust-lang.github.io/rust-clippy/master/index.html#collapsible_match

warning: this `if let` can be collapsed into the outer `match`
   --> crates/perry-codegen/src/collectors/index_uses.rs:226:17
    |
226 | /                 if let Some(e) = opt {
227 | |                     walk_index_uses_in_expr(e, out);
228 | |                 }
    | |_________________^
    |
help: the outer pattern can be modified to include the inner pattern
   --> crates/perry-codegen/src/collectors/index_uses.rs:225:26
    |
225 |             Stmt::Return(opt) => {
    |                          ^^^ replace this binding
226 |                 if let Some(e) = opt {
    |                        ^^^^^^^ with this pattern
    = help: for further information visit https://rust-lang.github.io/rust-clippy/master/index.html#collapsible_match

warning: this `if let` can be collapsed into the outer `match`
   --> crates/perry-codegen/src/collectors/index_uses.rs:231:17
    |
231 | /                 if let Some(e) = init {
232 | |                     walk_index_uses_in_expr(e, out);
233 | |                 }
    | |_________________^
    |
help: the outer pattern can be modified to include the inner pattern
   --> crates/perry-codegen/src/collectors/index_uses.rs:230:25
    |
230 |             Stmt::Let { init, .. } => {
    |                         ^^^^ replace this binding
231 |                 if let Some(e) = init {
    |                        ^^^^^^^ with this pattern, prefixed by `init: `
    = help: for further information visit https://rust-lang.github.io/rust-clippy/master/index.html#collapsible_match

warning: doc list item without indentation
  --> crates/perry-codegen/src/collectors/int_valued_i64_locals.rs:38:5
   |
38 | //!    Any other write shape rejects `L`. In particular
   |     ^^^
   |
   = help: if this is supposed to be its own paragraph, add a blank line
   = help: for further information visit https://rust-lang.github.io/rust-clippy/master/index.html#doc_lazy_continuation
help: indent this line
   |
38 | //!        Any other write shape rejects `L`. In particular
   |        ++++

warning: doc list item without indentation
  --> crates/perry-codegen/src/collectors/int_valued_i64_locals.rs:39:5
   |
39 | //!    `Sub(Integer(d), LocalGet(L))` (`L = d - L`) is **rejected**: it negates
   |     ^^^
   |
   = help: if this is supposed to be its own paragraph, add a blank line
   = help: for further information visit https://rust-lang.github.io/rust-clippy/master/index.html#doc_lazy_continuation
help: indent this line
   |
39 | //!        `Sub(Integer(d), LocalGet(L))` (`L = d - L`) is **rejected**: it negates
   |        ++++

warning: doc list item without indentation
  --> crates/perry-codegen/src/collectors/int_valued_i64_locals.rs:40:5
   |
40 | //!    `L`, so a step is no longer a bounded *translation* and the saturation
   |     ^^^
   |
   = help: if this is supposed to be its own paragraph, add a blank line
   = help: for further information visit https://rust-lang.github.io/rust-clippy/master/index.html#doc_lazy_continuation
help: indent this line
   |
40 | //!        `L`, so a step is no longer a bounded *translation* and the saturation
   |        ++++

warning: doc list item without indentation
  --> crates/perry-codegen/src/collectors/int_valued_i64_locals.rs:41:5
   |
41 | //!    argument below collapses. `Mul` is rejected outright — repeated
   |     ^^^
   |
   = help: if this is supposed to be its own paragraph, add a blank line
   = help: for further information visit https://rust-lang.github.io/rust-clippy/master/index.html#doc_lazy_continuation
help: indent this line
   |
41 | //!        argument below collapses. `Mul` is rejected outright — repeated
   |        ++++

warning: doc list item without indentation
  --> crates/perry-codegen/src/collectors/int_valued_i64_locals.rs:42:5
   |
42 | //!    multiplication leaves i64 range in a few dozen iterations.
   |     ^^^
   |
   = help: if this is supposed to be its own paragraph, add a blank line
   = help: for further information visit https://rust-lang.github.io/rust-clippy/master/index.html#doc_lazy_continuation
help: indent this line
   |
42 | //!        multiplication leaves i64 range in a few dozen iterations.
   |        ++++

warning: this `if let` can be collapsed into the outer `match`
   --> crates/perry-codegen/src/collectors/int_valued_i64_locals.rs:176:21
    |
176 | /                     if let Some(e) = opt {
177 | |                         self.seed_expr(e);
178 | |                     }
    | |_____________________^
    |
help: the outer pattern can be modified to include the inner pattern
   --> crates/perry-codegen/src/collectors/int_valued_i64_locals.rs:175:30
    |
175 |                 Stmt::Return(opt) => {
    |                              ^^^ replace this binding
176 |                     if let Some(e) = opt {
    |                            ^^^^^^^ with this pattern
    = help: for further information visit https://rust-lang.github.io/rust-clippy/master/index.html#collapsible_match

warning: this `if let` can be collapsed into the outer `match`
   --> crates/perry-codegen/src/collectors/int_valued_i64_locals.rs:263:21
    |
263 | /                     if let Some(e) = init {
264 | |                         self.judge_expr(e);
265 | |                     }
    | |_____________________^
    |
help: the outer pattern can be modified to include the inner pattern
   --> crates/perry-codegen/src/collectors/int_valued_i64_locals.rs:262:29
    |
262 |                 Stmt::Let { init, .. } => {
    |                             ^^^^ replace this binding
263 |                     if let Some(e) = init {
    |                            ^^^^^^^ with this pattern, prefixed by `init: `
    = help: for further information visit https://rust-lang.github.io/rust-clippy/master/index.html#collapsible_match

warning: this `if let` can be collapsed into the outer `match`
   --> crates/perry-codegen/src/collectors/int_valued_i64_locals.rs:269:21
    |
269 | /                     if let Some(e) = opt {
270 | |                         self.judge_expr(e);
271 | |                     }
    | |_____________________^
    |
help: the outer pattern can be modified to include the inner pattern
   --> crates/perry-codegen/src/collectors/int_valued_i64_locals.rs:268:30
    |
268 |                 Stmt::Return(opt) => {
    |                              ^^^ replace this binding
269 |                     if let Some(e) = opt {
    |                            ^^^^^^^ with this pattern
    = help: for further information visit https://rust-lang.github.io/rust-clippy/master/index.html#collapsible_match

warning: this `if let` can be collapsed into the outer `match`
   --> crates/perry-codegen/src/collectors/int_valued_i64_locals.rs:421:25
    |
421 | /                         if let Some(e) = init {
422 | |                             self.expr(e);
423 | |                         }
    | |_________________________^
    |
help: the outer pattern can be modified to include the inner pattern
   --> crates/perry-codegen/src/collectors/int_valued_i64_locals.rs:420:33
    |
420 |                     Stmt::Let { init, .. } => {
    |                                 ^^^^ replace this binding
421 |                         if let Some(e) = init {
    |                                ^^^^^^^ with this pattern, prefixed by `init: `
    = help: for further information visit https://rust-lang.github.io/rust-clippy/master/index.html#collapsible_match

warning: this `if let` can be collapsed into the outer `match`
   --> crates/perry-codegen/src/collectors/int_valued_i64_locals.rs:427:25
    |
427 | /                         if let Some(e) = opt {
428 | |                             self.expr(e);
429 | |                         }
    | |_________________________^
    |
help: the outer pattern can be modified to include the inner pattern
   --> crates/perry-codegen/src/collectors/int_valued_i64_locals.rs:426:34
    |
426 |                     Stmt::Return(opt) => {
    |                                  ^^^ replace this binding
427 |                         if let Some(e) = opt {
    |                                ^^^^^^^ with this pattern
    = help: for further information visit https://rust-lang.github.io/rust-clippy/master/index.html#collapsible_match

warning: redundant guard
   --> crates/perry-codegen/src/collectors/int_valued_ta_locals.rs:325:45
    |
325 |         Expr::Binary { op, left, right } if matches!(op, BinaryOp::Add | BinaryOp::Sub) => {
    |                                             ^^^^^^^^^^^^^^^^^^^^^^^^^^^^^^^^^^^^^^^^^^^
    |
    = help: for further information visit https://rust-lang.github.io/rust-clippy/master/index.html#redundant_guards
help: try
    |
325 -         Expr::Binary { op, left, right } if matches!(op, BinaryOp::Add | BinaryOp::Sub) => {
325 +         Expr::Binary { op: BinaryOp::Add | BinaryOp::Sub, left, right } => {
    |

warning: parameter is only used in recursion
   --> crates/perry-codegen/src/collectors/int_valued_ta_locals.rs:304:5
    |
304 |     numeric_locals: &HashSet<u32>,
    |     ^^^^^^^^^^^^^^ help: if this is intentional, prefix it with an underscore: `_numeric_locals`
    |
note: parameter used here
   --> crates/perry-codegen/src/collectors/int_valued_ta_locals.rs:326:67
    |
326 |             additive_write_admissible(left, types, ta_lens, pool, numeric_locals)
    |                                                                   ^^^^^^^^^^^^^^
327 |                 && additive_write_admissible(right, types, ta_lens, pool, numeric_locals)
    |                                                                           ^^^^^^^^^^^^^^
    = help: for further information visit https://rust-lang.github.io/rust-clippy/master/index.html#only_used_in_recursion
    = note: `#[warn(clippy::only_used_in_recursion)]` on by default

warning: redundant guard
   --> crates/perry-codegen/src/collectors/int_valued_ta_locals.rs:374:45
    |
374 |         Expr::Binary { op, left, right } if matches!(op, BinaryOp::Add | BinaryOp::Sub) => {
    |                                             ^^^^^^^^^^^^^^^^^^^^^^^^^^^^^^^^^^^^^^^^^^^
    |
    = help: for further information visit https://rust-lang.github.io/rust-clippy/master/index.html#redundant_guards
help: try
    |
374 -         Expr::Binary { op, left, right } if matches!(op, BinaryOp::Add | BinaryOp::Sub) => {
374 +         Expr::Binary { op: BinaryOp::Add | BinaryOp::Sub, left, right } => {
    |

warning: parameter is only used in recursion
   --> crates/perry-codegen/src/collectors/int_valued_ta_locals.rs:352:5
    |
352 |     numeric_locals: &HashSet<u32>,
    |     ^^^^^^^^^^^^^^ help: if this is intentional, prefix it with an underscore: `_numeric_locals`
    |
note: parameter used here
   --> crates/perry-codegen/src/collectors/int_valued_ta_locals.rs:375:71
    |
375 |             write_establishes_number(left, types, ta_lens, numberish, numeric_locals)
    |                                                                       ^^^^^^^^^^^^^^
376 |                 && write_establishes_number(right, types, ta_lens, numberish, numeric_locals)
    |                                                                               ^^^^^^^^^^^^^^
    = help: for further information visit https://rust-lang.github.io/rust-clippy/master/index.html#only_used_in_recursion

warning: redundant guard
   --> crates/perry-codegen/src/collectors/int_valued_ta_locals.rs:389:45
    |
389 |         Expr::Binary { op, left, right } if matches!(op, BinaryOp::Add | BinaryOp::Sub) => {
    |                                             ^^^^^^^^^^^^^^^^^^^^^^^^^^^^^^^^^^^^^^^^^^^
    |
    = help: for further information visit https://rust-lang.github.io/rust-clippy/master/index.html#redundant_guards
help: try
    |
389 -         Expr::Binary { op, left, right } if matches!(op, BinaryOp::Add | BinaryOp::Sub) => {
389 +         Expr::Binary { op: BinaryOp::Add | BinaryOp::Sub, left, right } => {
    |

warning: the following explicit lifetimes could be elided: 'a
    --> crates/perry-codegen/src/collectors/int_valued_ta_locals.rs:1015:33
     |
1015 | fn collect_loop_reseeded_locals<'a>(
     |                                 ^^
1016 |     stmts: &'a [Stmt],
     |             ^^
     |
     = help: for further information visit https://rust-lang.github.io/rust-clippy/master/index.html#needless_lifetimes
     = note: `#[warn(clippy::needless_lifetimes)]` on by default
help: elide the lifetimes
     |
1015 ~ fn collect_loop_reseeded_locals(
1016 ~     stmts: &[Stmt],
     |

warning: this `if let` can be collapsed into the outer `match`
    --> crates/perry-codegen/src/collectors/int_valued_ta_locals.rs:1188:13
     |
1188 | /             if let Some(e) = opt {
1189 | |                 collect_closure_refs(e, out);
1190 | |             }
     | |_____________^
     |
help: the outer pattern can be modified to include the inner pattern
    --> crates/perry-codegen/src/collectors/int_valued_ta_locals.rs:1187:22
     |
1187 |         Stmt::Return(opt) => {
     |                      ^^^ replace this binding
1188 |             if let Some(e) = opt {
     |                    ^^^^^^^ with this pattern
     = help: for further information visit https://rust-lang.github.io/rust-clippy/master/index.html#collapsible_match

warning: this `if let` can be collapsed into the outer `match`
    --> crates/perry-codegen/src/collectors/int_valued_ta_locals.rs:1293:17
     |
1293 | /                 if let Some(e) = init {
1294 | |                     // Same additive blessing as the `LocalSet` arm — a
1295 | |                     // candidate's Let-init may be an admissible additive tree.
1296 | |                     if cands.contains(id)
...    |
1309 | |                 }
     | |_________________^
     |
help: the outer pattern can be modified to include the inner pattern
    --> crates/perry-codegen/src/collectors/int_valued_ta_locals.rs:1292:29
     |
1292 |             Stmt::Let { id, init, .. } => {
     |                             ^^^^ replace this binding
1293 |                 if let Some(e) = init {
     |                        ^^^^^^^ with this pattern, prefixed by `init: `
     = help: for further information visit https://rust-lang.github.io/rust-clippy/master/index.html#collapsible_match

warning: this `if let` can be collapsed into the outer `match`
    --> crates/perry-codegen/src/collectors/int_valued_ta_locals.rs:1336:17
     |
1336 | /                 if let Some(e) = opt {
1337 | |                     observe(e, false, cands, types, additive, exact_i32, disq);
1338 | |                 }
     | |_________________^
     |
help: the outer pattern can be modified to include the inner pattern
    --> crates/perry-codegen/src/collectors/int_valued_ta_locals.rs:1335:26
     |
1335 |             Stmt::Return(opt) => {
     |                          ^^^ replace this binding
1336 |                 if let Some(e) = opt {
     |                        ^^^^^^^ with this pattern
     = help: for further information visit https://rust-lang.github.io/rust-clippy/master/index.html#collapsible_match

warning: redundant guard
    --> crates/perry-codegen/src/collectors/int_valued_ta_locals.rs:1577:45
     |
1577 |         Expr::Binary { op, left, right } if matches!(op, BinaryOp::Add | BinaryOp::Sub) => {
     |                                             ^^^^^^^^^^^^^^^^^^^^^^^^^^^^^^^^^^^^^^^^^^^
     |
     = help: for further information visit https://rust-lang.github.io/rust-clippy/master/index.html#redundant_guards
help: try
     |
1577 -         Expr::Binary { op, left, right } if matches!(op, BinaryOp::Add | BinaryOp::Sub) => {
1577 +         Expr::Binary { op: BinaryOp::Add | BinaryOp::Sub, left, right } => {
     |

warning: this `if let` can be collapsed into the outer `match`
   --> crates/perry-codegen/src/collectors/integer_locals.rs:593:21
    |
593 | /                     if let Some(e) = opt {
594 | |                         self.walk_expr(e);
595 | |                     }
    | |_____________________^
    |
help: the outer pattern can be modified to include the inner pattern
   --> crates/perry-codegen/src/collectors/integer_locals.rs:592:30
    |
592 |                 Stmt::Return(opt) => {
    |                              ^^^ replace this binding
593 |                     if let Some(e) = opt {
    |                            ^^^^^^^ with this pattern
    = help: for further information visit https://rust-lang.github.io/rust-clippy/master/index.html#collapsible_match

warning: redundant guard
   --> crates/perry-codegen/src/collectors/integer_locals.rs:739:16
    |
739 |             if matches!(op, BinaryOp::Add | BinaryOp::Sub | BinaryOp::Mul) =>
    |                ^^^^^^^^^^^^^^^^^^^^^^^^^^^^^^^^^^^^^^^^^^^^^^^^^^^^^^^^^^^
    |
    = help: for further information visit https://rust-lang.github.io/rust-clippy/master/index.html#redundant_guards
help: try
    |
738 -         Expr::Binary { op, left, right }
739 -             if matches!(op, BinaryOp::Add | BinaryOp::Sub | BinaryOp::Mul) =>
738 +         Expr::Binary { op: BinaryOp::Add | BinaryOp::Sub | BinaryOp::Mul, left, right } =>
    |

warning: parameter is only used in recursion
   --> crates/perry-codegen/src/collectors/integer_locals.rs:708:5
    |
708 |     numeric_locals: &HashSet<u32>,
    |     ^^^^^^^^^^^^^^ help: if this is intentional, prefix it with an underscore: `_numeric_locals`
    |
note: parameter used here
   --> crates/perry-codegen/src/collectors/integer_locals.rs:719:13
    |
719 |             numeric_locals,
    |             ^^^^^^^^^^^^^^
    = help: for further information visit https://rust-lang.github.io/rust-clippy/master/index.html#only_used_in_recursion

warning: redundant guard
    --> crates/perry-codegen/src/collectors/integer_locals.rs:1060:16
     |
1060 |             if matches!(op, BinaryOp::Add | BinaryOp::Sub | BinaryOp::Mul) =>
     |                ^^^^^^^^^^^^^^^^^^^^^^^^^^^^^^^^^^^^^^^^^^^^^^^^^^^^^^^^^^^
     |
     = help: for further information visit https://rust-lang.github.io/rust-clippy/master/index.html#redundant_guards
help: try
     |
1059 -         Expr::Binary { op, left, right }
1060 -             if matches!(op, BinaryOp::Add | BinaryOp::Sub | BinaryOp::Mul) =>
1059 +         Expr::Binary { op: BinaryOp::Add | BinaryOp::Sub | BinaryOp::Mul, left, right } =>
     |

warning: parameter is only used in recursion
    --> crates/perry-codegen/src/collectors/integer_locals.rs:1044:5
     |
1044 |     numeric_locals: &HashSet<u32>,
     |     ^^^^^^^^^^^^^^ help: if this is intentional, prefix it with an underscore: `_numeric_locals`
     |
note: parameter used here
    --> crates/perry-codegen/src/collectors/integer_locals.rs:1068:17
     |
1068 |                 numeric_locals,
     |                 ^^^^^^^^^^^^^^
...
1075 |                 numeric_locals,
     |                 ^^^^^^^^^^^^^^
     = help: for further information visit https://rust-lang.github.io/rust-clippy/master/index.html#only_used_in_recursion

warning: field assignment outside of initializer for an instance created with Default::default()
   --> crates/perry-codegen/src/collectors/loop_bounded_i32.rs:147:5
    |
147 | /     st.module_consts = compile_time_constants
148 | |         .iter()
149 | |         .filter_map(|(&id, &v)| {
150 | |             (v.is_finite() && v.fract() == 0.0 && v.abs() <= i32::MAX as f64)
151 | |                 .then_some((id, v as i64))
152 | |         })
153 | |         .collect();
    | |___________________^
    |
note: consider initializing the variable with `collectors::loop_bounded_i32::State { module_consts: compile_time_constants
              .iter()
              .filter_map(|(&id, &v)| {
                  (v.is_finite() && v.fract() == 0.0 && v.abs() <= i32::MAX as f64)
                      .then_some((id, v as i64))
              })
              .collect(), ..Default::default() }` and removing relevant reassignments
   --> crates/perry-codegen/src/collectors/loop_bounded_i32.rs:146:5
    |
146 |     let mut st = State::default();
    |     ^^^^^^^^^^^^^^^^^^^^^^^^^^^^^^
    = help: for further information visit https://rust-lang.github.io/rust-clippy/master/index.html#field_reassign_with_default
    = note: `#[warn(clippy::field_reassign_with_default)]` on by default

warning: field assignment outside of initializer for an instance created with Default::default()
   --> crates/perry-codegen/src/collectors/loop_bounded_i32.rs:263:5
    |
263 | /     st.module_consts = compile_time_constants
264 | |         .iter()
265 | |         .filter_map(|(&id, &v)| {
266 | |             (v.is_finite() && v.fract() == 0.0 && v.abs() <= i32::MAX as f64)
267 | |                 .then_some((id, v as i64))
268 | |         })
269 | |         .collect();
    | |___________________^
    |
note: consider initializing the variable with `collectors::loop_bounded_i32::State { module_consts: compile_time_constants
              .iter()
              .filter_map(|(&id, &v)| {
                  (v.is_finite() && v.fract() == 0.0 && v.abs() <= i32::MAX as f64)
                      .then_some((id, v as i64))
              })
              .collect(), ..Default::default() }` and removing relevant reassignments
   --> crates/perry-codegen/src/collectors/loop_bounded_i32.rs:262:5
    |
262 |     let mut st = State::default();
    |     ^^^^^^^^^^^^^^^^^^^^^^^^^^^^^^
    = help: for further information visit https://rust-lang.github.io/rust-clippy/master/index.html#field_reassign_with_default

warning: this `if let` can be collapsed into the outer `match`
   --> crates/perry-codegen/src/collectors/loop_bounded_i32.rs:399:21
    |
399 | /                     if let Some(e) = init {
400 | |                         in_expr(e, out);
401 | |                     }
    | |_____________________^
    |
help: the outer pattern can be modified to include the inner pattern
   --> crates/perry-codegen/src/collectors/loop_bounded_i32.rs:398:29
    |
398 |                 Stmt::Let { init, .. } => {
    |                             ^^^^ replace this binding
399 |                     if let Some(e) = init {
    |                            ^^^^^^^ with this pattern, prefixed by `init: `
    = help: for further information visit https://rust-lang.github.io/rust-clippy/master/index.html#collapsible_match

warning: this `if let` can be collapsed into the outer `match`
   --> crates/perry-codegen/src/collectors/loop_bounded_i32.rs:405:21
    |
405 | /                     if let Some(e) = opt {
406 | |                         in_expr(e, out);
407 | |                     }
    | |_____________________^
    |
help: the outer pattern can be modified to include the inner pattern
   --> crates/perry-codegen/src/collectors/loop_bounded_i32.rs:404:30
    |
404 |                 Stmt::Return(opt) => {
    |                              ^^^ replace this binding
405 |                     if let Some(e) = opt {
    |                            ^^^^^^^ with this pattern
    = help: for further information visit https://rust-lang.github.io/rust-clippy/master/index.html#collapsible_match

warning: this `if let` can be collapsed into the outer `match`
   --> crates/perry-codegen/src/collectors/loop_bounded_i32.rs:490:17
    |
490 | /                 if let Some(e) = opt {
491 | |                     for_each_let_in_expr(e, f);
492 | |                 }
    | |_________________^
    |
help: the outer pattern can be modified to include the inner pattern
   --> crates/perry-codegen/src/collectors/loop_bounded_i32.rs:489:26
    |
489 |             Stmt::Return(opt) => {
    |                          ^^^ replace this binding
490 |                 if let Some(e) = opt {
    |                        ^^^^^^^ with this pattern
    = help: for further information visit https://rust-lang.github.io/rust-clippy/master/index.html#collapsible_match

warning: this `if let` can be collapsed into the outer `match`
   --> crates/perry-codegen/src/collectors/loop_bounded_i32.rs:633:17
    |
633 | /                 if let Some(init) = init {
634 | |                     scan_level_writes_in_expr(init, id, st, f);
635 | |                 }
    | |_________________^
    |
help: the outer pattern can be modified to include the inner pattern
   --> crates/perry-codegen/src/collectors/loop_bounded_i32.rs:632:25
    |
632 |             Stmt::Let { init, .. } => {
    |                         ^^^^ replace this binding
633 |                 if let Some(init) = init {
    |                        ^^^^^^^^^^ with this pattern, prefixed by `init: `
    = help: for further information visit https://rust-lang.github.io/rust-clippy/master/index.html#collapsible_match

warning: this `if let` can be collapsed into the outer `match`
   --> crates/perry-codegen/src/collectors/loop_bounded_i32.rs:639:17
    |
639 | /                 if let Some(e) = opt {
640 | |                     scan_level_writes_in_expr(e, id, st, f);
641 | |                 }
    | |_________________^
    |
help: the outer pattern can be modified to include the inner pattern
   --> crates/perry-codegen/src/collectors/loop_bounded_i32.rs:638:26
    |
638 |             Stmt::Return(opt) => {
    |                          ^^^ replace this binding
639 |                 if let Some(e) = opt {
    |                        ^^^^^^^ with this pattern
    = help: for further information visit https://rust-lang.github.io/rust-clippy/master/index.html#collapsible_match

warning: this `if let` can be collapsed into the outer `match`
   --> crates/perry-codegen/src/collectors/loop_bounded_i32.rs:846:17
    |
846 | /                 if let Some(init) = init {
847 | |                     walk_expr(init, guard, st);
848 | |                 }
    | |_________________^
    |
help: the outer pattern can be modified to include the inner pattern
   --> crates/perry-codegen/src/collectors/loop_bounded_i32.rs:845:25
    |
845 |             Stmt::Let { init, .. } => {
    |                         ^^^^ replace this binding
846 |                 if let Some(init) = init {
    |                        ^^^^^^^^^^ with this pattern, prefixed by `init: `
    = help: for further information visit https://rust-lang.github.io/rust-clippy/master/index.html#collapsible_match

warning: this `if let` can be collapsed into the outer `match`
   --> crates/perry-codegen/src/collectors/loop_bounded_i32.rs:852:17
    |
852 | /                 if let Some(e) = opt {
853 | |                     walk_expr(e, guard, st);
854 | |                 }
    | |_________________^
    |
help: the outer pattern can be modified to include the inner pattern
   --> crates/perry-codegen/src/collectors/loop_bounded_i32.rs:851:26
    |
851 |             Stmt::Return(opt) => {
    |                          ^^^ replace this binding
852 |                 if let Some(e) = opt {
    |                        ^^^^^^^ with this pattern
    = help: for further information visit https://rust-lang.github.io/rust-clippy/master/index.html#collapsible_match

warning: this `if let` can be collapsed into the outer `match`
    --> crates/perry-codegen/src/collectors/loop_bounded_i32.rs:1296:17
     |
1296 | /                 if let Some(init) = init {
1297 | |                     walk_accumulator_expr(
1298 | |                         init,
1299 | |                         execution,
...    |
1304 | |                     );
1305 | |                 }
     | |_________________^
     |
help: the outer pattern can be modified to include the inner pattern
    --> crates/perry-codegen/src/collectors/loop_bounded_i32.rs:1295:25
     |
1295 |             Stmt::Let { init, .. } => {
     |                         ^^^^ replace this binding
1296 |                 if let Some(init) = init {
     |                        ^^^^^^^^^^ with this pattern, prefixed by `init: `
     = help: for further information visit https://rust-lang.github.io/rust-clippy/master/index.html#collapsible_match

warning: this `if let` can be collapsed into the outer `match`
    --> crates/perry-codegen/src/collectors/loop_bounded_i32.rs:1316:17
     |
1316 | /                 if let Some(value) = value {
1317 | |                     walk_accumulator_expr(
1318 | |                         value,
1319 | |                         execution,
...    |
1324 | |                     );
1325 | |                 }
     | |_________________^
     |
help: the outer pattern can be modified to include the inner pattern
    --> crates/perry-codegen/src/collectors/loop_bounded_i32.rs:1315:26
     |
1315 |             Stmt::Return(value) => {
     |                          ^^^^^ replace this binding
1316 |                 if let Some(value) = value {
     |                        ^^^^^^^^^^^ with this pattern
     = help: for further information visit https://rust-lang.github.io/rust-clippy/master/index.html#collapsible_match

warning: this function has too many arguments (9/7)
   --> crates/perry-codegen/src/collectors/number_by_construction.rs:105:1
    |
105 | / pub(crate) fn collect_number_by_construction_locals(
106 | |     stmts: &[Stmt],
107 | |     params: &[Param],
108 | |     boxed_vars: &HashSet<u32>,
...   |
114 | |     module_global_proven_types: &HashMap<u32, HirType>,
115 | | ) -> HashSet<u32> {
    | |_________________^
    |
    = help: for further information visit https://rust-lang.github.io/rust-clippy/master/index.html#too_many_arguments

warning: unnecessary closure used with `bool::then`
  --> crates/perry-codegen/src/collectors/param_ranges.rs:78:5
   |
78 |     (value >= min && value <= max).then(|| value as i64)
   |     ^^^^^^^^^^^^^^^^^^^^^^^^^^^^^^^^^^^^^^^^^^^^^^^^^^^^
   |
   = help: for further information visit https://rust-lang.github.io/rust-clippy/master/index.html#unnecessary_lazy_evaluations
   = note: `#[warn(clippy::unnecessary_lazy_evaluations)]` on by default
help: use `then_some` instead
   |
78 -     (value >= min && value <= max).then(|| value as i64)
78 +     (value >= min && value <= max).then_some(value as i64)
   |

warning: large size difference between variants
 --> crates/perry-codegen/src/collectors/pointer_locals.rs:6:1
  |
6 | / enum LocalWrite {
7 | |     Expr(Expr),
  | |     ---------- the largest variant contains at least 240 bytes
8 | |     NonPointer,
  | |     ---------- the second-largest variant carries no data at all
9 | | }
  | |_^ the entire enum is at least 240 bytes
  |
  = help: for further information visit https://rust-lang.github.io/rust-clippy/master/index.html#large_enum_variant
  = note: `#[warn(clippy::large_enum_variant)]` on by default
help: consider boxing the large fields or introducing indirection in some other way to reduce the total size of the enum
  |
7 -     Expr(Expr),
7 +     Expr(Box<Expr>),
  |

warning: very complex type used. Consider factoring parts into `type` definitions
  --> crates/perry-codegen/src/collectors/pointer_locals.rs:28:33
   |
28 |       static CLOSURE_WRITES_MEMO: std::cell::RefCell<
   |  _________________________________^
29 | |         HashMap<(usize, usize), std::rc::Rc<HashMap<u32, Vec<LocalWrite>>>>,
30 | |     > = std::cell::RefCell::new(HashMap::new());
   | |_____^
   |
   = help: for further information visit https://rust-lang.github.io/rust-clippy/master/index.html#type_complexity

warning: this `if let` can be collapsed into the outer `match`
    --> crates/perry-codegen/src/collectors/ptr_shape.rs:1879:17
     |
1879 | /                 if let Some(e) = init {
1880 | |                     visit(e, found);
1881 | |                 }
     | |_________________^
     |
help: the outer pattern can be modified to include the inner pattern
    --> crates/perry-codegen/src/collectors/ptr_shape.rs:1878:25
     |
1878 |             Stmt::Let { init, .. } => {
     |                         ^^^^ replace this binding
1879 |                 if let Some(e) = init {
     |                        ^^^^^^^ with this pattern, prefixed by `init: `
     = help: for further information visit https://rust-lang.github.io/rust-clippy/master/index.html#collapsible_match

warning: you are using an explicit closure for cloning elements
   --> crates/perry-codegen/src/collectors/ptr_shape_numeric.rs:208:29
    |
208 | / ...                   method_calls
209 | | ...                       .and_then(|mc| mc.get(name))
210 | | ...                       .map(|v| v.clone())
    | |_____________________________________________^
    |
    = help: for further information visit https://rust-lang.github.io/rust-clippy/master/index.html#map_clone
    = note: `#[warn(clippy::map_clone)]` on by default
help: consider calling the dedicated `cloned` method
    |
208 ~                             method_calls
209 +                                 .and_then(|mc| mc.get(name)).cloned()
    |

warning: this `match` can be collapsed into the outer `match`
   --> crates/perry-codegen/src/collectors/ptr_shape_numeric.rs:628:40
    |
628 |           Expr::Unary { op, operand } => match op {
    |  ________________________________________^
629 | |             perry_hir::UnaryOp::Neg | perry_hir::UnaryOp::Pos | perry_hir::UnaryOp::BitNot => {
630 | |                 rec(operand)
...   |
633 | |         },
    | |_________^
    |
help: the outer pattern can be modified to include the inner pattern
   --> crates/perry-codegen/src/collectors/ptr_shape_numeric.rs:628:23
    |
628 |         Expr::Unary { op, operand } => match op {
    |                       ^^ replace this binding
629 |             perry_hir::UnaryOp::Neg | perry_hir::UnaryOp::Pos | perry_hir::UnaryOp::BitNot => {
    |             ^^^^^^^^^^^^^^^^^^^^^^^^^^^^^^^^^^^^^^^^^^^^^^^^^^^^^^^^^^^^^^^^^^^^^^^^^^^^^^ with this pattern, prefixed by `op: `
    = help: for further information visit https://rust-lang.github.io/rust-clippy/master/index.html#collapsible_match

warning: redundant closure
   --> crates/perry-codegen/src/collectors/ptr_shape_numeric.rs:700:45
    |
700 |         Expr::Sequence(es) => es.last().map(|x| rec(x)).unwrap_or(false),
    |                                             ^^^^^^^^^^ help: replace the closure with the function itself: `rec`
    |
    = help: for further information visit https://rust-lang.github.io/rust-clippy/master/index.html#redundant_closure
    = note: `#[warn(clippy::redundant_closure)]` on by default

warning: this `if` can be collapsed into the outer `match`
   --> crates/perry-codegen/src/collectors/ptr_shape_elements.rs:360:17
    |
360 | /                 if !boxed_vars.contains(id) && !module_globals.contains_key(id) {
361 | |                     new_lets.insert(*id, Some(class_name.clone()));
362 | |                 }
    | |_________________^
    |
    = help: for further information visit https://rust-lang.github.io/rust-clippy/master/index.html#collapsible_match
help: collapse nested if block
    |
357 ~             Some(Expr::New { class_name, .. })
358 |                 // Producer-local provenance for E2's `LocalGet` form. A second
359 |                 // `Let` for the same id poisons it via `let_counts`.
360 ~                 if !boxed_vars.contains(id) && !module_globals.contains_key(id) => {
361 |                     new_lets.insert(*id, Some(class_name.clone()));
362 ~                 }
    |

warning: this `if let` can be collapsed into the outer `match`
   --> crates/perry-codegen/src/collectors/ptr_shape_report.rs:677:17
    |
677 | /                 if let Some(e) = init {
678 | |                     scan_expr(e, depth, "initializer", out);
679 | |                 }
    | |_________________^
    |
help: the outer pattern can be modified to include the inner pattern
   --> crates/perry-codegen/src/collectors/ptr_shape_report.rs:676:25
    |
676 |             Stmt::Let { init, .. } => {
    |                         ^^^^ replace this binding
677 |                 if let Some(e) = init {
    |                        ^^^^^^^ with this pattern, prefixed by `init: `
    = help: for further information visit https://rust-lang.github.io/rust-clippy/master/index.html#collapsible_match

warning: redundant closure
   --> crates/perry-codegen/src/collectors/ptr_shape_returns.rs:334:26
    |
334 |             .is_some_and(|constructor| function_has_decorators(constructor))
    |                          ^^^^^^^^^^^^^^^^^^^^^^^^^^^^^^^^^^^^^^^^^^^^^^^^^^ help: replace the closure with the function itself: `&function_has_decorators`
    |
    = help: for further information visit https://rust-lang.github.io/rust-clippy/master/index.html#redundant_closure

warning: this `if let` can be collapsed into the outer `match`
  --> crates/perry-codegen/src/collectors/refs.rs:72:17
   |
72 | /                 if let Some(e) = opt {
73 | |                     collect_ref_ids_in_expr(e, out);
74 | |                 }
   | |_________________^
   |
help: the outer pattern can be modified to include the inner pattern
  --> crates/perry-codegen/src/collectors/refs.rs:71:37
   |
71 |             perry_hir::Stmt::Return(opt) => {
   |                                     ^^^ replace this binding
72 |                 if let Some(e) = opt {
   |                        ^^^^^^^ with this pattern
   = help: for further information visit https://rust-lang.github.io/rust-clippy/master/index.html#collapsible_match

warning: this `if let` can be collapsed into the outer `match`
  --> crates/perry-codegen/src/collectors/refs.rs:77:17
   |
77 | /                 if let Some(e) = init {
78 | |                     collect_ref_ids_in_expr(e, out);
79 | |                 }
   | |_________________^
   |
help: the outer pattern can be modified to include the inner pattern
  --> crates/perry-codegen/src/collectors/refs.rs:76:36
   |
76 |             perry_hir::Stmt::Let { init, .. } => {
   |                                    ^^^^ replace this binding
77 |                 if let Some(e) = init {
   |                        ^^^^^^^ with this pattern, prefixed by `init: `
   = help: for further information visit https://rust-lang.github.io/rust-clippy/master/index.html#collapsible_match

warning: doc list item without indentation
   --> crates/perry-codegen/src/collectors/repsel_benefit.rs:496:5
    |
496 | /// A direct `this.other()` call counts when `other` also has a proven-receiver
    |     ^
    |
    = help: if this is supposed to be its own paragraph, add a blank line
    = help: for further information visit https://rust-lang.github.io/rust-clippy/master/index.html#doc_lazy_continuation
help: indent this line
    |
496 | ///   A direct `this.other()` call counts when `other` also has a proven-receiver
    |     ++

warning: doc list item without indentation
   --> crates/perry-codegen/src/collectors/repsel_benefit.rs:497:5
    |
497 | /// clone: the caller clone routes that nested boundary directly, deleting the
    |     ^
    |
    = help: if this is supposed to be its own paragraph, add a blank line
    = help: for further information visit https://rust-lang.github.io/rust-clippy/master/index.html#doc_lazy_continuation
help: indent this line
    |
497 | ///   clone: the caller clone routes that nested boundary directly, deleting the
    |     ++

warning: doc list item without indentation
   --> crates/perry-codegen/src/collectors/repsel_benefit.rs:498:5
    |
498 | /// public body's method guard in addition to its own field sites.
    |     ^
    |
    = help: if this is supposed to be its own paragraph, add a blank line
    = help: for further information visit https://rust-lang.github.io/rust-clippy/master/index.html#doc_lazy_continuation
help: indent this line
    |
498 | ///   public body's method guard in addition to its own field sites.
    |     ++

warning: this `if let` can be collapsed into the outer `match`
   --> crates/perry-codegen/src/collectors/segview.rs:721:13
    |
721 | /             if let Some(e) = init {
722 | |                 f(e);
723 | |             }
    | |_____________^
    |
help: the outer pattern can be modified to include the inner pattern
   --> crates/perry-codegen/src/collectors/segview.rs:720:21
    |
720 |         Stmt::Let { init, .. } => {
    |                     ^^^^ replace this binding
721 |             if let Some(e) = init {
    |                    ^^^^^^^ with this pattern, prefixed by `init: `
    = help: for further information visit https://rust-lang.github.io/rust-clippy/master/index.html#collapsible_match

warning: this `if let` can be collapsed into the outer `match`
   --> crates/perry-codegen/src/collectors/segview.rs:727:13
    |
727 | /             if let Some(e) = e {
728 | |                 f(e);
729 | |             }
    | |_____________^
    |
help: the outer pattern can be modified to include the inner pattern
   --> crates/perry-codegen/src/collectors/segview.rs:726:22
    |
726 |         Stmt::Return(e) => {
    |                      ^ replace this binding
727 |             if let Some(e) = e {
    |                    ^^^^^^^ with this pattern
    = help: for further information visit https://rust-lang.github.io/rust-clippy/master/index.html#collapsible_match

warning: this `if let` can be collapsed into the outer `match`
    --> crates/perry-codegen/src/collectors/segview.rs:1349:13
     |
1349 | /             if let Some(e) = init {
1350 | |                 f(e);
1351 | |             }
     | |_____________^
     |
help: the outer pattern can be modified to include the inner pattern
    --> crates/perry-codegen/src/collectors/segview.rs:1348:21
     |
1348 |         Stmt::Let { init, .. } => {
     |                     ^^^^ replace this binding
1349 |             if let Some(e) = init {
     |                    ^^^^^^^ with this pattern, prefixed by `init: `
     = help: for further information visit https://rust-lang.github.io/rust-clippy/master/index.html#collapsible_match

warning: this `if let` can be collapsed into the outer `match`
    --> crates/perry-codegen/src/collectors/segview.rs:1355:13
     |
1355 | /             if let Some(e) = e {
1356 | |                 f(e);
1357 | |             }
     | |_____________^
     |
help: the outer pattern can be modified to include the inner pattern
    --> crates/perry-codegen/src/collectors/segview.rs:1354:22
     |
1354 |         Stmt::Return(e) => {
     |                      ^ replace this binding
1355 |             if let Some(e) = e {
     |                    ^^^^^^^ with this pattern
     = help: for further information visit https://rust-lang.github.io/rust-clippy/master/index.html#collapsible_match

warning: this `if let` can be collapsed into the outer `match`
   --> crates/perry-codegen/src/collectors/spec_abi_sites.rs:628:13
    |
628 | /             if let Some(e) = opt {
629 | |                 judge_expr(e, ta, number_arrays, integer_locals, ready, out);
630 | |             }
    | |_____________^
    |
help: the outer pattern can be modified to include the inner pattern
   --> crates/perry-codegen/src/collectors/spec_abi_sites.rs:627:22
    |
627 |         Stmt::Return(opt) => {
    |                      ^^^ replace this binding
628 |             if let Some(e) = opt {
    |                    ^^^^^^^ with this pattern
    = help: for further information visit https://rust-lang.github.io/rust-clippy/master/index.html#collapsible_match

warning: very complex type used. Consider factoring parts into `type` definitions
   --> crates/perry-codegen/src/dialect/mod.rs:146:19
    |
146 |     pending_phis: Vec<(PhiValue<'ctx>, BasicTypeEnum<'ctx>, Vec<(String, String)>)>,
    |                   ^^^^^^^^^^^^^^^^^^^^^^^^^^^^^^^^^^^^^^^^^^^^^^^^^^^^^^^^^^^^^^^^^
    |
    = help: for further information visit https://rust-lang.github.io/rust-clippy/master/index.html#type_complexity

warning: this let-binding has unit value
   --> crates/perry-codegen/src/dialect/mod.rs:436:17
    |
436 |                 let _ = inst.erase_from_basic_block();
    |                 ^^^^^^^^^^^^^^^^^^^^^^^^^^^^^^^^^^^^^^
    |
    = help: for further information visit https://rust-lang.github.io/rust-clippy/master/index.html#let_unit_value
    = note: `#[warn(clippy::let_unit_value)]` on by default
help: omit the `let` binding
    |
436 -                 let _ = inst.erase_from_basic_block();
436 +                 inst.erase_from_basic_block();
    |

warning: this let-binding has unit value
   --> crates/perry-codegen/src/dialect/mod.rs:439:17
    |
439 |                 let _ = inst.erase_from_basic_block();
    |                 ^^^^^^^^^^^^^^^^^^^^^^^^^^^^^^^^^^^^^^
    |
    = help: for further information visit https://rust-lang.github.io/rust-clippy/master/index.html#let_unit_value
help: omit the `let` binding
    |
439 -                 let _ = inst.erase_from_basic_block();
439 +                 inst.erase_from_basic_block();
    |

warning: this function has too many arguments (9/7)
  --> crates/perry-codegen/src/expr/buffer_views.rs:67:1
   |
67 | / pub(crate) fn buffer_view_lowered_value(
68 | |     data_ptr: &str,
69 | |     length: &str,
70 | |     elem: BufferElem,
...  |
76 | |     alias: AliasState,
77 | | ) -> LoweredValue {
   | |_________________^
   |
   = help: for further information visit https://rust-lang.github.io/rust-clippy/master/index.html#too_many_arguments

warning: doc list item without indentation
   --> crates/perry-codegen/src/expr/helpers.rs:510:5
    |
510 | /// self-reference in object.rs — the codegen check and the runtime
    |     ^
    |
    = help: if this is supposed to be its own paragraph, add a blank line
    = help: for further information visit https://rust-lang.github.io/rust-clippy/master/index.html#doc_lazy_continuation
help: indent this line
    |
510 | ///   self-reference in object.rs — the codegen check and the runtime
    |     ++

warning: doc list item without indentation
   --> crates/perry-codegen/src/expr/helpers.rs:511:5
    |
511 | /// population together implement the lodash `runInContext` blocker fix.
    |     ^
    |
    = help: if this is supposed to be its own paragraph, add a blank line
    = help: for further information visit https://rust-lang.github.io/rust-clippy/master/index.html#doc_lazy_continuation
help: indent this line
    |
511 | ///   population together implement the lodash `runInContext` blocker fix.
    |     ++

warning: this function has too many arguments (13/7)
   --> crates/perry-codegen/src/expr/index.rs:117:1
    |
117 | / pub(crate) fn lower_index_set_fast(
118 | |     ctx: &mut FnCtx<'_>,
119 | |     arr_box: &str,
120 | |     idx_double: &str,
...   |
143 | |     feedback_site_id: &str,
144 | | ) -> Result<()> {
    | |_______________^
    |
    = help: for further information visit https://rust-lang.github.io/rust-clippy/master/index.html#too_many_arguments

warning: redundant guard
  --> crates/perry-codegen/src/expr/proven_view_access.rs:92:45
   |
92 |         Expr::Binary { op, left, right } if matches!(op, BinaryOp::Add) => {
   |                                             ^^^^^^^^^^^^^^^^^^^^^^^^^^^
   |
   = help: for further information visit https://rust-lang.github.io/rust-clippy/master/index.html#redundant_guards
help: try
   |
92 -         Expr::Binary { op, left, right } if matches!(op, BinaryOp::Add) => {
92 +         Expr::Binary { op: BinaryOp::Add, left, right } => {
   |

warning: doc list item without indentation
   --> crates/perry-codegen/src/expr/write_barrier.rs:147:5
    |
147 | ///    The three sites that write the bit all OR it in; none masks it out.
    |     ^^^
    |
    = help: if this is supposed to be its own paragraph, add a blank line
    = help: for further information visit https://rust-lang.github.io/rust-clippy/master/index.html#doc_lazy_continuation
help: indent this line
    |
147 | ///        The three sites that write the bit all OR it in; none masks it out.
    |        ++++

warning: this function has too many arguments (9/7)
   --> crates/perry-codegen/src/expr/write_barrier.rs:482:1
    |
482 | / pub(crate) fn emit_jsvalue_slot_store_on_block(
483 | |     blk: &mut LlBlock,
484 | |     slot_ptr: &str,
485 | |     value_double: &str,
...   |
491 | |     write_barrier_needed: bool,
492 | | ) -> Option<String> {
    | |___________________^
    |
    = help: for further information visit https://rust-lang.github.io/rust-clippy/master/index.html#too_many_arguments

warning: this function has too many arguments (9/7)
   --> crates/perry-codegen/src/expr/write_barrier.rs:598:1
    |
598 | / pub(crate) fn emit_jsvalue_slot_store_scalar_aware_on_block(
599 | |     blk: &mut LlBlock,
600 | |     slot_ptr: &str,
601 | |     value_double: &str,
...   |
607 | |     write_barrier_needed: bool,
608 | | ) -> Option<String> {
    | |___________________^
    |
    = help: for further information visit https://rust-lang.github.io/rust-clippy/master/index.html#too_many_arguments

warning: this function has too many arguments (11/7)
  --> crates/perry-codegen/src/expr/record_value.rs:15:5
   |
15 | /     pub fn record_lowered_value(
16 | |         &mut self,
17 | |         expr_kind: impl Into<String>,
18 | |         local_id: Option<u32>,
...  |
26 | |         notes: Vec<String>,
27 | |     ) {
   | |_____^
   |
   = help: for further information visit https://rust-lang.github.io/rust-clippy/master/index.html#too_many_arguments

warning: this function has too many arguments (12/7)
  --> crates/perry-codegen/src/expr/record_value.rs:43:5
   |
43 | /     pub fn record_lowered_value_with_access_mode(
44 | |         &mut self,
45 | |         expr_kind: impl Into<String>,
46 | |         local_id: Option<u32>,
...  |
55 | |         notes: Vec<String>,
56 | |     ) {
   | |_____^
   |
   = help: for further information visit https://rust-lang.github.io/rust-clippy/master/index.html#too_many_arguments

warning: this function has too many arguments (14/7)
  --> crates/perry-codegen/src/expr/record_value.rs:74:5
   |
74 | /     pub fn record_lowered_value_with_access_mode_and_conversion(
75 | |         &mut self,
76 | |         expr_kind: impl Into<String>,
77 | |         local_id: Option<u32>,
...  |
88 | |         notes: Vec<String>,
89 | |     ) {
   | |_____^
   |
   = help: for further information visit https://rust-lang.github.io/rust-clippy/master/index.html#too_many_arguments

warning: this function has too many arguments (16/7)
   --> crates/perry-codegen/src/expr/record_value.rs:110:5
    |
110 | /     pub fn record_lowered_value_with_access_mode_and_facts(
111 | |         &mut self,
112 | |         expr_kind: impl Into<String>,
113 | |         local_id: Option<u32>,
...   |
126 | |         notes: Vec<String>,
127 | |     ) {
    | |_____^
    |
    = help: for further information visit https://rust-lang.github.io/rust-clippy/master/index.html#too_many_arguments

warning: returning the result of a `let` binding from a block
   --> crates/perry-codegen/src/expr/bigint_set.rs:776:25
    |
771 | /                         let new_handle = blk.call(
772 | |                             I64,
773 | |                             "js_set_add_string",
774 | |                             &[(I64, &set_handle), (I64, &value_ref.value)],
775 | |                         );
    | |__________________________- unnecessary `let` binding
776 |                           new_handle
    |                           ^^^^^^^^^^
    |
    = help: for further information visit https://rust-lang.github.io/rust-clippy/master/index.html#let_and_return
    = note: `#[warn(clippy::let_and_return)]` on by default
help: return the expression directly
    |
771 ~                         
772 ~                         blk.call(
773 +                             I64,
774 +                             "js_set_add_string",
775 +                             &[(I64, &set_handle), (I64, &value_ref.value)],
776 +                         )
    |

warning: returning the result of a `let` binding from a block
    --> crates/perry-codegen/src/expr/bigint_set.rs:1040:29
     |
1035 | / ...                   let i32_v = blk.call(
1036 | | ...                       I32,
1037 | | ...                       "js_set_has_string",
1038 | | ...                       &[(I64, &s_handle), (I64, &value_ref.value)],
1039 | | ...                   );
     | |________________________- unnecessary `let` binding
1040 |   ...                   i32_v
     |                         ^^^^^
     |
     = help: for further information visit https://rust-lang.github.io/rust-clippy/master/index.html#let_and_return
help: return the expression directly
     |
1035 ~                             
1036 ~                             blk.call(
1037 +                                 I32,
1038 +                                 "js_set_has_string",
1039 +                                 &[(I64, &s_handle), (I64, &value_ref.value)],
1040 +                             )
     |

warning: returning the result of a `let` binding from a block
    --> crates/perry-codegen/src/expr/bigint_set.rs:1296:29
     |
1291 | / ...                   let i32_v = blk.call(
1292 | | ...                       I32,
1293 | | ...                       "js_set_delete_string",
1294 | | ...                       &[(I64, &s_handle), (I64, &value_ref.value)],
1295 | | ...                   );
     | |________________________- unnecessary `let` binding
1296 |   ...                   i32_v
     |                         ^^^^^
     |
     = help: for further information visit https://rust-lang.github.io/rust-clippy/master/index.html#let_and_return
help: return the expression directly
     |
1291 ~                             
1292 ~                             blk.call(
1293 +                                 I32,
1294 +                                 "js_set_delete_string",
1295 +                                 &[(I64, &s_handle), (I64, &value_ref.value)],
1296 +                             )
     |

warning: it looks like the same item is being pushed into this `Vec`
   --> crates/perry-codegen/src/expr/dyn_extern_i18n.rs:919:21
    |
919 |                     wrap_param_types.push(DOUBLE);
    |                     ^^^^^^^^^^^^^^^^
    |
    = help: consider using `vec![DOUBLE;SIZE]`
    = help: or `wrap_param_types.extend(std::iter::repeat_n(DOUBLE, SIZE))`
    = help: for further information visit https://rust-lang.github.io/rust-clippy/master/index.html#same_item_push

warning: this expression creates a reference which is immediately dereferenced by the compiler
   --> crates/perry-codegen/src/expr/index_get/guarded_array.rs:418:47
    |
418 |                 blk.cond_br(&index_in_bounds, &in_bounds_label, &oob_label);
    |                                               ^^^^^^^^^^^^^^^^ help: change this to: `in_bounds_label`
    |
    = help: for further information visit https://rust-lang.github.io/rust-clippy/master/index.html#needless_borrow

warning: doc list item without indentation
  --> crates/perry-codegen/src/expr/index_get/inline_dyn_typed_array.rs:36:5
   |
36 | /// and falls back to the existing `js_dyn_index_get` slow path on ANY guard
   |     ^
   |
   = help: if this is supposed to be its own paragraph, add a blank line
   = help: for further information visit https://rust-lang.github.io/rust-clippy/master/index.html#doc_lazy_continuation
help: indent this line
   |
36 | ///      and falls back to the existing `js_dyn_index_get` slow path on ANY guard
   |     +++++

warning: doc list item without indentation
  --> crates/perry-codegen/src/expr/index_get/inline_dyn_typed_array.rs:37:5
   |
37 | /// miss (non-pointer, cache miss, view live, BigInt/Float16 kind, OOB /
   |     ^
   |
   = help: if this is supposed to be its own paragraph, add a blank line
   = help: for further information visit https://rust-lang.github.io/rust-clippy/master/index.html#doc_lazy_continuation
help: indent this line
   |
37 | ///      miss (non-pointer, cache miss, view live, BigInt/Float16 kind, OOB /
   |     +++++

warning: doc list item without indentation
  --> crates/perry-codegen/src/expr/index_get/inline_dyn_typed_array.rs:38:5
   |
38 | /// fractional / negative index, runtime-string or symbol key). Because every
   |     ^
   |
   = help: if this is supposed to be its own paragraph, add a blank line
   = help: for further information visit https://rust-lang.github.io/rust-clippy/master/index.html#doc_lazy_continuation
help: indent this line
   |
38 | ///      fractional / negative index, runtime-string or symbol key). Because every
   |     +++++

warning: doc list item without indentation
  --> crates/perry-codegen/src/expr/index_get/inline_dyn_typed_array.rs:39:5
   |
39 | /// rejected case defers to the unchanged runtime helper, semantics are
   |     ^
   |
   = help: if this is supposed to be its own paragraph, add a blank line
   = help: for further information visit https://rust-lang.github.io/rust-clippy/master/index.html#doc_lazy_continuation
help: indent this line
   |
39 | ///      rejected case defers to the unchanged runtime helper, semantics are
   |     +++++

warning: doc list item without indentation
  --> crates/perry-codegen/src/expr/index_get/inline_dyn_typed_array.rs:40:5
   |
40 | /// identical; only the hot monomorphic numeric-typed-array case is short-cut.
   |     ^
   |
   = help: if this is supposed to be its own paragraph, add a blank line
   = help: for further information visit https://rust-lang.github.io/rust-clippy/master/index.html#doc_lazy_continuation
help: indent this line
   |
40 | ///      identical; only the hot monomorphic numeric-typed-array case is short-cut.
   |     +++++

warning: doc list item without indentation
  --> crates/perry-codegen/src/expr/index_get/inline_dyn_typed_array.rs:41:5
   |
41 | /// `obj_box` / `idx_d` are the already-lowered receiver and index (DOUBLE).
   |     ^
   |
   = help: if this is supposed to be its own paragraph, add a blank line
   = help: for further information visit https://rust-lang.github.io/rust-clippy/master/index.html#doc_lazy_continuation
help: indent this line
   |
41 | ///      `obj_box` / `idx_d` are the already-lowered receiver and index (DOUBLE).
   |     +++++

warning: calls to `push` immediately after creation
   --> crates/perry-codegen/src/expr/index_get/inline_dyn_typed_array.rs:239:9
    |
239 | /         let mut incoming: Vec<(String, String)> = Vec::new();
240 | |         // I8 (sext), U8 (zext), I16 (sext), U16 (zext) via the small-int helper.
241 | |         incoming.push(emit_inline_ta_int_load(
242 | |             ctx,
...   |
279 | |             false,
280 | |         ));
    | |___________^ help: consider using the `vec![]` macro: `let mut incoming: Vec<(String, String)> = vec![..];`
    |
    = help: for further information visit https://rust-lang.github.io/rust-clippy/master/index.html#vec_init_then_push
    = note: `#[warn(clippy::vec_init_then_push)]` on by default

warning: redundant guard
   --> crates/perry-codegen/src/expr/index_get.rs:204:45
    |
204 |         Expr::Binary { op, left, right } if matches!(op, BinaryOp::BitAnd) => {
    |                                             ^^^^^^^^^^^^^^^^^^^^^^^^^^^^^^
    |
    = help: for further information visit https://rust-lang.github.io/rust-clippy/master/index.html#redundant_guards
help: try
    |
204 -         Expr::Binary { op, left, right } if matches!(op, BinaryOp::BitAnd) => {
204 +         Expr::Binary { op: BinaryOp::BitAnd, left, right } => {
    |

warning: redundant guard
   --> crates/perry-codegen/src/expr/index_set.rs:171:45
    |
171 |         Expr::Binary { op, left, right } if matches!(op, BinaryOp::BitAnd) => {
    |                                             ^^^^^^^^^^^^^^^^^^^^^^^^^^^^^^
    |
    = help: for further information visit https://rust-lang.github.io/rust-clippy/master/index.html#redundant_guards
help: try
    |
171 -         Expr::Binary { op, left, right } if matches!(op, BinaryOp::BitAnd) => {
171 +         Expr::Binary { op: BinaryOp::BitAnd, left, right } => {
    |

warning: unneeded `return` statement
    --> crates/perry-codegen/src/expr/index_set.rs:1518:13
     |
1518 | /             return rooting::with_operands_rooted_across(
1519 | |                 ctx,
1520 | |                 &[object.as_ref(), index.as_ref()],
1521 | |                 &[value.as_ref()],
...    |
1670 | |                 },
1671 | |             );
     | |_____________^
     |
     = help: for further information visit https://rust-lang.github.io/rust-clippy/master/index.html#needless_return
     = note: `#[warn(clippy::needless_return)]` on by default
help: remove `return`
     |
1518 ~             rooting::with_operands_rooted_across(
1519 +                 ctx,
1520 +                 &[object.as_ref(), index.as_ref()],
1521 +                 &[value.as_ref()],
1522 +                 |ctx| {
1523 +                     lower_value_for_dynamic_index_set(
1524 +                         ctx,
1525 +                         value,
1526 +                         "index_set.dynamic_value_bits",
1527 +                         "polymorphic_index_set_helper_edge",
1528 +                     )
1529 +                 },
1530 +                 |ctx, vals, (val_double, _val_bits)| {
1531 +                     let (obj_box, idx_box) = (vals[0].clone(), vals[1].clone());
1532 +                     let obj_bits = ctx.block().bitcast_double_to_i64(&obj_box);
1533 +                     super::property_set::emit_nullish_write_guard(ctx, &obj_bits, "index", "iset");
1534 +                     let static_classref =
1535 +                         super::index_get::index_object_is_class_or_proto_ref(ctx, object.as_ref());
1536 +                     let obj_handle = {
1537 +                         let blk = ctx.block();
1538 +                         super::index_get::classref_preserving_handle(
1539 +                             blk,
1540 +                             &obj_bits,
1541 +                             static_classref,
1542 +                         )
1543 +                     };
1544 +                     let feedback_site_id = emit_typed_feedback_register_site(
1545 +                         ctx,
1546 +                         TypedFeedbackKind::ArrayElement,
1547 +                         "index_set",
1548 +                         TypedFeedbackContract::polymorphic_index_set(),
1549 +                     );
1550 +                     // Symbol check: js_is_symbol returns 1 if idx_box is a Symbol.
1551 +                     let is_sym_i32 = ctx.block().call(I32, "js_is_symbol", &[(DOUBLE, &idx_box)]);
1552 +                     let is_sym_bit = ctx.block().icmp_ne(I32, &is_sym_i32, "0");
1553 +                     let sym_set = ctx.new_block("iset.sym");
1554 +                     let nonsym_set = ctx.new_block("iset.nonsym");
1555 +                     let str_set = ctx.new_block("iset.str");
1556 +                     let num_set = ctx.new_block("iset.num");
1557 +                     let set_merge = ctx.new_block("iset.merge");
1558 +                     let sym_lbl = ctx.block_label(sym_set);
1559 +                     let nonsym_lbl = ctx.block_label(nonsym_set);
1560 +                     let str_lbl = ctx.block_label(str_set);
1561 +                     let num_lbl = ctx.block_label(num_set);
1562 +                     let merge_lbl = ctx.block_label(set_merge);
1563 +                     ctx.block().cond_br(&is_sym_bit, &sym_lbl, &nonsym_lbl);
1564 ~                     // Symbol key → side-table set.
1565 +                     ctx.current_block = sym_set;
1566 +                     ctx.block().call(
1567 +                         DOUBLE,
1568 +                         "js_object_set_symbol_property",
1569 +                         &[
1570 +                             (DOUBLE, &obj_box),
1571 +                             (DOUBLE, &idx_box),
1572 +                             (DOUBLE, &val_double),
1573 +                         ],
1574 +                     );
1575 +                     ctx.block().br(&merge_lbl);
1576 ~                     // Not a symbol — recompute idx_bits in this block (LLVM SSA, no
1577 +                     // dominance issue: each branch starts fresh).
1578 +                     ctx.current_block = nonsym_set;
1579 +                     let blk = ctx.block();
1580 +                     let idx_bits = blk.bitcast_double_to_i64(&idx_box);
1581 +                     let top16 = blk.lshr(I64, &idx_bits, "48");
1582 +                     // STRING_TAG (0x7FFF) heap pointer + SHORT_STRING_TAG (0x7FF9) SSO.
1583 +                     // See IndexGet path comment / issue #434 for the SSO rationale.
1584 +                     let is_str_tag_heap = blk.icmp_eq(I64, &top16, "32767");
1585 +                     let lower48 = blk.and(I64, &idx_bits, POINTER_MASK_I64);
1586 +                     let is_valid_ptr = blk.icmp_ugt(I64, &lower48, "4095");
1587 +                     let is_str_heap = blk.and(crate::types::I1, &is_str_tag_heap, &is_valid_ptr);
1588 +                     let is_str_tag_sso = blk.icmp_eq(I64, &top16, "32761");
1589 +                     let is_str = blk.or(crate::types::I1, &is_str_heap, &is_str_tag_sso);
1590 +                     ctx.block().cond_br(&is_str, &str_lbl, &num_lbl);
1591 ~                     // String key → polymorphic helper that detects array receivers
1592 +                     // and parses numeric-string keys as array indices, falling
1593 +                     // through to `js_object_set_field_by_name` for Object/Closure
1594 +                     // receivers. Issue #637: pre-fix this called the object setter
1595 +                     // unconditionally, which silently no-op'd `arr[stringKey] = X`
1596 +                     // on captured arrays whose static type was lost across the
1597 +                     // closure boundary (forEach callbacks, replace callbacks, etc.).
1598 +                     ctx.current_block = str_set;
1599 +                     // #7640 section D, the cross-block half. `unbox_str_handle`
1600 +                     // can allocate (SSO materialisation), and the entry block's
1601 +                     // `obj_handle` is a RAW `i64` computed two conditional
1602 ~                     // branches above it — nothing can name it across that
1603 +                     // allocation. Re-derive it here, below the key unbox.
1604 +                     // A distinct name, not a shadow: the NUMERIC sibling block
1605 +                     // below uses the entry block's `obj_handle`, which a
1606 +                     // definition in THIS block does not dominate.
1607 +                     let (key_handle, str_obj_handle) = {
1608 +                         let blk = ctx.block();
1609 +                         let key_handle = unbox_str_handle(blk, &idx_box);
1610 +                         let str_obj_handle = super::index_get::classref_preserving_handle(
1611 +                             blk,
1612 +                             &obj_bits,
1613 +                             static_classref,
1614 +                         );
1615 +                         (key_handle, str_obj_handle)
1616 +                     };
1617 +                     ctx.block().call(
1618 +                         I64,
1619 +                         "js_typed_feedback_array_set_string_key",
1620 +                         &[
1621 +                             (I64, &feedback_site_id),
1622 +                             (I64, &str_obj_handle),
1623 +                             (I64, &key_handle),
1624 +                             (DOUBLE, &val_double),
1625 +                         ],
1626 +                     );
1627 +                     ctx.block().br(&merge_lbl);
1628 ~                     // Numeric key → polymorphic dispatch.
1629 +                     //
1630 +                     // Closes #471: the previous fallback emitted an inline
1631 +                     // `obj_handle + 8 + idx*8` store on the assumption that the
1632 +                     // receiver had an ArrayHeader (8-byte header) layout. That's
1633 +                     // a load-bearing assumption for `arr[i] = v` against an
1634 +                     // unknown-typed receiver where `is_array_expr` couldn't
1635 ~                     // narrow it statically — but the header spans object_header_size_bytes(...) bytes, then inline slots, plus
1636 +                     // `max(field_count, 8)` inline slots, so writing at offset
1637 ~                     // `8 + idx*8` for any `idx ≥ 7` overflows the object's
1638 +                     // allocation and corrupts the adjacent heap object. The
1639 ~                     // @perryts/mongodb #471 repro hit this with `idMap[i] = …`
1640 +                     // (a `Record<number, unknown>`) and trampled the keys_array
1641 +                     // of an unrelated object that the BSON encoder later read
1642 +                     // as an empty doc, producing structurally-truncated wire data.
1643 +                     //
1644 +                     // Route through the runtime which checks the receiver's GC
1645 +                     // type and dispatches: arrays/buffers/typed-arrays through
1646 +                     // js_array_set_f64_extend (handles forwarding + per-kind
1647 +                     // stores), plain objects through stringify-the-index +
1648 +                     // js_object_set_field_by_name. The forwarding-chain handling
1649 +                     // that the previous code's inline-vs-fwd branch did is now
1650 +                     // inside js_array_set_f64_extend's clean_arr_ptr_mut.
1651 +                     ctx.current_block = num_set;
1652 +                     {
1653 +                         let blk = ctx.block();
1654 +                         blk.call_void(
1655 +                             "js_typed_feedback_object_set_index_polymorphic",
1656 +                             &[
1657 +                                 (I64, &feedback_site_id),
1658 +                                 (I64, &obj_handle),
1659 +                                 (DOUBLE, &idx_box),
1660 +                                 (DOUBLE, &val_double),
1661 +                             ],
1662 +                         );
1663 +                     }
1664 +                     ctx.block().br(&merge_lbl);
1665 +                     // The group is released after `body` returns, which lands the
1666 ~                     // truncate in the merge block — below every arm's setter, each of
1667 +                     // which can run a user setter and therefore collect.
1668 +                     ctx.current_block = set_merge;
1669 +                     Ok(val_double)
1670 +                 },
1671 ~             )
     |

warning: doc list item without indentation
  --> crates/perry-codegen/src/expr/index_set_guarded.rs:37:5
   |
37 | //! `lower_index_set_fast`'s own in-bounds arm, so the string addref, the GC
   |     ^
   |
   = help: if this is supposed to be its own paragraph, add a blank line
   = help: for further information visit https://rust-lang.github.io/rust-clippy/master/index.html#doc_lazy_continuation
help: indent this line
   |
37 | //!   `lower_index_set_fast`'s own in-bounds arm, so the string addref, the GC
   |     ++

warning: doc list item without indentation
  --> crates/perry-codegen/src/expr/index_set_guarded.rs:38:5
   |
38 | //! layout note, the write barrier and the raw-f64 layout downgrade are the same
   |     ^
   |
   = help: if this is supposed to be its own paragraph, add a blank line
   = help: for further information visit https://rust-lang.github.io/rust-clippy/master/index.html#doc_lazy_continuation
help: indent this line
   |
38 | //!   layout note, the write barrier and the raw-f64 layout downgrade are the same
   |     ++

warning: doc list item without indentation
  --> crates/perry-codegen/src/expr/index_set_guarded.rs:39:5
   |
39 | //! code on both paths rather than a second implementation of them.
   |     ^
   |
   = help: if this is supposed to be its own paragraph, add a blank line
   = help: for further information visit https://rust-lang.github.io/rust-clippy/master/index.html#doc_lazy_continuation
help: indent this line
   |
39 | //!   code on both paths rather than a second implementation of them.
   |     ++

warning: this `if` has identical blocks
   --> crates/perry-codegen/src/expr/literals_vars.rs:318:21
    |
318 | /                     {
319 | |                         Some("function")
320 | |                     } else if is_headers_instance_method(ctx, object, property) {
    | |_____________________^
    |
note: same as this
   --> crates/perry-codegen/src/expr/literals_vars.rs:320:81
    |
320 |                       } else if is_headers_instance_method(ctx, object, property) {
    |  _________________________________________________________________________________^
321 | |                         Some("function")
322 | |                     } else if is_classic_stream_instance_method(ctx, object, property) {
    | |_____________________^
    = help: for further information visit https://rust-lang.github.io/rust-clippy/master/index.html#if_same_then_else

warning: this `if` has identical blocks
   --> crates/perry-codegen/src/expr/literals_vars.rs:320:81
    |
320 |                       } else if is_headers_instance_method(ctx, object, property) {
    |  _________________________________________________________________________________^
321 | |                         Some("function")
322 | |                     } else if is_classic_stream_instance_method(ctx, object, property) {
    | |_____________________^
    |
note: same as this
   --> crates/perry-codegen/src/expr/literals_vars.rs:322:88
    |
322 |                       } else if is_classic_stream_instance_method(ctx, object, property) {
    |  ________________________________________________________________________________________^
323 | |                         Some("function")
324 | |                     } else if let Expr::ExternFuncRef { name, .. } = object.as_ref() {
    | |_____________________^
    = help: for further information visit https://rust-lang.github.io/rust-clippy/master/index.html#if_same_then_else

warning: it looks like the same item is being pushed into this `Vec`
    --> crates/perry-codegen/src/expr/property_get.rs:1217:29
     |
1217 | ...                   wrap_param_types.push(DOUBLE);
     |                       ^^^^^^^^^^^^^^^^
     |
     = help: consider using `vec![DOUBLE;SIZE]`
     = help: or `wrap_param_types.extend(std::iter::repeat_n(DOUBLE, SIZE))`
     = help: for further information visit https://rust-lang.github.io/rust-clippy/master/index.html#same_item_push

warning: unneeded `return` statement
    --> crates/perry-codegen/src/expr/property_set.rs:1534:13
     |
1534 | /             return lower_put_value_property_set_by_name(
1535 | |                 ctx,
1536 | |                 object,
1537 | |                 property,
1538 | |                 value,
1539 | |                 assignment_strict,
1540 | |             );
     | |_____________^
     |
     = help: for further information visit https://rust-lang.github.io/rust-clippy/master/index.html#needless_return
help: remove `return`
     |
1534 ~             lower_put_value_property_set_by_name(
1535 +                 ctx,
1536 +                 object,
1537 +                 property,
1538 +                 value,
1539 +                 assignment_strict,
1540 ~             )
     |

warning: the following explicit lifetimes could be elided: 'v
  --> crates/perry-codegen/src/expr/proxy_reflect.rs:81:15
   |
81 | fn boxed_args<'v>(values: &'v [String]) -> Vec<(LlvmType, &'v str)> {
   |               ^^           ^^                              ^^
   |
   = help: for further information visit https://rust-lang.github.io/rust-clippy/master/index.html#needless_lifetimes
help: elide the lifetimes
   |
81 - fn boxed_args<'v>(values: &'v [String]) -> Vec<(LlvmType, &'v str)> {
81 + fn boxed_args(values: &[String]) -> Vec<(LlvmType, &str)> {
   |

warning: this function has too many arguments (8/7)
    --> crates/perry-codegen/src/expr/mod.rs:2960:1
     |
2960 | / pub(crate) fn record_collection_number_key_selected(
2961 | |     ctx: &mut FnCtx<'_>,
2962 | |     expr_kind: &'static str,
2963 | |     consumer: &'static str,
...    |
2968 | |     key_label: &'static str,
2969 | | ) {
     | |_^
     |
     = help: for further information visit https://rust-lang.github.io/rust-clippy/master/index.html#too_many_arguments

warning: this function has too many arguments (9/7)
    --> crates/perry-codegen/src/expr/mod.rs:2995:1
     |
2995 | / pub(crate) fn record_collection_number_key_fallback(
2996 | |     ctx: &mut FnCtx<'_>,
2997 | |     expr_kind: &'static str,
2998 | |     consumer: &'static str,
...    |
3004 | |     key_label: &'static str,
3005 | | ) {
     | |_^
     |
     = help: for further information visit https://rust-lang.github.io/rust-clippy/master/index.html#too_many_arguments

warning: this function has too many arguments (8/7)
    --> crates/perry-codegen/src/expr/mod.rs:3030:1
     |
3030 | / pub(crate) fn record_collection_typed_value_selected(
3031 | |     ctx: &mut FnCtx<'_>,
3032 | |     expr_kind: &'static str,
3033 | |     consumer: &'static str,
...    |
3038 | |     slot_boundary: &'static str,
3039 | | ) {
     | |_^
     |
     = help: for further information visit https://rust-lang.github.io/rust-clippy/master/index.html#too_many_arguments

warning: this function has too many arguments (8/7)
    --> crates/perry-codegen/src/expr/mod.rs:3063:1
     |
3063 | / pub(crate) fn record_collection_typed_value_fallback(
3064 | |     ctx: &mut FnCtx<'_>,
3065 | |     expr_kind: &'static str,
3066 | |     consumer: &'static str,
...    |
3071 | |     reason: &'static str,
3072 | | ) {
     | |_^
     |
     = help: for further information visit https://rust-lang.github.io/rust-clippy/master/index.html#too_many_arguments

warning: this block may be rewritten with the `?` operator
   --> crates/perry-codegen/src/gc_call_effects.rs:335:12
    |
335 |       } else if let Some(pos) = trimmed.find("call ") {
    |  ____________^
336 | |         pos + "call ".len()
337 | |     } else {
338 | |         return None;
339 | |     };
    | |_____^
    |
    = help: for further information visit https://rust-lang.github.io/rust-clippy/master/index.html#question_mark
    = note: `#[warn(clippy::question_mark)]` on by default
help: replace it with
    |
335 ~     } else {
336 +         let pos = trimmed.find("call ")?;
337 +         pos + "call ".len()
338 ~     };
    |

warning: manual implementation of `.is_multiple_of()`
   --> crates/perry-codegen/src/gc_map.rs:359:32
    |
359 |             while align > 1 && bytes.len() % align != 0 {
    |                                ^^^^^^^^^^^^^^^^^^^^^^^^ help: replace with: `!bytes.len().is_multiple_of(align)`
    |
    = help: for further information visit https://rust-lang.github.io/rust-clippy/master/index.html#manual_is_multiple_of
    = note: `#[warn(clippy::manual_is_multiple_of)]` on by default

warning: manual implementation of `.is_multiple_of()`
   --> crates/perry-codegen/src/gc_map.rs:586:56
    |
586 |                         if start <= locations.len() && (locations.len() - start) % 2 == 0 =>
    |                                                        ^^^^^^^^^^^^^^^^^^^^^^^^^^^^^^^^^^ help: replace with: `(locations.len() - start).is_multiple_of(2)`
    |
    = help: for further information visit https://rust-lang.github.io/rust-clippy/master/index.html#manual_is_multiple_of

warning: using `chunks_exact` with a constant chunk size
   --> crates/perry-codegen/src/gc_map.rs:588:56
    |
588 |                         for pair in locations[start..].chunks_exact(2) {
    |                                                        ^^^^^^^^^^^^^^^ help: consider using `as_chunks` instead: `as_chunks::<2>().0`
    |
    = help: for further information visit https://rust-lang.github.io/rust-clippy/master/index.html#chunks_exact_to_as_chunks
    = note: `#[warn(clippy::chunks_exact_to_as_chunks)]` on by default

warning: very complex type used. Consider factoring parts into `type` definitions
   --> crates/perry-codegen/src/gc_map.rs:779:34
    |
779 |         let mut previous_record: Option<(&Vec<(u16, i32)>, &Vec<(u32, u16, i32)>)> = None;
    |                                  ^^^^^^^^^^^^^^^^^^^^^^^^^^^^^^^^^^^^^^^^^^^^^^^^^
    |
    = help: for further information visit https://rust-lang.github.io/rust-clippy/master/index.html#type_complexity

warning: very complex type used. Consider factoring parts into `type` definitions
   --> crates/perry-codegen/src/gc_map.rs:938:27
    |
938 |         let mut previous: Option<(Vec<(u16, i32)>, Vec<(u32, u16, i32)>)> = None;
    |                           ^^^^^^^^^^^^^^^^^^^^^^^^^^^^^^^^^^^^^^^^^^^^^^^
    |
    = help: for further information visit https://rust-lang.github.io/rust-clippy/master/index.html#type_complexity

warning: this function has too many arguments (9/7)
  --> crates/perry-codegen/src/inprocess/optimize_emit.rs:7:1
   |
 7 | / pub(super) fn optimize_and_emit(
 8 | |     module: &inkwell::module::Module<'_>,
 9 | |     effective_target: &str,
10 | |     opt: char,
...  |
16 | |     mut stats: Option<&mut UnitCodegenStats>,
17 | | ) -> Result<Vec<u8>> {
   | |____________________^
   |
   = help: for further information visit https://rust-lang.github.io/rust-clippy/master/index.html#too_many_arguments

warning: this `map_or` can be simplified
   --> crates/perry-codegen/src/inprocess.rs:737:37
    |
737 |                       let intrinsic = call
    |  _____________________________________^
738 | |                         .get_called_fn_value()
739 | |                         .map_or(false, |callee| callee.get_intrinsic_id() != 0);
    | |_______________________________________________________________________________^
    |
    = help: for further information visit https://rust-lang.github.io/rust-clippy/master/index.html#unnecessary_map_or
help: use `is_some_and` instead
    |
739 -                         .map_or(false, |callee| callee.get_intrinsic_id() != 0);
739 +                         .is_some_and(|callee| callee.get_intrinsic_id() != 0);
    |

warning: doc list item without indentation
   --> crates/perry-codegen/src/linker.rs:656:5
    |
656 | /// exp/llvm-inprocess Phase 2: plan argv for a natively-constructed module,
    |     ^
    |
    = help: if this is supposed to be its own paragraph, add a blank line
    = help: for further information visit https://rust-lang.github.io/rust-clippy/master/index.html#doc_lazy_continuation
help: indent this line
    |
656 | ///   exp/llvm-inprocess Phase 2: plan argv for a natively-constructed module,
    |     ++

warning: doc list item without indentation
   --> crates/perry-codegen/src/linker.rs:657:5
    |
657 | /// produced by the SAME decision code as the clang path so optimization and
    |     ^
    |
    = help: if this is supposed to be its own paragraph, add a blank line
    = help: for further information visit https://rust-lang.github.io/rust-clippy/master/index.html#doc_lazy_continuation
help: indent this line
    |
657 | ///   produced by the SAME decision code as the clang path so optimization and
    |     ++

warning: doc list item without indentation
   --> crates/perry-codegen/src/linker.rs:658:5
    |
658 | /// CPU tuning cannot drift. The paths in the argv are placeholders the
    |     ^
    |
    = help: if this is supposed to be its own paragraph, add a blank line
    = help: for further information visit https://rust-lang.github.io/rust-clippy/master/index.html#doc_lazy_continuation
help: indent this line
    |
658 | ///   CPU tuning cannot drift. The paths in the argv are placeholders the
    |     ++

warning: doc list item without indentation
   --> crates/perry-codegen/src/linker.rs:659:5
    |
659 | /// in-process interpreter skips.
    |     ^
    |
    = help: if this is supposed to be its own paragraph, add a blank line
    = help: for further information visit https://rust-lang.github.io/rust-clippy/master/index.html#doc_lazy_continuation
help: indent this line
    |
659 | ///   in-process interpreter skips.
    |     ++

warning: this `match` expression can be replaced with `?`
    --> crates/perry-codegen/src/linker.rs:1692:20
     |
1692 |       let path_var = match env::var_os("PATH") {
     |  ____________________^
1693 | |         Some(p) => p,
1694 | |         None => return None,
1695 | |     };
     | |_____^ help: try instead: `env::var_os("PATH")?`
     |
     = help: for further information visit https://rust-lang.github.io/rust-clippy/master/index.html#question_mark

warning: this block may be rewritten with the `?` operator
  --> crates/perry-codegen/src/lower_call/dataview_intrinsic.rs:29:12
   |
29 |       } else if let Some(s) = method.strip_prefix("set") {
   |  ____________^
30 | |         (true, s)
31 | |     } else {
32 | |         return None;
33 | |     };
   | |_____^
   |
   = help: for further information visit https://rust-lang.github.io/rust-clippy/master/index.html#question_mark
help: replace it with
   |
29 ~     } else {
30 +         let s = method.strip_prefix("set")?;
31 +         (true, s)
32 ~     };
   |

warning: this function has too many arguments (8/7)
   --> crates/perry-codegen/src/lower_call/extern_func.rs:180:1
    |
180 | / fn lower_native_handle_param(
181 | |     ctx: &mut FnCtx<'_>,
182 | |     descriptor: &NativeAbiType,
183 | |     handle: &NativeHandleAbi,
...   |
188 | |     arg_types: &mut Vec<crate::types::LlvmType>,
189 | | ) {
    | |_^
    |
    = help: for further information visit https://rust-lang.github.io/rust-clippy/master/index.html#too_many_arguments

warning: this function has too many arguments (11/7)
   --> crates/perry-codegen/src/lower_call/extern_func.rs:219:1
    |
219 | / fn record_native_abi_pod_param(
220 | |     ctx: &mut FnCtx<'_>,
221 | |     descriptor: &NativeAbiType,
222 | |     local_id: Option<u32>,
...   |
230 | |     notes: Vec<String>,
231 | | ) {
    | |_^
    |
    = help: for further information visit https://rust-lang.github.io/rust-clippy/master/index.html#too_many_arguments

warning: this function has too many arguments (8/7)
   --> crates/perry-codegen/src/lower_call/extern_func.rs:472:1
    |
472 | / pub(super) fn lower_manifest_pod_param(
473 | |     ctx: &mut FnCtx<'_>,
474 | |     descriptor: &NativeAbiType,
475 | |     pod: &NativePodAbi,
...   |
480 | |     arg_types: &mut Vec<crate::types::LlvmType>,
481 | | ) -> Result<()> {
    | |_______________^
    |
    = help: for further information visit https://rust-lang.github.io/rust-clippy/master/index.html#too_many_arguments

warning: this function has too many arguments (8/7)
   --> crates/perry-codegen/src/lower_call/extern_func.rs:707:1
    |
707 | / pub(super) fn lower_manifest_pod_view_param(
708 | |     ctx: &mut FnCtx<'_>,
709 | |     descriptor: &NativeAbiType,
710 | |     pod: &NativePodAbi,
...   |
715 | |     arg_types: &mut Vec<crate::types::LlvmType>,
716 | | ) -> Result<()> {
    | |_______________^
    |
    = help: for further information visit https://rust-lang.github.io/rust-clippy/master/index.html#too_many_arguments

warning: doc list item without indentation
   --> crates/perry-codegen/src/lower_call/field_init.rs:392:5
    |
392 | /// Per-class prologue sets for `leaf`'s whole inheritance chain, root → leaf,
    |     ^
    |
    = help: if this is supposed to be its own paragraph, add a blank line
    = help: for further information visit https://rust-lang.github.io/rust-clippy/master/index.html#doc_lazy_continuation
help: indent this line
    |
392 | ///   Per-class prologue sets for `leaf`'s whole inheritance chain, root → leaf,
    |     ++

warning: doc list item without indentation
   --> crates/perry-codegen/src/lower_call/field_init.rs:393:5
    |
393 | /// or `None` if ANY class on it is disqualified.
    |     ^
    |
    = help: if this is supposed to be its own paragraph, add a blank line
    = help: for further information visit https://rust-lang.github.io/rust-clippy/master/index.html#doc_lazy_continuation
help: indent this line
    |
393 | ///   or `None` if ANY class on it is disqualified.
    |     ++

warning: this `match` expression can be replaced with `?`
   --> crates/perry-codegen/src/lower_call/field_init.rs:410:29
    |
410 |               Some(parent) => match classes.get(parent).copied() {
    |  _____________________________^
411 | |                 Some(pc) => Some(pc),
412 | |                 None => return None,
413 | |             },
    | |_____________^
    |
    = help: for further information visit https://rust-lang.github.io/rust-clippy/master/index.html#question_mark
help: try instead
    |
410 ~             Some(parent) => {
411 +                 let pc = classes.get(parent).copied()?;
412 +                 Some(pc)
413 ~             },
    |

warning: this `let...else` may be rewritten with the `?` operator
   --> crates/perry-codegen/src/lower_call/func_ref.rs:98:17
    |
 98 | /                 let Some(binding) = ctx.spec_ta_bindings.get(id) else {
 99 | |                     return None;
100 | |                 };
    | |__________________^ help: replace it with: `let binding = ctx.spec_ta_bindings.get(id)?;`
    |
    = help: for further information visit https://rust-lang.github.io/rust-clippy/master/index.html#question_mark

warning: this `if` has identical blocks
   --> crates/perry-codegen/src/lower_call/func_ref.rs:817:24
    |
817 |       if reps.is_empty() {
    |  ________________________^
818 | |         format!("typed_signature={ret}({first})->{ret}")
819 | |     } else if reps.len() == 1 && !closure_arg {
    | |_____^
    |
note: same as this
   --> crates/perry-codegen/src/lower_call/func_ref.rs:819:47
    |
819 |       } else if reps.len() == 1 && !closure_arg {
    |  _______________________________________________^
820 | |         format!("typed_signature={ret}({first})->{ret}")
821 | |     } else {
    | |_____^
    = help: for further information visit https://rust-lang.github.io/rust-clippy/master/index.html#if_same_then_else

warning: this function has too many arguments (8/7)
   --> crates/perry-codegen/src/lower_call/method_override.rs:229:1
    |
229 | / pub(crate) fn emit_inline_direct_method_shape_guard(
230 | |     ctx: &mut FnCtx<'_>,
231 | |     recv_box: &str,
232 | |     expected_class_id: &str,
...   |
242 | |     accept_raw_ptr: bool,
243 | | ) {
    | |_^
    |
    = help: for further information visit https://rust-lang.github.io/rust-clippy/master/index.html#too_many_arguments

warning: this function has too many arguments (17/7)
   --> crates/perry-codegen/src/lower_call/method_override.rs:907:1
    |
907 | / pub(super) fn emit_guarded_direct_method_call(
908 | |     ctx: &mut FnCtx<'_>,
909 | |     recv_box: &str,
910 | |     receiver_class_name: &str,
...   |
924 | |     subclass_arms: &[SubclassDispatchArm],
925 | | ) -> Option<String> {
    | |___________________^
    |
    = help: for further information visit https://rust-lang.github.io/rust-clippy/master/index.html#too_many_arguments

warning: doc list item without indentation
  --> crates/perry-codegen/src/lower_call/native/mod.rs:22:5
   |
22 | //! The giant `lower_native_method_call` dispatcher itself stays here.
   |     ^
   |
   = help: if this is supposed to be its own paragraph, add a blank line
   = help: for further information visit https://rust-lang.github.io/rust-clippy/master/index.html#doc_lazy_continuation
help: indent this line
   |
22 | //!   The giant `lower_native_method_call` dispatcher itself stays here.
   |     ++

warning: called `unwrap` on `object` after checking its variant with `is_some`
  --> crates/perry-codegen/src/lower_call/native/perf_hooks.rs:33:39
   |
31 |     if object.is_some() && matches!(method, "observe" | "disconnect" | "takeRecords") {
   |        ---------------- the check is happening here
32 |         let undef = double_literal(f64::from_bits(crate::nanbox::TAG_UNDEFINED));
33 |         let obs_val = lower_expr(ctx, object.unwrap())?;
   |                                       ^^^^^^^^^^^^^^^
   |
   = help: try using `match`
   = help: for further information visit https://rust-lang.github.io/rust-clippy/master/index.html#unnecessary_unwrap
   = note: `#[warn(clippy::unnecessary_unwrap)]` on by default

warning: called `unwrap` on `object` after checking its variant with `is_some`
 --> crates/perry-codegen/src/lower_call/native/native_fs_branch.rs:4:20
  |
3 |     if (module == "fs" || module == "node:fs") && object.is_some() {
  |                                                   ---------------- the check is happening here
4 |         let recv = object.unwrap();
  |                    ^^^^^^^^^^^^^^^
  |
  = help: try using `match`
  = help: for further information visit https://rust-lang.github.io/rust-clippy/master/index.html#unnecessary_unwrap

warning: this expression creates a reference which is immediately dereferenced by the compiler
   --> crates/perry-codegen/src/lower_call/native/mod.rs:234:37
    |
234 | ...                   &ctx.module_global_proven_types,
    |                       ^^^^^^^^^^^^^^^^^^^^^^^^^^^^^^^ help: change this to: `ctx.module_global_proven_types`
    |
    = help: for further information visit https://rust-lang.github.io/rust-clippy/master/index.html#needless_borrow

warning: large array defined as const
  --> crates/perry-codegen/src/lower_call/native_table/node_core.rs:62:1
   |
62 | const NODE_CORE_ROWS_ARR: [NativeModSig; NODE_CORE_ROWS_LEN] = concat_node_core_rows();
   | -----^^^^^^^^^^^^^^^^^^^^^^^^^^^^^^^^^^^^^^^^^^^^^^^^^^^^^^^^^^^^^^^^^^^^^^^^^^^^^^^^^^
   | |
   | help: make this a static item: `static`
   |
   = help: for further information visit https://rust-lang.github.io/rust-clippy/master/index.html#large_const_arrays
   = note: `#[warn(clippy::large_const_arrays)]` on by default

warning: explicit call to `.into_iter()` in function argument accepting `IntoIterator`
  --> crates/perry-codegen/src/lower_call/new_ctor_args.rs:83:14
   |
83 |         .zip(param_proofs.into_iter())
   |              ^^^^^^^^^^^^^^^^^^^^^^^^
   |
note: this parameter accepts any `IntoIterator`, so you don't need to call `.into_iter()`
  --> /rustc/f7d782a3be46d6bb4b9792fe69a61db389ba1769/library/core/src/iter/traits/iterator.rs:632:11
   = help: for further information visit https://rust-lang.github.io/rust-clippy/master/index.html#useless_conversion
   = note: `#[warn(clippy::useless_conversion)]` on by default
help: consider removing the `.into_iter()`
   |
83 -         .zip(param_proofs.into_iter())
83 +         .zip(param_proofs)
   |

warning: this `let...else` may be rewritten with the `?` operator
   --> crates/perry-codegen/src/lower_call/new_helpers.rs:617:9
    |
617 | /         let Some(parent) = ctx.classes.get(name).copied() else {
618 | |             return None;
619 | |         };
    | |__________^ help: replace it with: `let parent = ctx.classes.get(name).copied()?;`
    |
    = help: for further information visit https://rust-lang.github.io/rust-clippy/master/index.html#question_mark

warning: doc list item overindented
  --> crates/perry-codegen/src/lower_call/options/mod.rs:14:5
   |
14 | //!                        Request / Response / blob / readable_stream)
   |     ^^^^^^^^^^^^^^^^^^^^^^^ help: try using `  ` (2 spaces)
   |
   = help: for further information visit https://rust-lang.github.io/rust-clippy/master/index.html#doc_overindented_list_items
   = note: `#[warn(clippy::doc_overindented_list_items)]` on by default

warning: this function has too many arguments (9/7)
  --> crates/perry-codegen/src/lower_call/property_get/dynamic_dispatch.rs:62:1
   |
62 | / fn build_direct_method_args(
63 | |     ctx: &mut FnCtx<'_>,
64 | |     recv_box: &str,
65 | |     user_args: &[String],
...  |
71 | |     undefined_lit: &str,
72 | | ) -> Vec<String> {
   | |________________^
   |
   = help: for further information visit https://rust-lang.github.io/rust-clippy/master/index.html#too_many_arguments

warning: this function has too many arguments (8/7)
   --> crates/perry-codegen/src/lower_call/scalar_method.rs:306:1
    |
306 | / fn lower_scalar_method_inline_body(
307 | |     ctx: &mut FnCtx<'_>,
308 | |     receiver_id: u32,
309 | |     class_name: &str,
...   |
314 | |     extra_notes: Vec<String>,
315 | | ) -> Result<String> {
    | |___________________^
    |
    = help: for further information visit https://rust-lang.github.io/rust-clippy/master/index.html#too_many_arguments

warning: this function has too many arguments (8/7)
   --> crates/perry-codegen/src/lower_call/scalar_method.rs:409:1
    |
409 | / fn lower_scalar_method_int32_inline_body(
410 | |     ctx: &mut FnCtx<'_>,
411 | |     receiver_id: u32,
412 | |     class_name: &str,
...   |
417 | |     extra_notes: Vec<String>,
418 | | ) -> Result<String> {
    | |___________________^
    |
    = help: for further information visit https://rust-lang.github.io/rust-clippy/master/index.html#too_many_arguments

warning: very complex type used. Consider factoring parts into `type` definitions
   --> crates/perry-codegen/src/lower_call/ui_styling.rs:489:6
    |
489 | ) -> Result<Option<(String, String, String, String, String, String, String)>> {
    |      ^^^^^^^^^^^^^^^^^^^^^^^^^^^^^^^^^^^^^^^^^^^^^^^^^^^^^^^^^^^^^^^^^^^^^^^^
    |
    = help: for further information visit https://rust-lang.github.io/rust-clippy/master/index.html#type_complexity

warning: very complex type used. Consider factoring parts into `type` definitions
   --> crates/perry-codegen/src/lower_call/ui_styling.rs:526:6
    |
526 |   ) -> Result<
    |  ______^
527 | |     Option<(
528 | |         String,
529 | |         (String, String, String, String),
530 | |         (String, String, String, String),
531 | |     )>,
532 | | > {
    | |_^
    |
    = help: for further information visit https://rust-lang.github.io/rust-clippy/master/index.html#type_complexity

warning: this block may be rewritten with the `?` operator
   --> crates/perry-codegen/src/module/linkage.rs:165:12
    |
165 |       } else if let Some(rest) = rhs.strip_prefix("global ") {
    |  ____________^
166 | |         ("global", rest)
167 | |     } else {
168 | |         return None;
169 | |     };
    | |_____^
    |
    = help: for further information visit https://rust-lang.github.io/rust-clippy/master/index.html#question_mark
help: replace it with
    |
165 ~     } else {
166 +         let rest = rhs.strip_prefix("global ")?;
167 +         ("global", rest)
168 ~     };
    |

warning: very complex type used. Consider factoring parts into `type` definitions
    --> crates/perry-codegen/src/module.rs:1001:22
     |
1001 |         let layouts: Vec<(String, String, Vec<String>, Arc<HashSet<String>>)> = self
     |                      ^^^^^^^^^^^^^^^^^^^^^^^^^^^^^^^^^^^^^^^^^^^^^^^^^^^^^^^^
     |
     = help: for further information visit https://rust-lang.github.io/rust-clippy/master/index.html#type_complexity

warning: this expression creates a reference which is immediately dereferenced by the compiler
   --> crates/perry-codegen/src/native_emit.rs:314:17
    |
314 |                 &f,
    |                 ^^ help: change this to: `f`
    |
    = help: for further information visit https://rust-lang.github.io/rust-clippy/master/index.html#needless_borrow

warning: this expression creates a reference which is immediately dereferenced by the compiler
   --> crates/perry-codegen/src/native_emit.rs:315:17
    |
315 |                 &gc_leaf_callees,
    |                 ^^^^^^^^^^^^^^^^ help: change this to: `gc_leaf_callees`
    |
    = help: for further information visit https://rust-lang.github.io/rust-clippy/master/index.html#needless_borrow

warning: this expression creates a reference which is immediately dereferenced by the compiler
   --> crates/perry-codegen/src/native_emit.rs:328:46
    |
328 |                 f.to_ir_with_gc_leaf_callees(&gc_leaf_callees)
    |                                              ^^^^^^^^^^^^^^^^ help: change this to: `gc_leaf_callees`
    |
    = help: for further information visit https://rust-lang.github.io/rust-clippy/master/index.html#needless_borrow

warning: manual implementation of `.is_multiple_of()`
   --> crates/perry-codegen/src/native_emit.rs:690:56
    |
690 |             if show_progress && (done == unit_total || done % report_step == 0) {
    |                                                        ^^^^^^^^^^^^^^^^^^^^^^^ help: replace with: `done.is_multiple_of(report_step)`
    |
    = help: for further information visit https://rust-lang.github.io/rust-clippy/master/index.html#manual_is_multiple_of

warning: this function has too many arguments (9/7)
  --> crates/perry-codegen/src/native_value/materialize.rs:61:1
   |
61 | / fn record_transition(
62 | |     ctx: &mut FnCtx<'_>,
63 | |     expr_kind: &'static str,
64 | |     consumer: &'static str,
...  |
70 | |     lossy: bool,
71 | | ) {
   | |_^
   |
   = help: for further information visit https://rust-lang.github.io/rust-clippy/master/index.html#too_many_arguments

warning: this function has too many arguments (8/7)
   --> crates/perry-codegen/src/native_value/materialize.rs:96:1
    |
 96 | / fn record_materialized_transition(
 97 | |     ctx: &mut FnCtx<'_>,
 98 | |     expr_kind: &'static str,
 99 | |     consumer: &'static str,
...   |
104 | |     lossy: bool,
105 | | ) {
    | |_^
    |
    = help: for further information visit https://rust-lang.github.io/rust-clippy/master/index.html#too_many_arguments

warning: this function has too many arguments (9/7)
   --> crates/perry-codegen/src/native_value/rep.rs:272:5
    |
272 | /     pub(crate) fn buffer_view(
273 | |         data_ptr: impl Into<String>,
274 | |         length: impl Into<String>,
275 | |         elem: BufferElem,
...   |
281 | |         alias: AliasState,
282 | |     ) -> Self {
    | |_____________^
    |
    = help: for further information visit https://rust-lang.github.io/rust-clippy/master/index.html#too_many_arguments

warning: this `if let` can be collapsed into the outer `match`
  --> crates/perry-codegen/src/opt_report/callbacks.rs:44:17
   |
44 | /                 if let Some(e) = init {
45 | |                     scan_expr(e);
46 | |                 }
   | |_________________^
   |
help: the outer pattern can be modified to include the inner pattern
  --> crates/perry-codegen/src/opt_report/callbacks.rs:43:25
   |
43 |             Stmt::Let { init, .. } => {
   |                         ^^^^ replace this binding
44 |                 if let Some(e) = init {
   |                        ^^^^^^^ with this pattern, prefixed by `init: `
   = help: for further information visit https://rust-lang.github.io/rust-clippy/master/index.html#collapsible_match

warning: this `if let` can be collapsed into the outer `match`
  --> crates/perry-codegen/src/opt_report/callbacks.rs:50:17
   |
50 | /                 if let Some(e) = opt {
51 | |                     scan_expr(e);
52 | |                 }
   | |_________________^
   |
help: the outer pattern can be modified to include the inner pattern
  --> crates/perry-codegen/src/opt_report/callbacks.rs:49:26
   |
49 |             Stmt::Return(opt) => {
   |                          ^^^ replace this binding
50 |                 if let Some(e) = opt {
   |                        ^^^^^^^ with this pattern
   = help: for further information visit https://rust-lang.github.io/rust-clippy/master/index.html#collapsible_match

warning: stripping a prefix manually
    --> crates/perry-codegen/src/root_reload.rs:1126:20
     |
1126 |         succs.push(rhs["br label %".len()..].trim().to_string());
     |                    ^^^^^^^^^^^^^^^^^^^^^^^^^
     |
note: the prefix was tested here
    --> crates/perry-codegen/src/root_reload.rs:1125:5
     |
1125 |     if rhs.starts_with("br label %") {
     |     ^^^^^^^^^^^^^^^^^^^^^^^^^^^^^^^^^
     = help: for further information visit https://rust-lang.github.io/rust-clippy/master/index.html#manual_strip
     = note: `#[warn(clippy::manual_strip)]` on by default
help: try using the `strip_prefix` method
     |
1125 ~     if let Some(<stripped>) = rhs.strip_prefix("br label %") {
1126 ~         succs.push(<stripped>.trim().to_string());
     |

warning: this block may be rewritten with the `?` operator
   --> crates/perry-codegen/src/stmt/let_buffer_views.rs:259:9
    |
259 | /         if let Some(id) = length_of_local_buffer_id(arg) {
260 | |             out.push(id);
261 | |         } else {
262 | |             return None;
263 | |         }
    | |_________^
    |
    = help: for further information visit https://rust-lang.github.io/rust-clippy/master/index.html#question_mark
help: replace it with
    |
259 ~         {
260 +             let id = length_of_local_buffer_id(arg)?;
261 +             out.push(id);
262 +         }
    |

warning: this `if` statement can be collapsed
   --> crates/perry-codegen/src/stmt/let_stmt.rs:318:5
    |
318 | /     if matches!(
319 | |         refined_ty,
320 | |         perry_hir::types::Type::Number | perry_hir::types::Type::Int32
321 | |     ) {
...   |
328 | |     }
    | |_____^
    |
    = help: for further information visit https://rust-lang.github.io/rust-clippy/master/index.html#collapsible_if
    = note: `#[warn(clippy::collapsible_if)]` on by default
help: collapse nested if block
    |
321 ~     )
322 ~         && init.is_some_and(|e| {
323 |             !crate::type_analysis::is_numeric_expr(ctx, e)
...
326 |             ctx.declared_only_numeric_locals.insert(id);
327 ~         }
    |

warning: large size difference between variants
  --> crates/perry-codegen/src/stmt/loops.rs:32:1
   |
32 | / enum NumericRangeAddBound {
33 | |     Explicit(perry_hir::Expr),
   | |     ------------------------- the largest variant contains at least 240 bytes
34 | |     ArrayLength,
   | |     ----------- the second-largest variant carries no data at all
35 | | }
   | |_^ the entire enum is at least 240 bytes
   |
   = help: for further information visit https://rust-lang.github.io/rust-clippy/master/index.html#large_enum_variant
help: consider boxing the large fields or introducing indirection in some other way to reduce the total size of the enum
   |
33 -     Explicit(perry_hir::Expr),
33 +     Explicit(Box<perry_hir::Expr>),
   |

warning: this function has too many arguments (9/7)
    --> crates/perry-codegen/src/stmt/loops.rs:1254:1
     |
1254 | / fn emit_packed_numeric_accumulator_admission(
1255 | |     ctx: &mut FnCtx<'_>,
1256 | |     body: &[Stmt],
1257 | |     array_ids: &std::collections::BTreeSet<u32>,
...    |
1263 | |     affine_reads: bool,
1264 | | ) -> PackedAccumulatorScope {
     | |___________________________^
     |
     = help: for further information visit https://rust-lang.github.io/rust-clippy/master/index.html#too_many_arguments

warning: this function has too many arguments (9/7)
    --> crates/perry-codegen/src/stmt/loops.rs:2968:1
     |
2968 | / fn push_packed_f64_range_facts(
2969 | |     ctx: &mut FnCtx<'_>,
2970 | |     matched: &PackedF64RangeLoop,
2971 | |     scope_id: u32,
...    |
2977 | |     affine_window_proven: &std::collections::BTreeSet<u32>,
2978 | | ) {
     | |_^
     |
     = help: for further information visit https://rust-lang.github.io/rust-clippy/master/index.html#too_many_arguments

warning: doc quote line without `>` marker
    --> crates/perry-codegen/src/stmt/loops.rs:3762:9
     |
3762 |     /// emitter loads the length register after guard-ok.
     |         ^
     |
     = help: if this not intended to be a quote at all, escape it with `\>`
     = help: for further information visit https://rust-lang.github.io/rust-clippy/master/index.html#doc_lazy_continuation
help: add markers to start of line
     |
3762 |     /// > emitter loads the length register after guard-ok.
     |         +

warning: this `let...else` may be rewritten with the `?` operator
    --> crates/perry-codegen/src/stmt/loops.rs:4102:17
     |
4102 | /                 let Some((last, head)) = while_body.split_last() else {
4103 | |                     return None;
4104 | |                 };
     | |__________________^ help: replace it with: `let (last, head) = while_body.split_last()?;`
     |
     = help: for further information visit https://rust-lang.github.io/rust-clippy/master/index.html#question_mark

warning: the following explicit lifetimes could be elided: 'a
    --> crates/perry-codegen/src/stmt/loops.rs:4151:20
     |
4151 |     fn alias_split<'a>(stmts: &'a [Stmt], inner_counter_id: u32) -> Option<(u32, u32, &'a [Stmt])> {
     |                    ^^          ^^                                                      ^^
     |
     = help: for further information visit https://rust-lang.github.io/rust-clippy/master/index.html#needless_lifetimes
help: elide the lifetimes
     |
4151 -     fn alias_split<'a>(stmts: &'a [Stmt], inner_counter_id: u32) -> Option<(u32, u32, &'a [Stmt])> {
4151 +     fn alias_split(stmts: &[Stmt], inner_counter_id: u32) -> Option<(u32, u32, &[Stmt])> {
     |

warning: very complex type used. Consider factoring parts into `type` definitions
    --> crates/perry-codegen/src/stmt/loops.rs:4868:22
     |
4868 |       let group_plans: Vec<(
     |  ______________________^
4869 | |         &Vec<(String, String)>,
4870 | |         &String,
4871 | |         &Vec<ObjectArrayWriteNumber>,
4872 | |     )> = {
     | |______^
     |
     = help: for further information visit https://rust-lang.github.io/rust-clippy/master/index.html#type_complexity

warning: this `map_or` can be simplified
    --> crates/perry-codegen/src/stmt/loops.rs:5163:13
     |
5163 |             recv.map_or(true, |r| r != *id) && crate::type_analysis::is_numeric_expr(ctx, expr)
     |             ^^^^^^^^^^^^^^^^^^^^^^^^^^^^^^^
     |
     = help: for further information visit https://rust-lang.github.io/rust-clippy/master/index.html#unnecessary_map_or
help: use `is_none_or` instead
     |
5163 -             recv.map_or(true, |r| r != *id) && crate::type_analysis::is_numeric_expr(ctx, expr)
5163 +             recv.is_none_or(|r| r != *id) && crate::type_analysis::is_numeric_expr(ctx, expr)
     |

warning: redundant guard
    --> crates/perry-codegen/src/stmt/loops.rs:6203:16
     |
6203 |               if matches!(
     |  ________________^
6204 | |                 op,
6205 | |                 BinaryOp::Add
6206 | |                     | BinaryOp::Sub
...    |
6213 | |                     | BinaryOp::UShr
6214 | |             ) =>
     | |_____________^
     |
     = help: for further information visit https://rust-lang.github.io/rust-clippy/master/index.html#redundant_guards
help: try
     |
6202 ~         Expr::Binary { op: BinaryOp::Add
6203 +                     | BinaryOp::Sub
6204 +                     | BinaryOp::Mul
6205 +                     | BinaryOp::BitAnd
6206 +                     | BinaryOp::BitOr
6207 +                     | BinaryOp::BitXor
6208 +                     | BinaryOp::Shl
6209 +                     | BinaryOp::Shr
6210 ~                     | BinaryOp::UShr, left, right } =>
     |

warning: parameter is only used in recursion
    --> crates/perry-codegen/src/stmt/loops.rs:6292:5
     |
6292 |     ctx: &FnCtx<'_>,
     |     ^^^ help: if this is intentional, prefix it with an underscore: `_ctx`
     |
note: parameter used here
    --> crates/perry-codegen/src/stmt/loops.rs:6311:52
     |
6311 |                 && expr_is_coercion_free_primitive(ctx, index, arr_id, counter_id)
     |                                                    ^^^
...
6314 |             expr_is_coercion_free_primitive(ctx, left, arr_id, counter_id)
     |                                             ^^^
6315 |                 && expr_is_coercion_free_primitive(ctx, right, arr_id, counter_id)
     |                                                    ^^^
...
6318 |             expr_is_coercion_free_primitive(ctx, operand, arr_id, counter_id)
     |                                             ^^^
     = help: for further information visit https://rust-lang.github.io/rust-clippy/master/index.html#only_used_in_recursion

warning: the loop variable `r` is only used to index `refinements`
   --> crates/perry-codegen/src/stmt/masked_window_region.rs:717:18
    |
717 |         for r in 0..refinements.len() {
    |                  ^^^^^^^^^^^^^^^^^^^^
    |
    = help: for further information visit https://rust-lang.github.io/rust-clippy/master/index.html#needless_range_loop
    = note: `#[warn(clippy::needless_range_loop)]` on by default
help: consider using an iterator
    |
717 -         for r in 0..refinements.len() {
717 +         for <item> in &refinements {
    |

warning: this function has too many arguments (8/7)
  --> crates/perry-codegen/src/stmt/stable_packed_accumulator.rs:36:1
   |
36 | / fn accumulator_rhs_is_numeric(
37 | |     ctx: &FnCtx<'_>,
38 | |     expr: &Expr,
39 | |     array_ids: &std::collections::BTreeSet<u32>,
...  |
44 | |     candidates: &std::collections::BTreeSet<u32>,
45 | | ) -> bool {
   | |_________^
   |
   = help: for further information visit https://rust-lang.github.io/rust-clippy/master/index.html#too_many_arguments

warning: unnecessary use of `to_string`
   --> crates/perry-codegen/src/stmt/versioned_indexed_loop.rs:545:13
    |
545 |             &crate::nanbox::TAG_UNDEFINED_I64.to_string(),
    |             ^^^^^^^^^^^^^^^^^^^^^^^^^^^^^^^^^^^^^^^^^^^^^ help: use: `crate::nanbox::TAG_UNDEFINED_I64`
    |
    = help: for further information visit https://rust-lang.github.io/rust-clippy/master/index.html#unnecessary_to_owned
    = note: `#[warn(clippy::unnecessary_to_owned)]` on by default

warning: match expression looks like `matches!` macro
   --> crates/perry-codegen/src/type_analysis/refine.rs:796:35
    |
796 |                   let no_encoding = match args.first() {
    |  ___________________________________^
797 | |                     None => true,
798 | |                     Some(Expr::Undefined) => true,
799 | |                     _ => false,
800 | |                 };
    | |_________________^
    |
    = help: for further information visit https://rust-lang.github.io/rust-clippy/master/index.html#match_like_matches_macro
    = note: `#[warn(clippy::match_like_matches_macro)]` on by default
help: use `matches!` directly
    |
796 -                 let no_encoding = match args.first() {
797 -                     None => true,
798 -                     Some(Expr::Undefined) => true,
799 -                     _ => false,
800 -                 };
796 +                 let no_encoding = matches!(args.first(), None | Some(Expr::Undefined));
    |

warning: this block may be rewritten with the `?` operator
   --> crates/perry-codegen/src/type_analysis_class_fields.rs:174:17
    |
174 | /                 if let Some(parent) = ctx.classes.get(&name) {
175 | |                     p_count += count_keyable(&parent.fields);
176 | |                     p = parent.extends_name.clone();
177 | |                 } else {
178 | |                     return None; // unresolvable parent — no inline path
179 | |                 }
    | |_________________^
    |
    = help: for further information visit https://rust-lang.github.io/rust-clippy/master/index.html#question_mark
help: replace it with
    |
174 ~                 {
175 +                     let parent = ctx.classes.get(&name)?;
176 +                     p_count += count_keyable(&parent.fields);
177 +                     p = parent.extends_name.clone();
178 +                 }
    |

warning: function `relevant_box_roots` is never used
    --> crates/perry-runtime/src/box.rs:1020:4
     |
1020 | fn relevant_box_roots() -> Vec<usize> {
     |    ^^^^^^^^^^^^^^^^^^
     |
     = note: `#[warn(dead_code)]` (part of `#[warn(unused)]`) on by default

warning: casting raw pointers to the same type and constness is unnecessary (`*mut u8` -> `*mut u8`)
  --> crates/perry-runtime/src/arena/reset.rs:75:24
   |
75 |             let base = block.data as *mut u8;
   |                        ^^^^^^^^^^^^^^^^^^^^^ help: try: `block.data`
   |
   = help: for further information visit https://rust-lang.github.io/rust-clippy/master/index.html#unnecessary_cast
   = note: `#[warn(clippy::unnecessary_cast)]` on by default

warning: doc list item without indentation
   --> crates/perry-runtime/src/arena/walk.rs:317:5
    |
317 | /// mutation sites — one TLS load instead of an O(blocks) walk on the
    |     ^
    |
    = help: if this is supposed to be its own paragraph, add a blank line
    = help: for further information visit https://rust-lang.github.io/rust-clippy/master/index.html#doc_lazy_continuation
    = note: `#[warn(clippy::doc_lazy_continuation)]` on by default
help: indent this line
    |
317 | ///   mutation sites — one TLS load instead of an O(blocks) walk on the
    |     ++

warning: doc list item without indentation
   --> crates/perry-runtime/src/arena/walk.rs:318:5
    |
318 | /// gc-trigger hot path.
    |     ^
    |
    = help: if this is supposed to be its own paragraph, add a blank line
    = help: for further information visit https://rust-lang.github.io/rust-clippy/master/index.html#doc_lazy_continuation
help: indent this line
    |
318 | ///   gc-trigger hot path.
    |     ++

warning: this `let...else` may be rewritten with the `?` operator
   --> crates/perry-runtime/src/array/element_shape.rs:277:9
    |
277 | /         let Some(header) = crate::value::addr_class::try_read_gc_header(addr) else {
278 | |             return None;
279 | |         };
    | |__________^ help: replace it with: `let header = crate::value::addr_class::try_read_gc_header(addr)?;`
    |
    = help: for further information visit https://rust-lang.github.io/rust-clippy/master/index.html#question_mark
    = note: `#[warn(clippy::question_mark)]` on by default

warning: unsafe function's docs are missing a `# Safety` section
   --> crates/perry-runtime/src/array/flat_clone.rs:122:1
    |
122 | pub unsafe extern "C" fn js_short_packed_spread_values(value: f64, out: *mut f64) -> i32 {
    | ^^^^^^^^^^^^^^^^^^^^^^^^^^^^^^^^^^^^^^^^^^^^^^^^^^^^^^^^^^^^^^^^^^^^^^^^^^^^^^^^^^^^^^^^
    |
    = help: for further information visit https://rust-lang.github.io/rust-clippy/master/index.html#missing_safety_doc
    = note: `#[warn(clippy::missing_safety_doc)]` on by default

warning: casting raw pointers to the same type and constness is unnecessary (`*const array::header::ArrayHeader` -> `*const array::header::ArrayHeader`)
   --> crates/perry-runtime/src/array/from_concat.rs:276:46
    |
276 |     let result = append_spread_array(result, recv as *const ArrayHeader);
    |                                              ^^^^^^^^^^^^^^^^^^^^^^^^^^ help: try: `recv`
    |
    = help: for further information visit https://rust-lang.github.io/rust-clippy/master/index.html#unnecessary_cast

warning: you seem to want to iterate on a map's values
   --> crates/perry-runtime/src/array/header.rs:300:43
    |
300 |         for (_, (cooked_ptr, raw_ptr)) in map.iter_mut() {
    |                                           ^^^^^^^^^^^^^^
    |
    = help: for further information visit https://rust-lang.github.io/rust-clippy/master/index.html#for_kv_map
    = note: `#[warn(clippy::for_kv_map)]` on by default
help: use the corresponding method
    |
300 -         for (_, (cooked_ptr, raw_ptr)) in map.iter_mut() {
300 +         for (cooked_ptr, raw_ptr) in map.values_mut() {
    |

warning: manual implementation of `.is_multiple_of()`
   --> crates/perry-runtime/src/array/header.rs:719:16
    |
719 |             && addr % std::mem::align_of::<crate::gc::GcHeader>() == 0
    |                ^^^^^^^^^^^^^^^^^^^^^^^^^^^^^^^^^^^^^^^^^^^^^^^^^^^^^^^ help: replace with: `addr.is_multiple_of(std::mem::align_of::<crate::gc::GcHeader>())`
    |
    = help: for further information visit https://rust-lang.github.io/rust-clippy/master/index.html#manual_is_multiple_of
    = note: `#[warn(clippy::manual_is_multiple_of)]` on by default

warning: this `let...else` may be rewritten with the `?` operator
  --> crates/perry-runtime/src/array/header_gc_slots.rs:24:9
   |
24 | /         let Some(gc_header) = crate::value::addr_class::try_read_tracked_gc_header(arr as usize)
25 | |         else {
26 | |             return None;
27 | |         };
   | |__________^ help: replace it with: `let gc_header = crate::value::addr_class::try_read_tracked_gc_header(arr as usize)?;`
   |
   = help: for further information visit https://rust-lang.github.io/rust-clippy/master/index.html#question_mark

warning: use `std::ptr::eq` when comparing raw pointers
   --> crates/perry-runtime/src/array/indexing_proto_chain.rs:202:30
    |
202 |     if resolved.is_null() || resolved as usize == arr as usize {
    |                              ^^^^^^^^^^^^^^^^^^^^^^^^^^^^^^^^^ help: try: `std::ptr::eq(resolved, arr)`
    |
    = help: for further information visit https://rust-lang.github.io/rust-clippy/master/index.html#ptr_eq
    = note: `#[warn(clippy::ptr_eq)]` on by default

warning: this `let...else` may be rewritten with the `?` operator
   --> crates/perry-runtime/src/array/indexing.rs:929:5
    |
929 | /     let Some(number) = super::header::value_bits_to_number(value_bits) else {
930 | |         return None;
931 | |     };
    | |______^ help: replace it with: `let number = super::header::value_bits_to_number(value_bits)?;`
    |
    = help: for further information visit https://rust-lang.github.io/rust-clippy/master/index.html#question_mark

warning: manual implementation of `.is_multiple_of()`
   --> crates/perry-runtime/src/array/indexing.rs:968:16
    |
968 |             || target % std::mem::align_of::<crate::gc::GcHeader>() != 0
    |                ^^^^^^^^^^^^^^^^^^^^^^^^^^^^^^^^^^^^^^^^^^^^^^^^^^^^^^^^^ help: replace with: `!target.is_multiple_of(std::mem::align_of::<crate::gc::GcHeader>())`
    |
    = help: for further information visit https://rust-lang.github.io/rust-clippy/master/index.html#manual_is_multiple_of

warning: unsafe function's docs are missing a `# Safety` section
   --> crates/perry-runtime/src/array/iter_object.rs:639:1
    |
639 | / pub unsafe fn dispatch_array_iterator_method(
640 | |     iter_obj: *mut ObjectHeader,
641 | |     method_name: &str,
642 | | ) -> f64 {
    | |________^
    |
    = help: for further information visit https://rust-lang.github.io/rust-clippy/master/index.html#missing_safety_doc

warning: doc list item overindented
  --> crates/perry-runtime/src/array/iterator.rs:13:5
   |
13 | ///                           loop reads it directly).
   |     ^^^^^^^^^^^^^^^^^^^^^^^^^^ help: try using `    ` (4 spaces)
   |
   = help: for further information visit https://rust-lang.github.io/rust-clippy/master/index.html#doc_overindented_list_items
   = note: `#[warn(clippy::doc_overindented_list_items)]` on by default

warning: doc list item overindented
  --> crates/perry-runtime/src/array/iterator.rs:15:5
   |
15 | ///                           (matches `map[Symbol.iterator]()` ===
   |     ^^^^^^^^^^^^^^^^^^^^^^^^^^ help: try using `    ` (4 spaces)
   |
   = help: for further information visit https://rust-lang.github.io/rust-clippy/master/index.html#doc_overindented_list_items

warning: doc list item overindented
  --> crates/perry-runtime/src/array/iterator.rs:16:5
   |
16 | ///                           `map.entries()`), so `for (const [k,v] of
   |     ^^^^^^^^^^^^^^^^^^^^^^^^^^ help: try using `    ` (4 spaces)
   |
   = help: for further information visit https://rust-lang.github.io/rust-clippy/master/index.html#doc_overindented_list_items

warning: doc list item overindented
  --> crates/perry-runtime/src/array/iterator.rs:20:5
   |
20 | ///                           a string by code point, not UTF-16 unit).
   |     ^^^^^^^^^^^^^^^^^^^^^^^^^^ help: try using `    ` (4 spaces)
   |
   = help: for further information visit https://rust-lang.github.io/rust-clippy/master/index.html#doc_overindented_list_items

warning: doc list item overindented
  --> crates/perry-runtime/src/array/iterator.rs:22:5
   |
22 | ///                           default iterator via `js_get_iterator`
   |     ^^^^^^^^^^^^^^^^^^^^^^^^^^ help: try using `    ` (4 spaces)
   |
   = help: for further information visit https://rust-lang.github.io/rust-clippy/master/index.html#doc_overindented_list_items

warning: doc list item overindented
  --> crates/perry-runtime/src/array/iterator.rs:23:5
   |
23 | ///                           (custom `[Symbol.iterator]`, perry
   |     ^^^^^^^^^^^^^^^^^^^^^^^^^^ help: try using `    ` (4 spaces)
   |
   = help: for further information visit https://rust-lang.github.io/rust-clippy/master/index.html#doc_overindented_list_items

warning: doc list item overindented
  --> crates/perry-runtime/src/array/iterator.rs:24:5
   |
24 | ///                           generator objects, …) and collect `.value`s
   |     ^^^^^^^^^^^^^^^^^^^^^^^^^^ help: try using `    ` (4 spaces)
   |
   = help: for further information visit https://rust-lang.github.io/rust-clippy/master/index.html#doc_overindented_list_items

warning: doc list item overindented
  --> crates/perry-runtime/src/array/iterator.rs:25:5
   |
25 | ///                           with [`js_iterator_to_array`].
   |     ^^^^^^^^^^^^^^^^^^^^^^^^^^ help: try using `    ` (4 spaces)
   |
   = help: for further information visit https://rust-lang.github.io/rust-clippy/master/index.html#doc_overindented_list_items

warning: this `if` has identical blocks
   --> crates/perry-runtime/src/array/iterator.rs:136:62
    |
136 |               let arr = if iter.to_bits() != val_f64.to_bits() {
    |  ______________________________________________________________^
137 | |                 js_iterator_to_array(iter)
138 | |             } else if is_builtin_iterator_class_id(raw_ptr as usize) {
    | |_____________^
    |
note: same as this
   --> crates/perry-runtime/src/array/iterator.rs:138:70
    |
138 |               } else if is_builtin_iterator_class_id(raw_ptr as usize) {
    |  ______________________________________________________________________^
139 | |                 js_iterator_to_array(iter)
140 | |             } else if has_named_next(iter) {
    | |_____________^
    = help: for further information visit https://rust-lang.github.io/rust-clippy/master/index.html#if_same_then_else
    = note: `#[warn(clippy::if_same_then_else)]` on by default

warning: this `if` has identical blocks
   --> crates/perry-runtime/src/array/iterator.rs:138:70
    |
138 |               } else if is_builtin_iterator_class_id(raw_ptr as usize) {
    |  ______________________________________________________________________^
139 | |                 js_iterator_to_array(iter)
140 | |             } else if has_named_next(iter) {
    | |_____________^
    |
note: same as this
   --> crates/perry-runtime/src/array/iterator.rs:140:44
    |
140 |               } else if has_named_next(iter) {
    |  ____________________________________________^
141 | |                 js_iterator_to_array(iter)
142 | |             } else {
    | |_____________^
    = help: for further information visit https://rust-lang.github.io/rust-clippy/master/index.html#if_same_then_else

warning: transmute used without annotations
   --> crates/perry-runtime/src/array/iterator.rs:205:39
    |
205 |     unsafe { f64::from_bits(std::mem::transmute::<_, u64>(field)) }
    |                                       ^^^^^^^^^^^^^^^^^^^ help: consider adding missing annotations: `transmute::<value::jsvalue::JSValue, u64>`
    |
    = help: for further information visit https://rust-lang.github.io/rust-clippy/master/index.html#missing_transmute_annotations
    = note: `#[warn(clippy::missing_transmute_annotations)]` on by default

warning: transmute used without annotations
    --> crates/perry-runtime/src/array/iterator.rs:1411:54
     |
1411 |     let next_f64 = unsafe { f64::from_bits(std::mem::transmute::<_, u64>(next_val)) };
     |                                                      ^^^^^^^^^^^^^^^^^^^ help: consider adding missing annotations: `transmute::<value::jsvalue::JSValue, u64>`
     |
     = help: for further information visit https://rust-lang.github.io/rust-clippy/master/index.html#missing_transmute_annotations

warning: transmute used without annotations
    --> crates/perry-runtime/src/array/iterator.rs:1462:58
     |
1462 |         let done_f64 = unsafe { f64::from_bits(std::mem::transmute::<_, u64>(done_val)) };
     |                                                          ^^^^^^^^^^^^^^^^^^^ help: consider adding missing annotations: `transmute::<value::jsvalue::JSValue, u64>`
     |
     = help: for further information visit https://rust-lang.github.io/rust-clippy/master/index.html#missing_transmute_annotations

warning: transmute used without annotations
    --> crates/perry-runtime/src/array/iterator.rs:1468:57
     |
1468 |         let val_f64 = unsafe { f64::from_bits(std::mem::transmute::<_, u64>(val)) };
     |                                                         ^^^^^^^^^^^^^^^^^^^ help: consider adding missing annotations: `transmute::<value::jsvalue::JSValue, u64>`
     |
     = help: for further information visit https://rust-lang.github.io/rust-clippy/master/index.html#missing_transmute_annotations

warning: transmute used without annotations
    --> crates/perry-runtime/src/array/iterator.rs:1585:54
     |
1585 |     let next_f64 = unsafe { f64::from_bits(std::mem::transmute::<_, u64>(next_val)) };
     |                                                      ^^^^^^^^^^^^^^^^^^^ help: consider adding missing annotations: `transmute::<value::jsvalue::JSValue, u64>`
     |
     = help: for further information visit https://rust-lang.github.io/rust-clippy/master/index.html#missing_transmute_annotations

warning: transmute used without annotations
    --> crates/perry-runtime/src/array/iterator.rs:1680:44
     |
1680 |         let done_bits = unsafe { std::mem::transmute::<_, u64>(done_val) };
     |                                            ^^^^^^^^^^^^^^^^^^^ help: consider adding missing annotations: `transmute::<value::jsvalue::JSValue, u64>`
     |
     = help: for further information visit https://rust-lang.github.io/rust-clippy/master/index.html#missing_transmute_annotations

warning: transmute used without annotations
    --> crates/perry-runtime/src/array/iterator.rs:1691:57
     |
1691 |         let val_f64 = unsafe { f64::from_bits(std::mem::transmute::<_, u64>(val)) };
     |                                                         ^^^^^^^^^^^^^^^^^^^ help: consider adding missing annotations: `transmute::<value::jsvalue::JSValue, u64>`
     |
     = help: for further information visit https://rust-lang.github.io/rust-clippy/master/index.html#missing_transmute_annotations

warning: transmute used without annotations
    --> crates/perry-runtime/src/array/iterator.rs:1732:54
     |
1732 |     let next_f64 = unsafe { f64::from_bits(std::mem::transmute::<_, u64>(next_val)) };
     |                                                      ^^^^^^^^^^^^^^^^^^^ help: consider adding missing annotations: `transmute::<value::jsvalue::JSValue, u64>`
     |
     = help: for further information visit https://rust-lang.github.io/rust-clippy/master/index.html#missing_transmute_annotations

warning: transmute used without annotations
    --> crates/perry-runtime/src/array/iterator.rs:1782:44
     |
1782 |         let done_bits = unsafe { std::mem::transmute::<_, u64>(done_val) };
     |                                            ^^^^^^^^^^^^^^^^^^^ help: consider adding missing annotations: `transmute::<value::jsvalue::JSValue, u64>`
     |
     = help: for further information visit https://rust-lang.github.io/rust-clippy/master/index.html#missing_transmute_annotations

warning: transmute used without annotations
    --> crates/perry-runtime/src/array/iterator.rs:1787:57
     |
1787 |         let val_f64 = unsafe { f64::from_bits(std::mem::transmute::<_, u64>(val)) };
     |                                                         ^^^^^^^^^^^^^^^^^^^ help: consider adding missing annotations: `transmute::<value::jsvalue::JSValue, u64>`
     |
     = help: for further information visit https://rust-lang.github.io/rust-clippy/master/index.html#missing_transmute_annotations

warning: unsafe function's docs are missing a `# Safety` section
   --> crates/perry-runtime/src/array/numeric_range.rs:161:1
    |
161 | / pub unsafe extern "C" fn js_array_fill_range_strided_tagged(
162 | |     receiver: f64,
163 | |     start: f64,
164 | |     end: f64,
165 | |     step: f64,
166 | |     value_bits: u64,
167 | | ) -> i64 {
    | |________^
    |
    = help: for further information visit https://rust-lang.github.io/rust-clippy/master/index.html#missing_safety_doc

warning: casting to the same type is unnecessary (`i64` -> `i64`)
   --> crates/perry-runtime/src/array/search.rs:224:24
    |
224 |                 return i as i64;
    |                        ^^^^^^^^ help: try: `i`
    |
    = help: for further information visit https://rust-lang.github.io/rust-clippy/master/index.html#unnecessary_cast

warning: this `let...else` may be rewritten with the `?` operator
   --> crates/perry-runtime/src/array/subclass_loop_guard.rs:120:5
    |
120 | /     let Some(source_header) =
121 | |         (unsafe { crate::value::addr_class::try_read_gc_header(source as usize) })
122 | |     else {
123 | |         return None;
124 | |     };
    | |______^ help: replace it with: `let source_header = (unsafe { crate::value::addr_class::try_read_gc_header(source as usize) })?;`
    |
    = help: for further information visit https://rust-lang.github.io/rust-clippy/master/index.html#question_mark

warning: casting raw pointers to the same type and constness is unnecessary (`*const u8` -> `*const u8`)
   --> crates/perry-runtime/src/array/subclass_loop_guard.rs:197:52
    |
197 |         let gc_word = unsafe { ptr::read_unaligned((raw as *const u8).sub(8).cast::<u64>()) };
    |                                                    ^^^^^^^^^^^^^^^^^^ help: try: `raw`
    |
    = help: for further information visit https://rust-lang.github.io/rust-clippy/master/index.html#unnecessary_cast

warning: this `let...else` may be rewritten with the `?` operator
   --> crates/perry-runtime/src/array/subclass_loop_guard.rs:217:5
    |
217 | /     let Some(layout) = dense_layout_for_validated_object(object) else {
218 | |         return None;
219 | |     };
    | |______^ help: replace it with: `let layout = dense_layout_for_validated_object(object)?;`
    |
    = help: for further information visit https://rust-lang.github.io/rust-clippy/master/index.html#question_mark

warning: this `let...else` may be rewritten with the `?` operator
   --> crates/perry-runtime/src/array/subclass_loop_guard.rs:227:5
    |
227 | /     let Some(length) = nonnegative_u32_length(layout_length_value(object, layout)) else {
228 | |         return None;
229 | |     };
    | |______^ help: replace it with: `let length = nonnegative_u32_length(layout_length_value(object, layout))?;`
    |
    = help: for further information visit https://rust-lang.github.io/rust-clippy/master/index.html#question_mark

warning: this `let...else` may be rewritten with the `?` operator
   --> crates/perry-runtime/src/array/subclass_loop_guard.rs:238:9
    |
238 | /         let Some(end_slot) = layout.element_base.checked_add(bound) else {
239 | |             return None;
240 | |         };
    | |__________^ help: replace it with: `let end_slot = layout.element_base.checked_add(bound)?;`
    |
    = help: for further information visit https://rust-lang.github.io/rust-clippy/master/index.html#question_mark

warning: this `if` statement can be collapsed
   --> crates/perry-runtime/src/array/subclass_loop_guard.rs:245:5
    |
245 | /     if require_numeric != 0 {
246 | |         if !unsafe { ensure_subclass_numeric_prefix(object, layout, bound, require_numeric >= 2) } {
247 | |             return None;
248 | |         }
249 | |     }
    | |_____^
    |
    = help: for further information visit https://rust-lang.github.io/rust-clippy/master/index.html#collapsible_if
    = note: `#[warn(clippy::collapsible_if)]` on by default
help: collapse nested if block
    |
245 ~     if require_numeric != 0
246 ~         && !unsafe { ensure_subclass_numeric_prefix(object, layout, bound, require_numeric >= 2) } {
247 |             return None;
248 ~         }
    |

warning: casting raw pointers to the same type and constness is unnecessary (`*const u8` -> `*const u8`)
   --> crates/perry-runtime/src/array/subclass_loop_guard.rs:250:48
    |
250 |     let gc_word = unsafe { ptr::read_unaligned((raw as *const u8).sub(8).cast::<u64>()) };
    |                                                ^^^^^^^^^^^^^^^^^^ help: try: `raw`
    |
    = help: for further information visit https://rust-lang.github.io/rust-clippy/master/index.html#unnecessary_cast

warning: the following explicit lifetimes could be elided: 'a
   --> crates/perry-runtime/src/array/subclass.rs:234:16
    |
234 | fn decimal_u32<'a>(mut value: u32, buf: &'a mut [u8; 10]) -> &'a [u8] {
    |                ^^                        ^^                   ^^
    |
    = help: for further information visit https://rust-lang.github.io/rust-clippy/master/index.html#needless_lifetimes
    = note: `#[warn(clippy::needless_lifetimes)]` on by default
help: elide the lifetimes
    |
234 - fn decimal_u32<'a>(mut value: u32, buf: &'a mut [u8; 10]) -> &'a [u8] {
234 + fn decimal_u32(mut value: u32, buf: &mut [u8; 10]) -> &[u8] {
    |

warning: manual `Range::contains` implementation
   --> crates/perry-runtime/src/array/subclass_elements.rs:220:29
    |
220 |         if n.is_finite() && n >= 0.0 && n < 4_294_967_295.0 && n.fract() == 0.0 {
    |                             ^^^^^^^^^^^^^^^^^^^^^^^^^^^^^^^ help: use: `(0.0..4_294_967_295.0).contains(&n)`
    |
    = help: for further information visit https://rust-lang.github.io/rust-clippy/master/index.html#manual_range_contains
    = note: `#[warn(clippy::manual_range_contains)]` on by default

warning: unsafe function's docs are missing a `# Safety` section
  --> crates/perry-runtime/src/async_hooks/provider_ffi.rs:63:1
   |
63 | pub unsafe extern "C" fn js_async_hooks_provider_init(type_ptr: *const u8, type_len: usize) -> u64 {
   | ^^^^^^^^^^^^^^^^^^^^^^^^^^^^^^^^^^^^^^^^^^^^^^^^^^^^^^^^^^^^^^^^^^^^^^^^^^^^^^^^^^^^^^^^^^^^^^^^^^
   |
   = help: for further information visit https://rust-lang.github.io/rust-clippy/master/index.html#missing_safety_doc

warning: unsafe function's docs are missing a `# Safety` section
  --> crates/perry-runtime/src/async_hooks/provider_ffi.rs:78:1
   |
78 | / pub unsafe extern "C" fn js_async_hooks_provider_init_with_trigger(
79 | |     type_ptr: *const u8,
80 | |     type_len: usize,
81 | |     trigger_async_id: u64,
82 | | ) -> u64 {
   | |________^
   |
   = help: for further information visit https://rust-lang.github.io/rust-clippy/master/index.html#missing_safety_doc

warning: unsafe function's docs are missing a `# Safety` section
   --> crates/perry-runtime/src/async_hooks/provider_ffi.rs:126:1
    |
126 | / pub unsafe extern "C" fn js_async_hooks_provider_run_catching(
127 | |     async_id: u64,
128 | |     callback: unsafe extern "C" fn(*mut std::ffi::c_void) -> f64,
129 | |     data: *mut std::ffi::c_void,
130 | | ) -> f64 {
    | |________^
    |
    = help: for further information visit https://rust-lang.github.io/rust-clippy/master/index.html#missing_safety_doc

warning: unsafe function's docs are missing a `# Safety` section
   --> crates/perry-runtime/src/async_hooks/provider_ffi.rs:145:1
    |
145 | / pub unsafe extern "C" fn js_async_hooks_provider_run_catching_deferred_destroy(
146 | |     async_id: u64,
147 | |     check_turns: u32,
148 | |     callback: unsafe extern "C" fn(*mut std::ffi::c_void) -> f64,
149 | |     data: *mut std::ffi::c_void,
150 | | ) -> f64 {
    | |________^
    |
    = help: for further information visit https://rust-lang.github.io/rust-clippy/master/index.html#missing_safety_doc

warning: unsafe function's docs are missing a `# Safety` section
   --> crates/perry-runtime/src/async_hooks/provider_ffi.rs:158:1
    |
158 | / pub unsafe extern "C" fn js_async_hooks_provider_run_catching_deferred_destroy_on_error(
159 | |     async_id: u64,
160 | |     check_turns: u32,
161 | |     callback: unsafe extern "C" fn(*mut std::ffi::c_void) -> f64,
162 | |     data: *mut std::ffi::c_void,
163 | | ) -> f64 {
    | |________^
    |
    = help: for further information visit https://rust-lang.github.io/rust-clippy/master/index.html#missing_safety_doc

warning: unsafe function's docs are missing a `# Safety` section
   --> crates/perry-runtime/src/async_hooks/provider_ffi.rs:219:1
    |
219 | / pub unsafe extern "C" fn js_async_hooks_provider_run_catching_with_this(
220 | |     async_id: u64,
221 | |     this_value: f64,
222 | |     destroy_after: i32,
223 | |     callback: unsafe extern "C" fn(*mut std::ffi::c_void) -> f64,
224 | |     data: *mut std::ffi::c_void,
225 | | ) -> f64 {
    | |________^
    |
    = help: for further information visit https://rust-lang.github.io/rust-clippy/master/index.html#missing_safety_doc

warning: the loop variable `i` is used to index `quotient`
   --> crates/perry-runtime/src/bigint/arith.rs:326:18
    |
326 |         for i in 0..BIGINT_LIMBS {
    |                  ^^^^^^^^^^^^^^^
    |
    = help: for further information visit https://rust-lang.github.io/rust-clippy/master/index.html#needless_range_loop
    = note: `#[warn(clippy::needless_range_loop)]` on by default
help: consider using an iterator and enumerate()
    |
326 -         for i in 0..BIGINT_LIMBS {
326 +         for (i, <item>) in quotient.iter_mut().enumerate().take(BIGINT_LIMBS) {
    |

warning: the loop variable `i` is used to index `mag`
  --> crates/perry-runtime/src/bigint/bitwise.rs:32:14
   |
32 |     for i in 0..BIGINT_LIMBS {
   |              ^^^^^^^^^^^^^^^
   |
   = help: for further information visit https://rust-lang.github.io/rust-clippy/master/index.html#needless_range_loop
help: consider using an iterator and enumerate()
   |
32 -     for i in 0..BIGINT_LIMBS {
32 +     for (i, <item>) in mag.iter().enumerate().take(BIGINT_LIMBS) {
   |

warning: it looks like you're manually copying between slices
  --> crates/perry-runtime/src/bigint/bitwise.rs:67:9
   |
67 | /         for i in 0..(BIGINT_LIMBS - limb_shift) {
68 | |             result[i] = a_limbs[i + limb_shift];
69 | |         }
   | |_________^ help: try replacing the loop by: `result[..(BIGINT_LIMBS - limb_shift)].copy_from_slice(&a_limbs[limb_shift..((BIGINT_LIMBS - limb_shift) + limb_shift)]);`
   |
   = help: for further information visit https://rust-lang.github.io/rust-clippy/master/index.html#manual_memcpy
   = note: `#[warn(clippy::manual_memcpy)]` on by default

warning: the loop variable `i` is used to index `result`
  --> crates/perry-runtime/src/bigint/bitwise.rs:71:18
   |
71 |         for i in 0..(BIGINT_LIMBS - limb_shift) {
   |                  ^^^^^^^^^^^^^^^^^^^^^^^^^^^^^^
   |
   = help: for further information visit https://rust-lang.github.io/rust-clippy/master/index.html#needless_range_loop
help: consider using an iterator and enumerate()
   |
71 -         for i in 0..(BIGINT_LIMBS - limb_shift) {
71 +         for (i, <item>) in result.iter_mut().enumerate().take((BIGINT_LIMBS - limb_shift)) {
   |

warning: doc list item overindented
  --> crates/perry-runtime/src/bigint/convert.rs:80:5
   |
80 | ///                             the full integer value is preserved (not
   |     ^^^^^^^^^^^^^^^^^^^^^^^^^^^^ help: try using `    ` (4 spaces)
   |
   = help: for further information visit https://rust-lang.github.io/rust-clippy/master/index.html#doc_overindented_list_items

warning: doc list item overindented
  --> crates/perry-runtime/src/bigint/convert.rs:81:5
   |
81 | ///                             truncated/saturated to i64)
   |     ^^^^^^^^^^^^^^^^^^^^^^^^^^^^ help: try using `    ` (4 spaces)
   |
   = help: for further information visit https://rust-lang.github.io/rust-clippy/master/index.html#doc_overindented_list_items

warning: stripping a prefix manually
   --> crates/perry-runtime/src/bigint/convert.rs:318:20
    |
318 |             (true, &s[1..])
    |                    ^^^^^^^
    |
note: the prefix was tested here
   --> crates/perry-runtime/src/bigint/convert.rs:317:32
    |
317 |         let (is_negative, s) = if s.starts_with('-') {
    |                                ^^^^^^^^^^^^^^^^^^^^^^
    = help: for further information visit https://rust-lang.github.io/rust-clippy/master/index.html#manual_strip
    = note: `#[warn(clippy::manual_strip)]` on by default
help: try using the `strip_prefix` method
    |
317 ~         let (is_negative, s) = if let Some(<stripped>) = s.strip_prefix('-') {
318 ~             (true, <stripped>)
    |

warning: returning the result of a `let` binding from a block
   --> crates/perry-runtime/src/box.rs:345:5
    |
321 | /     let ptr = ASYNC_BOX_ACTIVATION_FREE_HEAD.with(|head| {
322 | |         let ptr = head.get();
323 | |         if ptr.is_null() {
324 | |             std::boxed::Box::into_raw(std::boxed::Box::new(AsyncBoxActivation {
...   |
344 | |     });
    | |_______- unnecessary `let` binding
345 |       ptr
    |       ^^^
    |
    = help: for further information visit https://rust-lang.github.io/rust-clippy/master/index.html#let_and_return
    = note: `#[warn(clippy::let_and_return)]` on by default
help: return the expression directly
    |
321 ~     
322 ~     ASYNC_BOX_ACTIVATION_FREE_HEAD.with(|head| {
323 +         let ptr = head.get();
324 +         if ptr.is_null() {
325 +             std::boxed::Box::into_raw(std::boxed::Box::new(AsyncBoxActivation {
326 +                 id,
327 +                 refs: std::cell::Cell::new(1),
328 +                 lifecycle_owned: std::cell::Cell::new(true),
329 +                 release_start: std::cell::Cell::new(NO_RELEASE_RANGE),
330 +                 release_end: std::cell::Cell::new(NO_RELEASE_RANGE),
331 +                 next_free: std::cell::Cell::new(std::ptr::null_mut()),
332 +             }))
333 +         } else {
334 +             unsafe {
335 +                 head.set((*ptr).next_free.get());
336 +                 (*ptr).id = id;
337 +                 (*ptr).refs.set(1);
338 +                 (*ptr).lifecycle_owned.set(true);
339 +                 (*ptr).release_start.set(NO_RELEASE_RANGE);
340 +                 (*ptr).release_end.set(NO_RELEASE_RANGE);
341 +                 (*ptr).next_free.set(std::ptr::null_mut());
342 +             }
343 +             ptr
344 +         }
345 +     })
    |

warning: usage of `contains_key` followed by `insert` on a `HashMap`
   --> crates/perry-runtime/src/box.rs:525:9
    |
525 | /         if pending.contains_key(&addr) {
526 | |             false
527 | |         } else {
528 | |             pending.insert(addr, tag);
529 | |             true
530 | |         }
    | |_________^
    |
    = help: for further information visit https://rust-lang.github.io/rust-clippy/master/index.html#map_entry
    = note: `#[warn(clippy::map_entry)]` on by default
help: try
    |
525 ~         if let std::collections::hash_map::Entry::Vacant(e) = pending.entry(addr) {
526 +             e.insert(tag);
527 +             true
528 +         } else {
529 +             false
530 +         }
    |

warning: unsafe function's docs are missing a `# Safety` section
    --> crates/perry-runtime/src/box.rs:1210:1
     |
1210 | pub unsafe extern "C" fn js_box_get_bits_trusted(ptr: *mut Box) -> i64 {
     | ^^^^^^^^^^^^^^^^^^^^^^^^^^^^^^^^^^^^^^^^^^^^^^^^^^^^^^^^^^^^^^^^^^^^^^
     |
     = help: for further information visit https://rust-lang.github.io/rust-clippy/master/index.html#missing_safety_doc

warning: doc list item without indentation
   --> crates/perry-runtime/src/buffer/coding.rs:127:5
    |
127 | /// when we encounter `=`, an invalid byte, or a whitespace character —
    |     ^
    |
    = help: if this is supposed to be its own paragraph, add a blank line
    = help: for further information visit https://rust-lang.github.io/rust-clippy/master/index.html#doc_lazy_continuation
help: indent this line
    |
127 | ///   when we encounter `=`, an invalid byte, or a whitespace character —
    |     ++

warning: doc list item without indentation
   --> crates/perry-runtime/src/buffer/coding.rs:128:5
    |
128 | /// matches Node's `Buffer.from(s, 'base64')` semantics for those cases
    |     ^
    |
    = help: if this is supposed to be its own paragraph, add a blank line
    = help: for further information visit https://rust-lang.github.io/rust-clippy/master/index.html#doc_lazy_continuation
help: indent this line
    |
128 | ///   matches Node's `Buffer.from(s, 'base64')` semantics for those cases
    |     ++

warning: doc list item without indentation
   --> crates/perry-runtime/src/buffer/coding.rs:129:5
    |
129 | /// (skip invalid, stop at first `=`).
    |     ^
    |
    = help: if this is supposed to be its own paragraph, add a blank line
    = help: for further information visit https://rust-lang.github.io/rust-clippy/master/index.html#doc_lazy_continuation
help: indent this line
    |
129 | ///   (skip invalid, stop at first `=`).
    |     ++

warning: manual `RangeInclusive::contains` implementation
   --> crates/perry-runtime/src/buffer/dataview.rs:121:8
    |
121 |     if value >= 0.0 && value <= 9_007_199_254_740_991.0 && value.trunc() == value {
    |        ^^^^^^^^^^^^^^^^^^^^^^^^^^^^^^^^^^^^^^^^^^^^^^^^ help: use: `(0.0..=9_007_199_254_740_991.0).contains(&value)`
    |
    = help: for further information visit https://rust-lang.github.io/rust-clippy/master/index.html#manual_range_contains

warning: casting raw pointers to the same type and constness is unnecessary (`*const bigint::BigIntHeader` -> `*const bigint::BigIntHeader`)
   --> crates/perry-runtime/src/buffer/dataview.rs:496:14
    |
496 |       let bi = crate::value::JSValue::from_bits(coerced.to_bits()).as_bigint_ptr()
    |  ______________^
497 | |         as *const crate::bigint::BigIntHeader;
    | |_____________________________________________^ help: try: `crate::value::JSValue::from_bits(coerced.to_bits()).as_bigint_ptr()`
    |
    = help: for further information visit https://rust-lang.github.io/rust-clippy/master/index.html#unnecessary_cast

warning: using `chunks_exact` with a constant chunk size
   --> crates/perry-runtime/src/buffer/encode.rs:130:23
    |
130 |     for pair in bytes.chunks_exact(2) {
    |                       ^^^^^^^^^^^^^^^ help: consider using `as_chunks` instead: `as_chunks::<2>().0`
    |
    = help: for further information visit https://rust-lang.github.io/rust-clippy/master/index.html#chunks_exact_to_as_chunks
    = note: `#[warn(clippy::chunks_exact_to_as_chunks)]` on by default

warning: this `if` has identical blocks
   --> crates/perry-runtime/src/buffer/encode.rs:245:23
    |
245 |               if i == 0 {
    |  _______________________^
246 | |                 out.push(' ');
247 | |             } else {
    | |_____________^
    |
note: same as this
   --> crates/perry-runtime/src/buffer/encode.rs:247:20
    |
247 |               } else {
    |  ____________________^
248 | |                 out.push(' ');
249 | |             }
    | |_____________^
    = help: for further information visit https://rust-lang.github.io/rust-clippy/master/index.html#if_same_then_else

warning: casting raw pointers to the same type and constness is unnecessary (`*const string::StringHeader` -> `*const string::StringHeader`)
   --> crates/perry-runtime/src/buffer/from.rs:305:38
    |
305 |         return js_buffer_from_string(str_ptr as *const crate::string::StringHeader, encoding);
    |                                      ^^^^^^^^^^^^^^^^^^^^^^^^^^^^^^^^^^^^^^^^^^^^^ help: try: `str_ptr`
    |
    = help: for further information visit https://rust-lang.github.io/rust-clippy/master/index.html#unnecessary_cast

warning: `perry-codegen` (lib) generated 221 warnings (run `cargo clippy --fix --lib -p perry-codegen -- ` to apply 43 suggestions)
warning: unsafe function's docs are missing a `# Safety` section
   --> crates/perry-runtime/src/buffer/iter.rs:107:1
    |
107 | / pub unsafe fn dispatch_buffer_iterator_method(
108 | |     iter_obj: *mut ObjectHeader,
109 | |     method_name: &str,
110 | | ) -> f64 {
    | |________^
    |
    = help: for further information visit https://rust-lang.github.io/rust-clippy/master/index.html#missing_safety_doc

warning: the loop variable `i` is used to index `s`
   --> crates/perry-runtime/src/buffer/numeric.rs:464:14
    |
464 |     for i in 0..n {
    |              ^^^^
    |
    = help: for further information visit https://rust-lang.github.io/rust-clippy/master/index.html#needless_range_loop
help: consider using an iterator and enumerate()
    |
464 -     for i in 0..n {
464 +     for (i, <item>) in s.iter_mut().enumerate().take(n) {
    |

warning: the loop variable `i` is used to index `s`
   --> crates/perry-runtime/src/buffer/numeric.rs:492:14
    |
492 |     for i in 0..n {
    |              ^^^^
    |
    = help: for further information visit https://rust-lang.github.io/rust-clippy/master/index.html#needless_range_loop
help: consider using an iterator and enumerate()
    |
492 -     for i in 0..n {
492 +     for (i, <item>) in s.iter_mut().enumerate().take(n) {
    |

warning: using `chunks_exact` with a constant chunk size
   --> crates/perry-runtime/src/buffer/transcode.rs:140:24
    |
140 |     let chunks = bytes.chunks_exact(2);
    |                        ^^^^^^^^^^^^^^^
    |
help: consider using `as_chunks::<2>()` instead
   --> crates/perry-runtime/src/buffer/transcode.rs:140:24
    |
140 |     let chunks = bytes.chunks_exact(2);
    |                        ^^^^^^^^^^^^^^^
    = note: you can access the chunks using `chunks.0.iter()`, and the remainder using `chunks.1`
    = help: for further information visit https://rust-lang.github.io/rust-clippy/master/index.html#chunks_exact_to_as_chunks

warning: using `chunks_exact` with a constant chunk size
   --> crates/perry-runtime/src/buffer/transcode.rs:210:36
    |
210 |             let chunks = src_bytes.chunks_exact(2);
    |                                    ^^^^^^^^^^^^^^^
    |
help: consider using `as_chunks::<2>()` instead
   --> crates/perry-runtime/src/buffer/transcode.rs:210:36
    |
210 |             let chunks = src_bytes.chunks_exact(2);
    |                                    ^^^^^^^^^^^^^^^
    = note: you can access the chunks using `chunks.0.iter()`, and the remainder using `chunks.1`
    = help: for further information visit https://rust-lang.github.io/rust-clippy/master/index.html#chunks_exact_to_as_chunks

warning: this `if` has identical blocks
   --> crates/perry-runtime/src/builtins/console.rs:742:17
    |
742 |       if ms < 1.0 {
    |  _________________^
743 | |         format!("{:.3}ms", ms)
744 | |     } else if ms < 1000.0 {
    | |_____^
    |
note: same as this
   --> crates/perry-runtime/src/builtins/console.rs:744:27
    |
744 |       } else if ms < 1000.0 {
    |  ___________________________^
745 | |         format!("{:.3}ms", ms)
746 | |     } else {
    | |_____^
    = help: for further information visit https://rust-lang.github.io/rust-clippy/master/index.html#if_same_then_else

warning: unneeded late initialization
   --> crates/perry-runtime/src/builtins/console.rs:949:5
    |
949 | /     if !null_or_undefined(stdout_prop) {
950 | |         stdout = stdout_prop;
951 | |         stderr_candidate = object_property(options, b"stderr");
952 | |         options_value = options;
...   |
962 | |         options_value = options;
963 | |     }
    | |_____^
    |
    = help: for further information visit https://rust-lang.github.io/rust-clippy/master/index.html#needless_late_init
    = note: `#[warn(clippy::needless_late_init)]` on by default
help: move the declarations here and remove the assignments from the branches
    |
946 ~     
947 ~     
948 ~     
949 ~     let (stdout, stderr_candidate, options_value) = if !null_or_undefined(stdout_prop) {
950 ~         (stdout_prop, object_property(options, b"stderr"), options)
951 |     } else if has_write_method(options) {
952 |         // Single positional stream form: the argument is stdout itself.
953 ~         (options, undefined_value(), undefined_value())
954 |     } else {
955 |         // Options-object form whose stdout is missing/nullish.
956 ~         (stdout_prop, object_property(options, b"stderr"), options)
957 ~     };
    |

warning: very complex type used. Consider factoring parts into `type` definitions
   --> crates/perry-runtime/src/builtins/fn_metadata.rs:339:22
    |
339 |       static REGISTRY: OnceLock<
    |  ______________________^
340 | |         std::sync::Mutex<std::collections::HashMap<usize, RegisteredFunctionSource<&'static [u8]>>>,
341 | |     > = OnceLock::new();
    | |_____^
    |
    = help: for further information visit https://rust-lang.github.io/rust-clippy/master/index.html#type_complexity
    = note: `#[warn(clippy::type_complexity)]` on by default

warning: very complex type used. Consider factoring parts into `type` definitions
   --> crates/perry-runtime/src/builtins/fn_metadata.rs:352:23
    |
352 |       static OVERRIDES: OnceLock<
    |  _______________________^
353 | |         std::sync::Mutex<
354 | |             std::collections::HashMap<usize, RegisteredFunctionSource<std::sync::Arc<[u8]>>>,
355 | |         >,
356 | |     > = OnceLock::new();
    | |_____^
    |
    = help: for further information visit https://rust-lang.github.io/rust-clippy/master/index.html#type_complexity

warning: clamp-like pattern without using clamp function
   --> crates/perry-runtime/src/builtins/formatting/value_repr.rs:246:19
    |
246 |       let columns = cols_by_sqrt
    |  ___________________^
247 | |         .min(cols_by_width.max(1))
248 | |         .min(12) // compact(3) * 4
249 | |         .min(15) // absolute max per Node
250 | |         .max(1);
    | |_______________^
    |
    = note: clamp will panic if max < min
    = help: for further information visit https://rust-lang.github.io/rust-clippy/master/index.html#manual_clamp
    = note: `#[warn(clippy::manual_clamp)]` on by default
help: replace with clamp
    |
246 ~     let columns = cols_by_sqrt
247 +         .min(cols_by_width.max(1))
248 ~         .min(12).clamp(1, 15);
    |

warning: casting raw pointers to the same type and constness is unnecessary (`*const string::StringHeader` -> `*const string::StringHeader`)
   --> crates/perry-runtime/src/builtins/globals.rs:218:22
    |
218 |         let header = str_ptr as *const StringHeader;
    |                      ^^^^^^^^^^^^^^^^^^^^^^^^^^^^^^ help: try: `str_ptr`
    |
    = help: for further information visit https://rust-lang.github.io/rust-clippy/master/index.html#unnecessary_cast

warning: stripping a prefix manually
  --> crates/perry-runtime/src/builtins/numbers.rs:44:24
   |
44 |                 (true, &trimmed[1..])
   |                        ^^^^^^^^^^^^^
   |
note: the prefix was tested here
  --> crates/perry-runtime/src/builtins/numbers.rs:43:42
   |
43 |             let (is_negative, trimmed) = if trimmed.starts_with('-') {
   |                                          ^^^^^^^^^^^^^^^^^^^^^^^^^^^^
   = help: for further information visit https://rust-lang.github.io/rust-clippy/master/index.html#manual_strip
help: try using the `strip_prefix` method
   |
43 ~             let (is_negative, trimmed) = if let Some(<stripped>) = trimmed.strip_prefix('-') {
44 ~                 (true, <stripped>)
   |

warning: stripping a prefix manually
  --> crates/perry-runtime/src/builtins/numbers.rs:46:25
   |
46 |                 (false, &trimmed[1..])
   |                         ^^^^^^^^^^^^^
   |
note: the prefix was tested here
  --> crates/perry-runtime/src/builtins/numbers.rs:45:20
   |
45 |             } else if trimmed.starts_with('+') {
   |                    ^^^^^^^^^^^^^^^^^^^^^^^^^^^^
   = help: for further information visit https://rust-lang.github.io/rust-clippy/master/index.html#manual_strip
help: try using the `strip_prefix` method
   |
45 ~             } else if let Some(<stripped>) = trimmed.strip_prefix('+') {
46 ~                 (false, <stripped>)
   |

warning: casting raw pointers to the same type and constness is unnecessary (`*mut string::StringHeader` -> `*mut string::StringHeader`)
   --> crates/perry-runtime/src/builtins/numbers.rs:672:20
    |
672 |             return str_ptr as *mut StringHeader;
    |                    ^^^^^^^^^^^^^^^^^^^^^^^^^^^^ help: try: `str_ptr`
    |
    = help: for further information visit https://rust-lang.github.io/rust-clippy/master/index.html#unnecessary_cast

warning: manual implementation of `.is_multiple_of()`
  --> crates/perry-runtime/src/bun_compat/string_width.rs:42:19
   |
42 |         return if (cp - 0xAC00) % 28 == 0 {
   |                   ^^^^^^^^^^^^^^^^^^^^^^^ help: replace with: `(cp - 0xAC00).is_multiple_of(28)`
   |
   = help: for further information visit https://rust-lang.github.io/rust-clippy/master/index.html#manual_is_multiple_of

warning: match can be simplified with `.unwrap_or_default()`
   --> crates/perry-runtime/src/bun_compat/mod.rs:228:17
    |
228 |       let bytes = match payload_bytes(input) {
    |  _________________^
229 | |         Ok(bytes) => bytes,
...   |
233 | |         Err(_) => Vec::new(),
234 | |     };
    | |_____^ help: replace it with: `payload_bytes(input).unwrap_or_default()`
    |
    = help: for further information visit https://rust-lang.github.io/rust-clippy/master/index.html#manual_unwrap_or_default
    = note: `#[warn(clippy::manual_unwrap_or_default)]` on by default

warning: unsafe function's docs are missing a `# Safety` section
   --> crates/perry-runtime/src/bun_ffi/callback.rs:586:1
    |
586 | / pub unsafe extern "C" fn perry_ffi_callback_dispatch(
587 | |     index: usize,
588 | |     integer_registers: *const usize,
589 | |     float_registers: *const u64,
590 | | ) -> u64 {
    | |________^
    |
    = help: for further information visit https://rust-lang.github.io/rust-clippy/master/index.html#missing_safety_doc

warning: doc list item without indentation
  --> crates/perry-runtime/src/child_process/reactor.rs:14:5
   |
14 | //! Each producer calls [`js_notify_main_thread`] so the event loop wakes
   |     ^
   |
   = help: if this is supposed to be its own paragraph, add a blank line
   = help: for further information visit https://rust-lang.github.io/rust-clippy/master/index.html#doc_lazy_continuation
help: indent this line
   |
14 | //!     Each producer calls [`js_notify_main_thread`] so the event loop wakes
   |     ++++

warning: doc list item without indentation
  --> crates/perry-runtime/src/child_process/reactor.rs:15:5
   |
15 | //! immediately. The main-thread [`cp_reactor_pump`] (driven from
   |     ^
   |
   = help: if this is supposed to be its own paragraph, add a blank line
   = help: for further information visit https://rust-lang.github.io/rust-clippy/master/index.html#doc_lazy_continuation
help: indent this line
   |
15 | //!     immediately. The main-thread [`cp_reactor_pump`] (driven from
   |     ++++

warning: doc list item without indentation
  --> crates/perry-runtime/src/child_process/reactor.rs:16:5
   |
16 | //! `js_run_stdlib_pump`, which both the end-of-main event loop and the `await`
   |     ^
   |
   = help: if this is supposed to be its own paragraph, add a blank line
   = help: for further information visit https://rust-lang.github.io/rust-clippy/master/index.html#doc_lazy_continuation
help: indent this line
   |
16 | //!     `js_run_stdlib_pump`, which both the end-of-main event loop and the `await`
   |     ++++

warning: doc list item without indentation
  --> crates/perry-runtime/src/child_process/reactor.rs:17:5
   |
17 | //! poll loop call) drains the queue, builds `Buffer`s, and emits `spawn` /
   |     ^
   |
   = help: if this is supposed to be its own paragraph, add a blank line
   = help: for further information visit https://rust-lang.github.io/rust-clippy/master/index.html#doc_lazy_continuation
help: indent this line
   |
17 | //!     poll loop call) drains the queue, builds `Buffer`s, and emits `spawn` /
   |     ++++

warning: doc list item without indentation
  --> crates/perry-runtime/src/child_process/reactor.rs:18:5
   |
18 | //! `data` / `end` / `exit` / `close` on the ChildProcess. Live children keep
   |     ^
   |
   = help: if this is supposed to be its own paragraph, add a blank line
   = help: for further information visit https://rust-lang.github.io/rust-clippy/master/index.html#doc_lazy_continuation
help: indent this line
   |
18 | //!     `data` / `end` / `exit` / `close` on the ChildProcess. Live children keep
   |     ++++

warning: doc list item without indentation
  --> crates/perry-runtime/src/child_process/reactor.rs:19:5
   |
19 | //! the event loop alive via [`cp_reactor_has_live`] (wired into
   |     ^
   |
   = help: if this is supposed to be its own paragraph, add a blank line
   = help: for further information visit https://rust-lang.github.io/rust-clippy/master/index.html#doc_lazy_continuation
help: indent this line
   |
19 | //!     the event loop alive via [`cp_reactor_has_live`] (wired into
   |     ++++

warning: doc list item without indentation
  --> crates/perry-runtime/src/child_process/reactor.rs:20:5
   |
20 | //! `js_stdlib_has_active_handles`).
   |     ^
   |
   = help: if this is supposed to be its own paragraph, add a blank line
   = help: for further information visit https://rust-lang.github.io/rust-clippy/master/index.html#doc_lazy_continuation
help: indent this line
   |
20 | //!     `js_stdlib_has_active_handles`).
   |     ++++

warning: this function has too many arguments (10/7)
   --> crates/perry-runtime/src/child_process/reactor.rs:542:1
    |
542 | / pub(super) fn cp_register_live_child(
543 | |     cp: f64,
544 | |     stdout_obj: f64,
545 | |     stderr_obj: f64,
...   |
552 | |     kill_signal: i32,
553 | | ) -> u64 {
    | |________^
    |
    = help: for further information visit https://rust-lang.github.io/rust-clippy/master/index.html#too_many_arguments
    = note: `#[warn(clippy::too_many_arguments)]` on by default

warning: this function has too many arguments (13/7)
   --> crates/perry-runtime/src/child_process/fork.rs:276:1
    |
276 | / fn fork_launch(
277 | |     cp: f64,
278 | |     stdout_obj: f64,
279 | |     stderr_obj: f64,
...   |
289 | |     _stdio_kinds: &[CpStdio],
290 | | ) -> std::io::Result<()> {
    | |________________________^
    |
    = help: for further information visit https://rust-lang.github.io/rust-clippy/master/index.html#too_many_arguments

warning: this `match` expression can be replaced with `?`
   --> crates/perry-runtime/src/child_process/fork.rs:295:37
    |
295 |       let (parent_sock, child_sock) = match UnixStream::pair() {
    |  _____________________________________^
296 | |         Ok(p) => p,
297 | |         Err(error) => return Err(error),
298 | |     };
    | |_____^ help: try instead: `UnixStream::pair()?`
    |
    = help: for further information visit https://rust-lang.github.io/rust-clippy/master/index.html#question_mark

warning: using `chunks_exact` with a constant chunk size
   --> crates/perry-runtime/src/child_process/v8_serde.rs:761:14
    |
761 |             .chunks_exact(2)
    |              ^^^^^^^^^^^^^^^ help: consider using `as_chunks` instead: `as_chunks::<2>().0.iter()`
    |
    = help: for further information visit https://rust-lang.github.io/rust-clippy/master/index.html#chunks_exact_to_as_chunks

warning: manual checked division
    --> crates/perry-runtime/src/child_process/v8_serde.rs:1252:21
     |
1252 |     let length = if elem_size == 0 {
     |                     ^^^^^^^^^^^^^^ check performed here
...
1255 |         bytes.len() / elem_size
     |         ----------------------- division performed here
     |
     = help: consider using `checked_div`
     = help: for further information visit https://rust-lang.github.io/rust-clippy/master/index.html#manual_checked_ops
     = note: `#[warn(clippy::manual_checked_ops)]` on by default

warning: for loop over a single element
   --> crates/perry-runtime/src/child_process/validate.rs:297:5
    |
297 | /     for name in ["detached"] {
298 | |         let item = cp_get_field(value, name.as_bytes());
299 | |         if !cp_is_undefined(item) && !JSValue::from_bits(item.to_bits()).is_bool() {
300 | |             cp_throw_option_type(name, item);
301 | |         }
302 | |     }
    | |_____^
    |
    = help: for further information visit https://rust-lang.github.io/rust-clippy/master/index.html#single_element_loop
    = note: `#[warn(clippy::single_element_loop)]` on by default
help: try
    |
297 ~     {
298 +         let name = "detached";
299 +         let item = cp_get_field(value, name.as_bytes());
300 +         if !cp_is_undefined(item) && !JSValue::from_bits(item.to_bits()).is_bool() {
301 +             cp_throw_option_type(name, item);
302 +         }
303 +     }
    |

warning: this loop could be written as a `while let` loop
  --> crates/perry-runtime/src/child_process/emitter.rs:58:5
   |
58 | /     loop {
59 | |         let arr = match cp_array_ptr(cp_get_field(target, &key)) {
60 | |             Some(a) => a,
61 | |             None => break,
...  |
73 | |         i += 1;
74 | |     }
   | |_____^
   |
   = help: for further information visit https://rust-lang.github.io/rust-clippy/master/index.html#while_let_loop
   = note: `#[warn(clippy::while_let_loop)]` on by default
help: try
   |
58 ~     while let Some(a) = cp_array_ptr(cp_get_field(target, &key)) {
59 +         let arr = a;
60 +         ..
61 +     }
   |

warning: unneeded `return` statement
   --> crates/perry-runtime/src/child_process/options.rs:345:9
    |
345 |         return Ok(readers);
    |         ^^^^^^^^^^^^^^^^^^
    |
    = help: for further information visit https://rust-lang.github.io/rust-clippy/master/index.html#needless_return
    = note: `#[warn(clippy::needless_return)]` on by default
help: remove `return`
    |
345 -         return Ok(readers);
345 +         Ok(readers)
    |

warning: unsafe function's docs are missing a `# Safety` section
   --> crates/perry-runtime/src/closure/alloc.rs:362:1
    |
362 | pub unsafe fn closure_capture_slots_mut(closure: *mut ClosureHeader) -> *mut u64 {
    | ^^^^^^^^^^^^^^^^^^^^^^^^^^^^^^^^^^^^^^^^^^^^^^^^^^^^^^^^^^^^^^^^^^^^^^^^^^^^^^^^
    |
    = help: for further information visit https://rust-lang.github.io/rust-clippy/master/index.html#missing_safety_doc

warning: unsafe function's docs are missing a `# Safety` section
   --> crates/perry-runtime/src/closure/alloc.rs:372:1
    |
372 | / pub unsafe fn note_closure_capture_slot(
373 | |     closure: *mut ClosureHeader,
374 | |     index: usize,
375 | |     value_bits: u64,
376 | | ) {
    | |_^
    |
    = help: for further information visit https://rust-lang.github.io/rust-clippy/master/index.html#missing_safety_doc

warning: unsafe function's docs are missing a `# Safety` section
   --> crates/perry-runtime/src/closure/alloc.rs:388:1
    |
388 | pub unsafe fn rebuild_closure_layout_and_barriers(closure: *mut ClosureHeader, slot_count: usize) {
    | ^^^^^^^^^^^^^^^^^^^^^^^^^^^^^^^^^^^^^^^^^^^^^^^^^^^^^^^^^^^^^^^^^^^^^^^^^^^^^^^^^^^^^^^^^^^^^^^^^
    |
    = help: for further information visit https://rust-lang.github.io/rust-clippy/master/index.html#missing_safety_doc

warning: unsafe function's docs are missing a `# Safety` section
  --> crates/perry-runtime/src/closure/dispatch/bound.rs:61:1
   |
61 | pub unsafe fn dispatch_bound_method(closure: *const ClosureHeader, args: &[f64]) -> f64 {
   | ^^^^^^^^^^^^^^^^^^^^^^^^^^^^^^^^^^^^^^^^^^^^^^^^^^^^^^^^^^^^^^^^^^^^^^^^^^^^^^^^^^^^^^^
   |
   = help: for further information visit https://rust-lang.github.io/rust-clippy/master/index.html#missing_safety_doc

warning: unsafe function's docs are missing a `# Safety` section
   --> crates/perry-runtime/src/closure/dispatch/bound.rs:302:1
    |
302 | pub unsafe fn dispatch_bound_function(closure: *const ClosureHeader, args: &[f64]) -> f64 {
    | ^^^^^^^^^^^^^^^^^^^^^^^^^^^^^^^^^^^^^^^^^^^^^^^^^^^^^^^^^^^^^^^^^^^^^^^^^^^^^^^^^^^^^^^^^
    |
    = help: for further information visit https://rust-lang.github.io/rust-clippy/master/index.html#missing_safety_doc

warning: unsafe function's docs are missing a `# Safety` section
   --> crates/perry-runtime/src/closure/dispatch/bound.rs:463:1
    |
463 | / pub unsafe extern "C" fn js_function_bind(
464 | |     target_value: f64,
465 | |     args_ptr: *const f64,
466 | |     args_len: usize,
467 | | ) -> f64 {
    | |________^
    |
    = help: for further information visit https://rust-lang.github.io/rust-clippy/master/index.html#missing_safety_doc

warning: unsafe function's docs are missing a `# Safety` section
  --> crates/perry-runtime/src/closure/dispatch/value_call.rs:31:1
   |
31 | / pub unsafe extern "C" fn js_native_call_value(
32 | |     func_value: f64,
33 | |     args_ptr: *const f64,
34 | |     args_len: usize,
35 | | ) -> f64 {
   | |________^
   |
   = help: for further information visit https://rust-lang.github.io/rust-clippy/master/index.html#missing_safety_doc

warning: unsafe function's docs are missing a `# Safety` section
   --> crates/perry-runtime/src/closure/dispatch/value_call.rs:429:1
    |
429 | / pub unsafe extern "C" fn js_closure_call_array(
430 | |     closure_env: i64,
431 | |     args_ptr: *const f64,
432 | |     args_len: i64,
433 | | ) -> f64 {
    | |________^
    |
    = help: for further information visit https://rust-lang.github.io/rust-clippy/master/index.html#missing_safety_doc

warning: unsafe function's docs are missing a `# Safety` section
   --> crates/perry-runtime/src/closure/dispatch/value_call.rs:700:1
    |
700 | / pub unsafe extern "C" fn js_closure_call_apply_with_spread(
701 | |     closure_box: f64,
702 | |     regular_args: *const f64,
703 | |     regular_count: i64,
704 | |     spread_arr_handle: i64,
705 | | ) -> f64 {
    | |________^
    |
    = help: for further information visit https://rust-lang.github.io/rust-clippy/master/index.html#missing_safety_doc

warning: unsafe function's docs are missing a `# Safety` section
   --> crates/perry-runtime/src/closure/registry.rs:860:1
    |
860 | pub unsafe fn build_rest_array(values: &[f64], arguments_object: bool) -> f64 {
    | ^^^^^^^^^^^^^^^^^^^^^^^^^^^^^^^^^^^^^^^^^^^^^^^^^^^^^^^^^^^^^^^^^^^^^^^^^^^^^
    |
    = help: for further information visit https://rust-lang.github.io/rust-clippy/master/index.html#missing_safety_doc

warning: unsafe function's docs are missing a `# Safety` section
   --> crates/perry-runtime/src/closure/registry.rs:892:1
    |
892 | / pub unsafe fn dispatch_rest_bundled(
893 | |     closure: *const ClosureHeader,
894 | |     func_ptr: *const u8,
895 | |     args: &[f64],
896 | |     fixed_arity: u32,
897 | |     kind: RestDispatchKind,
898 | | ) -> f64 {
    | |________^
    |
    = help: for further information visit https://rust-lang.github.io/rust-clippy/master/index.html#missing_safety_doc

warning: unsafe function's docs are missing a `# Safety` section
    --> crates/perry-runtime/src/closure/registry.rs:1191:1
     |
1191 | / pub unsafe fn dispatch_with_arity(
1192 | |     closure: *const ClosureHeader,
1193 | |     func_ptr: *const u8,
1194 | |     args: &[f64],
1195 | |     declared_arity: u32,
1196 | | ) -> f64 {
     | |________^
     |
     = help: for further information visit https://rust-lang.github.io/rust-clippy/master/index.html#missing_safety_doc

warning: this loop could be written as a `while let` loop
    --> crates/perry-runtime/src/cluster.rs:1464:5
     |
1464 | /     loop {
1465 | |         let Some(arr) = array_ptr(get_field(target, &key)) else {
1466 | |             break;
1467 | |         };
...    |
1478 | |         i += 1;
1479 | |     }
     | |_____^ help: try: `while let Some(arr) = array_ptr(get_field(target, &key)) { .. }`
     |
     = help: for further information visit https://rust-lang.github.io/rust-clippy/master/index.html#while_let_loop

warning: using `chunks_exact` with a constant chunk size
   --> crates/perry-runtime/src/cluster_sched.rs:470:22
    |
470 |                     .chunks_exact(2)
    |                      ^^^^^^^^^^^^^^^ help: consider using `as_chunks` instead: `as_chunks::<2>().0.iter()`
    |
    = help: for further information visit https://rust-lang.github.io/rust-clippy/master/index.html#chunks_exact_to_as_chunks

warning: unsafe function's docs are missing a `# Safety` section
   --> crates/perry-runtime/src/collection_iter.rs:214:1
    |
214 | / pub unsafe extern "C" fn js_builtin_prototype_method_value(
215 | |     builtin_ptr: *const u8,
216 | |     builtin_len: usize,
217 | |     method_ptr: *const u8,
218 | |     method_len: usize,
219 | | ) -> f64 {
    | |________^
    |
    = help: for further information visit https://rust-lang.github.io/rust-clippy/master/index.html#missing_safety_doc

warning: unsafe function's docs are missing a `# Safety` section
   --> crates/perry-runtime/src/collection_iter_object.rs:221:1
    |
221 | pub unsafe fn dispatch_map_iterator_method(iter_obj: *mut ObjectHeader, method_name: &str) -> f64 {
    | ^^^^^^^^^^^^^^^^^^^^^^^^^^^^^^^^^^^^^^^^^^^^^^^^^^^^^^^^^^^^^^^^^^^^^^^^^^^^^^^^^^^^^^^^^^^^^^^^^
    |
    = help: for further information visit https://rust-lang.github.io/rust-clippy/master/index.html#missing_safety_doc

warning: unsafe function's docs are missing a `# Safety` section
   --> crates/perry-runtime/src/collection_iter_object.rs:308:1
    |
308 | pub unsafe fn dispatch_set_iterator_method(iter_obj: *mut ObjectHeader, method_name: &str) -> f64 {
    | ^^^^^^^^^^^^^^^^^^^^^^^^^^^^^^^^^^^^^^^^^^^^^^^^^^^^^^^^^^^^^^^^^^^^^^^^^^^^^^^^^^^^^^^^^^^^^^^^^
    |
    = help: for further information visit https://rust-lang.github.io/rust-clippy/master/index.html#missing_safety_doc

warning: unsafe function's docs are missing a `# Safety` section
   --> crates/perry-runtime/src/collection_iter_object.rs:421:1
    |
421 | pub unsafe extern "C-unwind" fn js_for_of_next(iter: f64) -> f64 {
    | ^^^^^^^^^^^^^^^^^^^^^^^^^^^^^^^^^^^^^^^^^^^^^^^^^^^^^^^^^^^^^^^^
    |
    = help: for further information visit https://rust-lang.github.io/rust-clippy/master/index.html#missing_safety_doc

warning: doc list item without indentation
   --> crates/perry-runtime/src/date.rs:939:5
    |
939 | /// The receiver cell is mutated in place; the numeric ms result is returned.
    |     ^
    |
    = help: if this is supposed to be its own paragraph, add a blank line
    = help: for further information visit https://rust-lang.github.io/rust-clippy/master/index.html#doc_lazy_continuation
help: indent this line
    |
939 | ///     The receiver cell is mutated in place; the numeric ms result is returned.
    |     ++++

warning: very complex type used. Consider factoring parts into `type` definitions
   --> crates/perry-runtime/src/eh_walker.rs:234:53
    |
234 | fn parse_unwind_info(ui: &[u8], image_base: u64) -> (Vec<(u64, u32)>, Vec<(u64, u64)>, Vec<u64>) {
    |                                                     ^^^^^^^^^^^^^^^^^^^^^^^^^^^^^^^^^^^^^^^^^^^^
    |
    = help: for further information visit https://rust-lang.github.io/rust-clippy/master/index.html#type_complexity

warning: very complex type used. Consider factoring parts into `type` definitions
   --> crates/perry-runtime/src/eh_walker.rs:259:12
    |
259 |     (|| -> Option<(Vec<(u64, u32)>, Vec<(u64, u64)>, Vec<u64>)> {
    |            ^^^^^^^^^^^^^^^^^^^^^^^^^^^^^^^^^^^^^^^^^^^^^^^^^^^^
    |
    = help: for further information visit https://rust-lang.github.io/rust-clippy/master/index.html#type_complexity

warning: manual implementation of `.is_multiple_of()`
   --> crates/perry-runtime/src/eh_walker.rs:774:55
    |
774 |             if addr < stack_low || addr >= ceiling || addr % 8 != 0 {
    |                                                       ^^^^^^^^^^^^^ help: replace with: `!addr.is_multiple_of(8)`
    |
    = help: for further information visit https://rust-lang.github.io/rust-clippy/master/index.html#manual_is_multiple_of

warning: manual implementation of `.is_multiple_of()`
   --> crates/perry-runtime/src/error_stack_frames.rs:138:27
    |
138 |     if blob.is_empty() || blob.len() % PC_CHARS != 0 {
    |                           ^^^^^^^^^^^^^^^^^^^^^^^^^^ help: replace with: `!blob.len().is_multiple_of(PC_CHARS)`
    |
    = help: for further information visit https://rust-lang.github.io/rust-clippy/master/index.html#manual_is_multiple_of

warning: using `chunks_exact` with a constant chunk size
   --> crates/perry-runtime/src/error_stack_frames.rs:142:23
    |
142 |     for chunk in blob.chunks_exact(PC_CHARS) {
    |                       ^^^^^^^^^^^^^^^^^^^^^^ help: consider using `as_chunks` instead: `as_chunks::<PC_CHARS>().0`
    |
    = help: for further information visit https://rust-lang.github.io/rust-clippy/master/index.html#chunks_exact_to_as_chunks

warning: unsafe function's docs are missing a `# Safety` section
   --> crates/perry-runtime/src/event_target.rs:823:1
    |
823 | / pub unsafe extern "C" fn js_event_target_add_event_listener(
824 | |     target: *mut ObjectHeader,
825 | |     event_name_ptr: *const StringHeader,
826 | |     callback_ptr: i64,
827 | | ) {
    | |_^
    |
    = help: for further information visit https://rust-lang.github.io/rust-clippy/master/index.html#missing_safety_doc

warning: unsafe function's docs are missing a `# Safety` section
   --> crates/perry-runtime/src/event_target.rs:838:1
    |
838 | / pub unsafe extern "C" fn js_event_target_add_event_listener_with_options(
839 | |     target: *mut ObjectHeader,
840 | |     event_name_ptr: *const StringHeader,
841 | |     callback_ptr: i64,
842 | |     options: f64,
843 | | ) {
    | |_^
    |
    = help: for further information visit https://rust-lang.github.io/rust-clippy/master/index.html#missing_safety_doc

warning: unsafe function's docs are missing a `# Safety` section
   --> crates/perry-runtime/src/event_target.rs:890:1
    |
890 | / pub unsafe extern "C" fn js_event_target_remove_event_listener(
891 | |     target: *mut ObjectHeader,
892 | |     event_name_ptr: *const StringHeader,
893 | |     callback_ptr: i64,
894 | | ) {
    | |_^
    |
    = help: for further information visit https://rust-lang.github.io/rust-clippy/master/index.html#missing_safety_doc

warning: unsafe function's docs are missing a `# Safety` section
   --> crates/perry-runtime/src/event_target.rs:905:1
    |
905 | / pub unsafe extern "C" fn js_event_target_remove_event_listener_with_options(
906 | |     target: *mut ObjectHeader,
907 | |     event_name_ptr: *const StringHeader,
908 | |     callback_ptr: i64,
909 | |     options: f64,
910 | | ) {
    | |_^
    |
    = help: for further information visit https://rust-lang.github.io/rust-clippy/master/index.html#missing_safety_doc

warning: unsafe function's docs are missing a `# Safety` section
   --> crates/perry-runtime/src/event_target.rs:940:1
    |
940 | / pub unsafe extern "C" fn js_event_target_dispatch_event(
941 | |     target: *mut ObjectHeader,
942 | |     event: f64,
943 | | ) -> f64 {
    | |________^
    |
    = help: for further information visit https://rust-lang.github.io/rust-clippy/master/index.html#missing_safety_doc

warning: unsafe function's docs are missing a `# Safety` section
    --> crates/perry-runtime/src/event_target.rs:1009:1
     |
1009 | pub unsafe extern "C" fn js_event_target_is_event_target(target: *const ObjectHeader) -> i32 {
     | ^^^^^^^^^^^^^^^^^^^^^^^^^^^^^^^^^^^^^^^^^^^^^^^^^^^^^^^^^^^^^^^^^^^^^^^^^^^^^^^^^^^^^^^^^^^^
     |
     = help: for further information visit https://rust-lang.github.io/rust-clippy/master/index.html#missing_safety_doc

warning: unsafe function's docs are missing a `# Safety` section
    --> crates/perry-runtime/src/event_target.rs:1019:1
     |
1019 | / pub unsafe extern "C" fn js_event_target_get_event_listeners(
1020 | |     target: *mut ObjectHeader,
1021 | |     event_name_ptr: *const StringHeader,
1022 | | ) -> *mut ArrayHeader {
     | |_____________________^
     |
     = help: for further information visit https://rust-lang.github.io/rust-clippy/master/index.html#missing_safety_doc

warning: unsafe function's docs are missing a `# Safety` section
    --> crates/perry-runtime/src/event_target.rs:1044:1
     |
1044 | pub unsafe extern "C" fn js_event_target_get_max_listeners(target: *mut ObjectHeader) -> f64 {
     | ^^^^^^^^^^^^^^^^^^^^^^^^^^^^^^^^^^^^^^^^^^^^^^^^^^^^^^^^^^^^^^^^^^^^^^^^^^^^^^^^^^^^^^^^^^^^
     |
     = help: for further information visit https://rust-lang.github.io/rust-clippy/master/index.html#missing_safety_doc

warning: unsafe function's docs are missing a `# Safety` section
    --> crates/perry-runtime/src/event_target.rs:1058:1
     |
1058 | / pub unsafe extern "C" fn js_event_target_set_max_listeners(
1059 | |     target: *mut ObjectHeader,
1060 | |     n: f64,
1061 | | ) -> i32 {
     | |________^
     |
     = help: for further information visit https://rust-lang.github.io/rust-clippy/master/index.html#missing_safety_doc

warning: this `if` has identical blocks
   --> crates/perry-runtime/src/fs/callbacks.rs:724:41
    |
724 |       } else if !is_undefined_value(arg1) {
    |  _________________________________________^
725 | |         required_callback(arg1)
726 | |     } else {
    | |_____^
    |
note: same as this
   --> crates/perry-runtime/src/fs/callbacks.rs:726:12
    |
726 |       } else {
    |  ____________^
727 | |         required_callback(arg1)
728 | |     };
    | |_____^
    = help: for further information visit https://rust-lang.github.io/rust-clippy/master/index.html#if_same_then_else

warning: this `let...else` may be rewritten with the `?` operator
   --> crates/perry-runtime/src/fs/stream.rs:763:9
    |
763 | /         let Some(state) = registry.get_mut(&id) else {
764 | |             return None;
765 | |         };
    | |__________^ help: replace it with: `let state = registry.get_mut(&id)?;`
    |
    = help: for further information visit https://rust-lang.github.io/rust-clippy/master/index.html#question_mark

warning: this `let...else` may be rewritten with the `?` operator
   --> crates/perry-runtime/src/fs/stream/utf8_stream.rs:494:9
    |
494 | /         let Some(state) = registry.get(&id) else {
495 | |             return None;
496 | |         };
    | |__________^ help: replace it with: `let state = registry.get(&id)?;`
    |
    = help: for further information visit https://rust-lang.github.io/rust-clippy/master/index.html#question_mark

warning: this `let...else` may be rewritten with the `?` operator
   --> crates/perry-runtime/src/fs/stream/utf8_stream.rs:624:13
    |
624 | /             let Some(state) = registry.get_mut(&id) else {
625 | |                 return None;
626 | |             };
    | |______________^ help: replace it with: `let state = registry.get_mut(&id)?;`
    |
    = help: for further information visit https://rust-lang.github.io/rust-clippy/master/index.html#question_mark

warning: very complex type used. Consider factoring parts into `type` definitions
    --> crates/perry-runtime/src/fs/stream.rs:1304:34
     |
1304 | fn read_next_chunk(id: usize) -> Result<Option<(Vec<u8>, Option<String>)>, String> {
     |                                  ^^^^^^^^^^^^^^^^^^^^^^^^^^^^^^^^^^^^^^^^^^^^^^^^^
     |
     = help: for further information visit https://rust-lang.github.io/rust-clippy/master/index.html#type_complexity

warning: this `let...else` may be rewritten with the `?` operator
    --> crates/perry-runtime/src/fs/stream.rs:1610:9
     |
1610 | /         let Some(state) = registry.get(&id) else {
1611 | |             return None;
1612 | |         };
     | |__________^ help: replace it with: `let state = registry.get(&id)?;`
     |
     = help: for further information visit https://rust-lang.github.io/rust-clippy/master/index.html#question_mark

warning: unsafe function's docs are missing a `# Safety` section
  --> crates/perry-runtime/src/fs/filehandle.rs:31:1
   |
31 | / pub unsafe extern "C" fn js_register_filehandle_readable_web_stream_factory(
32 | |     f: ReadableWebStreamFactory,
33 | | ) {
   | |_^
   |
   = help: for further information visit https://rust-lang.github.io/rust-clippy/master/index.html#missing_safety_doc

warning: this `let...else` may be rewritten with the `?` operator
   --> crates/perry-runtime/src/fs/filehandle.rs:274:9
    |
274 | /         let Some(state) = states.get_mut(&id) else {
275 | |             return None;
276 | |         };
    | |__________^ help: replace it with: `let state = states.get_mut(&id)?;`
    |
    = help: for further information visit https://rust-lang.github.io/rust-clippy/master/index.html#question_mark

warning: this `let...else` may be rewritten with the `?` operator
   --> crates/perry-runtime/src/fs/filehandle.rs:530:5
    |
530 | /     let Some(value) = (unsafe { options_field_value(options, field) }) else {
531 | |         return None;
532 | |     };
    | |______^ help: replace it with: `let value = (unsafe { options_field_value(options, field) })?;`
    |
    = help: for further information visit https://rust-lang.github.io/rust-clippy/master/index.html#question_mark

warning: this `let...else` may be rewritten with the `?` operator
   --> crates/perry-runtime/src/fs/filehandle.rs:720:9
    |
720 | /         let Some(mut state) = states.remove(&stream_iter_id(closure)) else {
721 | |             return None;
722 | |         };
    | |__________^ help: replace it with: `let mut state = states.remove(&stream_iter_id(closure))?;`
    |
    = help: for further information visit https://rust-lang.github.io/rust-clippy/master/index.html#question_mark

warning: this `let...else` may be rewritten with the `?` operator
   --> crates/perry-runtime/src/fs/filehandle.rs:744:9
    |
744 | /         let Some(mut state) = states.remove(&stream_iter_id(closure)) else {
745 | |             return None;
746 | |         };
    | |__________^ help: replace it with: `let mut state = states.remove(&stream_iter_id(closure))?;`
    |
    = help: for further information visit https://rust-lang.github.io/rust-clippy/master/index.html#question_mark

warning: this `let...else` may be rewritten with the `?` operator
   --> crates/perry-runtime/src/fs/dir_glob_watch/watch.rs:930:9
    |
930 | /         let Some(state) = states.get_mut(&id) else {
931 | |             return None;
932 | |         };
    | |__________^ help: replace it with: `let state = states.get_mut(&id)?;`
    |
    = help: for further information visit https://rust-lang.github.io/rust-clippy/master/index.html#question_mark

warning: this function has too many arguments (14/7)
   --> crates/perry-runtime/src/fs/stats.rs:178:1
    |
178 | / pub(crate) unsafe fn build_stats_object(
179 | |     is_file: bool,
180 | |     is_dir: bool,
181 | |     is_symlink: bool,
...   |
192 | |     meta_extra: Option<&fs::Metadata>,
193 | | ) -> f64 {
    | |________^
    |
    = help: for further information visit https://rust-lang.github.io/rust-clippy/master/index.html#too_many_arguments

warning: this `.filter_map(..)` can be written more simply using `.map(..)`
   --> crates/perry-runtime/src/fs/dirent.rs:340:10
    |
340 |           .filter_map(|e| {
    |  __________^
341 | |             let is_dir = e.file_type().map(|ft| ft.is_dir()).unwrap_or(false);
342 | |             Some((e.path(), is_dir))
343 | |         })
    | |__________^
    |
    = help: for further information visit https://rust-lang.github.io/rust-clippy/master/index.html#unnecessary_filter_map
    = note: `#[warn(clippy::unnecessary_filter_map)]` on by default

warning: you seem to want to iterate on a map's keys
   --> crates/perry-runtime/src/fs/mod.rs:114:28
    |
114 |         for (&owner, _) in fds.iter() {
    |                            ^^^^^^^^^^
    |
    = help: for further information visit https://rust-lang.github.io/rust-clippy/master/index.html#for_kv_map
help: use the corresponding method
    |
114 -         for (&owner, _) in fds.iter() {
114 +         for &owner in fds.keys() {
    |

warning: this function has too many arguments (13/7)
   --> crates/perry-runtime/src/gc/types.rs:298:1
    |
298 | / pub(super) const fn gc_type_info_entry(
299 | |     type_id: u8,
300 | |     name: &'static str,
301 | |     allocation_policy: GcAllocationPolicy,
...   |
311 | |     finalize_hook_kind: GcFinalizeHookKind,
312 | | ) -> GcTypeInfo {
    | |_______________^
    |
    = help: for further information visit https://rust-lang.github.io/rust-clippy/master/index.html#too_many_arguments

warning: doc list item without indentation
  --> crates/perry-runtime/src/gc/policy.rs:59:5
   |
59 | /// Doubling the cap lets productive sweeps accumulate full
   |     ^
   |
   = help: if this is supposed to be its own paragraph, add a blank line
   = help: for further information visit https://rust-lang.github.io/rust-clippy/master/index.html#doc_lazy_continuation
help: indent this line
   |
59 | ///   Doubling the cap lets productive sweeps accumulate full
   |     ++

warning: doc list item without indentation
  --> crates/perry-runtime/src/gc/policy.rs:60:5
   |
60 | /// `step` headroom (up to 128 MB) before the next trigger, which
   |     ^
   |
   = help: if this is supposed to be its own paragraph, add a blank line
   = help: for further information visit https://rust-lang.github.io/rust-clippy/master/index.html#doc_lazy_continuation
help: indent this line
   |
60 | ///   `step` headroom (up to 128 MB) before the next trigger, which
   |     ++

warning: doc list item without indentation
  --> crates/perry-runtime/src/gc/policy.rs:61:5
   |
61 | /// shifts those GC events out of the measured rounds entirely.
   |     ^
   |
   = help: if this is supposed to be its own paragraph, add a blank line
   = help: for further information visit https://rust-lang.github.io/rust-clippy/master/index.html#doc_lazy_continuation
help: indent this line
   |
61 | ///   shifts those GC events out of the measured rounds entirely.
   |     ++

warning: doc list item without indentation
  --> crates/perry-runtime/src/gc/policy.rs:62:5
   |
62 | /// `bench_json_roundtrip`-class workloads still bounded — they
   |     ^
   |
   = help: if this is supposed to be its own paragraph, add a blank line
   = help: for further information visit https://rust-lang.github.io/rust-clippy/master/index.html#doc_lazy_continuation
help: indent this line
   |
62 | ///   `bench_json_roundtrip`-class workloads still bounded — they
   |     ++

warning: doc list item without indentation
  --> crates/perry-runtime/src/gc/policy.rs:63:5
   |
63 | /// finish under 128 MB peak and fire ≤2 GCs total.
   |     ^
   |
   = help: if this is supposed to be its own paragraph, add a blank line
   = help: for further information visit https://rust-lang.github.io/rust-clippy/master/index.html#doc_lazy_continuation
help: indent this line
   |
63 | ///   finish under 128 MB peak and fire ≤2 GCs total.
   |     ++

warning: manual checked division
    --> crates/perry-runtime/src/gc/policy.rs:2478:8
     |
2478 |     if pre_in_use > 0 {
     |        ^^^^^^^^^^^^^^ check performed here
2479 |         let pct_freed = (freed * 100) / pre_in_use;
     |                         -------------------------- division performed here
     |
     = help: consider using `checked_div`
     = help: for further information visit https://rust-lang.github.io/rust-clippy/master/index.html#manual_checked_ops

warning: large size difference between variants
    --> crates/perry-runtime/src/gc/policy.rs:3943:1
     |
3943 | / enum BudgetedStepOutcome {
3944 | |     Result(JsGcStepResult),
     | |     ---------------------- the second-largest variant contains at least 48 bytes
3945 | |     Completed(BudgetedGcCycle),
     | |     -------------------------- the largest variant contains at least 8928 bytes
3946 | | }
     | |_^ the entire enum is at least 8928 bytes
     |
     = help: for further information visit https://rust-lang.github.io/rust-clippy/master/index.html#large_enum_variant
     = note: `#[warn(clippy::large_enum_variant)]` on by default
help: consider boxing the large fields or introducing indirection in some other way to reduce the total size of the enum
     |
3945 -     Completed(BudgetedGcCycle),
3945 +     Completed(Box<BudgetedGcCycle>),
     |

warning: this `let...else` may be rewritten with the `?` operator
    --> crates/perry-runtime/src/gc/roots.rs:1671:5
     |
1671 | /     let Some(header) = nanboxed_root_header(bits, valid_ptrs) else {
1672 | |         return None;
1673 | |     };
     | |______^ help: replace it with: `let header = nanboxed_root_header(bits, valid_ptrs)?;`
     |
     = help: for further information visit https://rust-lang.github.io/rust-clippy/master/index.html#question_mark

warning: very complex type used. Consider factoring parts into `type` definitions
    --> crates/perry-runtime/src/gc/roots.rs:1829:19
     |
1829 |     let scanners: Vec<fn(&mut dyn FnMut(f64))> = ROOT_SCANNERS.with(|s| s.borrow().clone());
     |                   ^^^^^^^^^^^^^^^^^^^^^^^^^^^^
     |
     = help: for further information visit https://rust-lang.github.io/rust-clippy/master/index.html#type_complexity

warning: doc list item without indentation
   --> crates/perry-runtime/src/gc/layout/typed_shape.rs:323:5
    |
323 | /// else moves in the crate.
    |     ^
    |
    = help: if this is supposed to be its own paragraph, add a blank line
    = help: for further information visit https://rust-lang.github.io/rust-clippy/master/index.html#doc_lazy_continuation
help: indent this line
    |
323 | ///   else moves in the crate.
    |     ++

warning: casting to the same type is unnecessary (`usize` -> `usize`)
   --> crates/perry-runtime/src/gc/barrier/mod.rs:195:66
    |
195 |                     run_gc_rewrite_hook((*self.header).obj_type, self.user_ptr as usize);
    |                                                                  ^^^^^^^^^^^^^^^^^^^^^^ help: try: `self.user_ptr`
    |
    = help: for further information visit https://rust-lang.github.io/rust-clippy/master/index.html#unnecessary_cast

warning: unsafe function's docs are missing a `# Safety` section
   --> crates/perry-runtime/src/gc/pin.rs:285:1
    |
285 | pub unsafe fn unpin_user_ptr(user_ptr: *mut u8) {
    | ^^^^^^^^^^^^^^^^^^^^^^^^^^^^^^^^^^^^^^^^^^^^^^^
    |
    = help: for further information visit https://rust-lang.github.io/rust-clippy/master/index.html#missing_safety_doc

warning: unsafe function's docs are missing a `# Safety` section
   --> crates/perry-runtime/src/gc/pin.rs:293:1
    |
293 | pub unsafe fn unpin_object(header: *mut GcHeader) {
    | ^^^^^^^^^^^^^^^^^^^^^^^^^^^^^^^^^^^^^^^^^^^^^^^^^
    |
    = help: for further information visit https://rust-lang.github.io/rust-clippy/master/index.html#missing_safety_doc

warning: manual `!RangeInclusive::contains` implementation
   --> crates/perry-runtime/src/gc/pin.rs:395:8
    |
395 |     if total < GC_HEADER_SIZE || total > super::copying::MAX_YOUNG_MOVE_BYTES {
    |        ^^^^^^^^^^^^^^^^^^^^^^^^^^^^^^^^^^^^^^^^^^^^^^^^^^^^^^^^^^^^^^^^^^^^^^ help: use: `!(GC_HEADER_SIZE..=super::copying::MAX_YOUNG_MOVE_BYTES).contains(&total)`
    |
    = help: for further information visit https://rust-lang.github.io/rust-clippy/master/index.html#manual_range_contains

warning: manual `!RangeInclusive::contains` implementation
   --> crates/perry-runtime/src/gc/copying.rs:547:12
    |
547 |         if total < GC_HEADER_SIZE || total > MAX_YOUNG_MOVE_BYTES {
    |            ^^^^^^^^^^^^^^^^^^^^^^^^^^^^^^^^^^^^^^^^^^^^^^^^^^^^^^ help: use: `!(GC_HEADER_SIZE..=MAX_YOUNG_MOVE_BYTES).contains(&total)`
    |
    = help: for further information visit https://rust-lang.github.io/rust-clippy/master/index.html#manual_range_contains

warning: this function has too many arguments (10/7)
  --> crates/perry-runtime/src/gc/copying_phase.rs:84:5
   |
84 | /     pub(super) fn render(
85 | |         &self,
86 | |         pause_ns: u64,
87 | |         scan_us: u64,
...  |
94 | |         finalization: &CopiedMinorFinalizationDiag,
95 | |     ) -> String {
   | |_______________^
   |
   = help: for further information visit https://rust-lang.github.io/rust-clippy/master/index.html#too_many_arguments

warning: this `let...else` may be rewritten with the `?` operator
   --> crates/perry-runtime/src/gc/copying_pointer_set.rs:104:9
    |
104 | /         let Some((space, range_base, object_starts)) =
105 | |             crate::arena::classify_heap_space_in_range(addr)
106 | |         else {
107 | |             return None;
108 | |         };
    | |__________^ help: replace it with: `let (space, range_base, object_starts) = crate::arena::classify_heap_space_in_range(addr)?;`
    |
    = help: for further information visit https://rust-lang.github.io/rust-clippy/master/index.html#question_mark

warning: consider using `sort_by_key`
   --> crates/perry-runtime/src/gc/scanner_profile.rs:140:5
    |
140 |     rows.sort_by(|a, b| b.1.nanos.cmp(&a.1.nanos));
    |     ^^^^^^^^^^^^^^^^^^^^^^^^^^^^^^^^^^^^^^^^^^^^^^
    |
    = help: for further information visit https://rust-lang.github.io/rust-clippy/master/index.html#unnecessary_sort_by
    = note: `#[warn(clippy::unnecessary_sort_by)]` on by default
help: try
    |
140 -     rows.sort_by(|a, b| b.1.nanos.cmp(&a.1.nanos));
140 +     rows.sort_by_key(|a| std::cmp::Reverse(a.1.nanos));
    |

warning: manual checked division
   --> crates/perry-runtime/src/gc/survival_diag.rs:196:20
    |
196 |                 if total_bytes > 0 {
    |                    ^^^^^^^^^^^^^^^ check performed here
197 |                     r.bytes * 1000 / total_bytes
    |                     ---------------------------- division performed here
    |
    = help: consider using `checked_div`
    = help: for further information visit https://rust-lang.github.io/rust-clippy/master/index.html#manual_checked_ops

warning: doc list item without indentation
   --> crates/perry-runtime/src/gc/dead_owner.rs:143:9
    |
143 |     /// Anything else — other threads' heaps, `Box`-leaked pseudo-objects,
    |         ^
    |
    = help: if this is supposed to be its own paragraph, add a blank line
    = help: for further information visit https://rust-lang.github.io/rust-clippy/master/index.html#doc_lazy_continuation
help: indent this line
    |
143 |     ///   Anything else — other threads' heaps, `Box`-leaked pseudo-objects,
    |         ++

warning: doc list item without indentation
   --> crates/perry-runtime/src/gc/dead_owner.rs:144:9
    |
144 |     /// handles, stale already-freed malloc addresses — returns `None` (skip).
    |         ^
    |
    = help: if this is supposed to be its own paragraph, add a blank line
    = help: for further information visit https://rust-lang.github.io/rust-clippy/master/index.html#doc_lazy_continuation
help: indent this line
    |
144 |     ///   handles, stale already-freed malloc addresses — returns `None` (skip).
    |         ++

warning: manual checked division
   --> crates/perry-runtime/src/gc/tenuring.rs:789:22
    |
789 |         let pct = if classified == 0 {
    |                      ^^^^^^^^^^^^^^^ check performed here
...
792 |             eden_live_bytes * 100 / classified
    |             ---------------------------------- division performed here
    |
    = help: consider using `checked_div`
    = help: for further information visit https://rust-lang.github.io/rust-clippy/master/index.html#manual_checked_ops

warning: this function has too many arguments (10/7)
   --> crates/perry-runtime/src/gc/oldgen.rs:150:1
    |
150 | / pub(super) fn evacuation_policy_initial_decision(
151 | |     tenured_still_in_nursery_bytes: usize,
152 | |     rss_bytes: u64,
153 | |     previous_pause_us: u64,
...   |
160 | |     old_page_selected_pages: usize,
161 | | ) -> EvacuationPolicyDecision {
    | |_____________________________^
    |
    = help: for further information visit https://rust-lang.github.io/rust-clippy/master/index.html#too_many_arguments

warning: casting raw pointers to the same type and constness is unnecessary (`*mut u8` -> `*mut u8`)
    --> crates/perry-runtime/src/gc/oldgen.rs:1793:30
     |
1793 |             let new_header = (new_user as *mut u8).sub(GC_HEADER_SIZE) as *mut GcHeader;
     |                              ^^^^^^^^^^^^^^^^^^^^^ help: try: `new_user`
     |
     = help: for further information visit https://rust-lang.github.io/rust-clippy/master/index.html#unnecessary_cast

warning: casting raw pointers to the same type and constness is unnecessary (`*mut u8` -> `*mut u8`)
    --> crates/perry-runtime/src/gc/oldgen.rs:1916:30
     |
1916 |             let new_header = (new_user as *mut u8).sub(GC_HEADER_SIZE) as *mut GcHeader;
     |                              ^^^^^^^^^^^^^^^^^^^^^ help: try: `new_user`
     |
     = help: for further information visit https://rust-lang.github.io/rust-clippy/master/index.html#unnecessary_cast

warning: very complex type used. Consider factoring parts into `type` definitions
   --> crates/perry-runtime/src/gc/cycle/registered_root_scan.rs:167:15
    |
167 |     scanners: Vec<fn(&mut dyn FnMut(f64))>,
    |               ^^^^^^^^^^^^^^^^^^^^^^^^^^^^
    |
    = help: for further information visit https://rust-lang.github.io/rust-clippy/master/index.html#type_complexity

warning: very complex type used. Consider factoring parts into `type` definitions
   --> crates/perry-runtime/src/gc/cycle/registered_root_scan.rs:176:23
    |
176 |         let scanners: Vec<fn(&mut dyn FnMut(f64))> = ROOT_SCANNERS.with(|s| s.borrow().clone());
    |                       ^^^^^^^^^^^^^^^^^^^^^^^^^^^^
    |
    = help: for further information visit https://rust-lang.github.io/rust-clippy/master/index.html#type_complexity

warning: this function has too many arguments (12/7)
   --> crates/perry-runtime/src/gc/cycle.rs:667:5
    |
667 | /     pub(super) fn new_minor_fallback(
668 | |         trigger: GcTriggerSnapshot,
669 | |         trace: Option<GcCycleTrace>,
670 | |         start: Instant,
...   |
679 | |         old_page_source_blocks: crate::arena::OldArenaSourceBlockSelection,
680 | |     ) -> Self {
    | |_____________^
    |
    = help: for further information visit https://rust-lang.github.io/rust-clippy/master/index.html#too_many_arguments

warning: unneeded `return` statement
   --> crates/perry-runtime/src/gc/cycle_malloc_trim.rs:171:9
    |
171 | /         return MallocTrimOutcome {
172 | |             status: AllocatorMaintenanceStatus::Executed,
173 | |             reason: AllocatorMaintenanceReason::ExplicitOrEmergency,
174 | |             elapsed_us: trim_start.elapsed().as_micros() as u64,
175 | |         };
    | |_________^
    |
    = help: for further information visit https://rust-lang.github.io/rust-clippy/master/index.html#needless_return
help: remove `return`
    |
171 ~         MallocTrimOutcome {
172 +             status: AllocatorMaintenanceStatus::Executed,
173 +             reason: AllocatorMaintenanceReason::ExplicitOrEmergency,
174 +             elapsed_us: trim_start.elapsed().as_micros() as u64,
175 ~         }
    |

warning: very complex type used. Consider factoring parts into `type` definitions
    --> crates/perry-runtime/src/gc/verify.rs:1418:19
     |
1418 |     let scanners: Vec<fn(&mut dyn FnMut(f64))> = ROOT_SCANNERS.with(|s| s.borrow().clone());
     |                   ^^^^^^^^^^^^^^^^^^^^^^^^^^^^
     |
     = help: for further information visit https://rust-lang.github.io/rust-clippy/master/index.html#type_complexity

warning: called `.iter().copied().collect()` on a slice to create a `Vec`
   --> crates/perry-runtime/src/gc/fromspace_scan.rs:330:49
    |
330 |         MALLOC_STATE.with(|s| s.borrow().objects.iter().copied().collect());
    |                                                 ^^^^^^^^^^^^^^^^^^^^^^^^^^
    |
    = help: for further information visit https://rust-lang.github.io/rust-clippy/master/index.html#iter_cloned_collect
    = note: `#[warn(clippy::iter_cloned_collect)]` on by default
help: calling `.to_vec()` is both faster and more readable
    |
330 -         MALLOC_STATE.with(|s| s.borrow().objects.iter().copied().collect());
330 +         MALLOC_STATE.with(|s| s.borrow().objects.to_vec());
    |

warning: consider using `sort_by_key`
   --> crates/perry-runtime/src/gc/census.rs:778:5
    |
778 |     class_rows.sort_by(|a, b| b.0.cmp(&a.0));
    |     ^^^^^^^^^^^^^^^^^^^^^^^^^^^^^^^^^^^^^^^^
    |
    = help: for further information visit https://rust-lang.github.io/rust-clippy/master/index.html#unnecessary_sort_by
help: try
    |
778 -     class_rows.sort_by(|a, b| b.0.cmp(&a.0));
778 +     class_rows.sort_by_key(|a| std::cmp::Reverse(a.0));
    |

warning: doc list item without indentation
   --> crates/perry-runtime/src/gc/mod.rs:846:5
    |
846 | /// stops being an assumption. The long-term plan for this site is the
    |     ^
    |
    = help: if this is supposed to be its own paragraph, add a blank line
    = help: for further information visit https://rust-lang.github.io/rust-clippy/master/index.html#doc_lazy_continuation
help: indent this line
    |
846 | ///   stops being an assumption. The long-term plan for this site is the
    |     ++

warning: doc list item without indentation
   --> crates/perry-runtime/src/gc/mod.rs:847:5
    |
847 | /// statepoint work (`docs/statepoint-gc-experiment.md` on branch
    |     ^
    |
    = help: if this is supposed to be its own paragraph, add a blank line
    = help: for further information visit https://rust-lang.github.io/rust-clippy/master/index.html#doc_lazy_continuation
help: indent this line
    |
847 | ///   statepoint work (`docs/statepoint-gc-experiment.md` on branch
    |     ++

warning: doc list item without indentation
   --> crates/perry-runtime/src/gc/mod.rs:848:5
    |
848 | /// `exp/stackmap-viability`, not on `main`): with native stack
    |     ^
    |
    = help: if this is supposed to be its own paragraph, add a blank line
    = help: for further information visit https://rust-lang.github.io/rust-clippy/master/index.html#doc_lazy_continuation
help: indent this line
    |
848 | ///   `exp/stackmap-viability`, not on `main`): with native stack
    |     ++

warning: doc list item without indentation
   --> crates/perry-runtime/src/gc/mod.rs:849:5
    |
849 | /// maps a precise root set exists at *any* mapped PC, so an OOM-time
    |     ^
    |
    = help: if this is supposed to be its own paragraph, add a blank line
    = help: for further information visit https://rust-lang.github.io/rust-clippy/master/index.html#doc_lazy_continuation
help: indent this line
    |
849 | ///   maps a precise root set exists at *any* mapped PC, so an OOM-time
    |     ++

warning: doc list item without indentation
   --> crates/perry-runtime/src/gc/mod.rs:850:5
    |
850 | /// collection would not need the scan at all. That is the only mechanism that
    |     ^
    |
    = help: if this is supposed to be its own paragraph, add a blank line
    = help: for further information visit https://rust-lang.github.io/rust-clippy/master/index.html#doc_lazy_continuation
help: indent this line
    |
850 | ///   collection would not need the scan at all. That is the only mechanism that
    |     ++

warning: doc list item without indentation
   --> crates/perry-runtime/src/gc/mod.rs:851:5
    |
851 | /// removes this site, and it is not a deferral.
    |     ^
    |
    = help: if this is supposed to be its own paragraph, add a blank line
    = help: for further information visit https://rust-lang.github.io/rust-clippy/master/index.html#doc_lazy_continuation
help: indent this line
    |
851 | ///   removes this site, and it is not a deferral.
    |     ++

warning: unneeded `return` statement
   --> crates/perry-runtime/src/hot_diag/receiver_repr.rs:234:9
    |
234 |         return;
    |         ^^^^^^
    |
    = help: for further information visit https://rust-lang.github.io/rust-clippy/master/index.html#needless_return
help: remove `return`
    |
233 -         }
234 -         return;
233 +         }
    |

warning: manual implementation of `.is_multiple_of()`
   --> crates/perry-runtime/src/hot_diag/receiver_repr.rs:254:22
    |
254 |     if event != 0 && event % SNAPSHOT_EVERY != 0 {
    |                      ^^^^^^^^^^^^^^^^^^^^^^^^^^^ help: replace with: `!event.is_multiple_of(SNAPSHOT_EVERY)`
    |
    = help: for further information visit https://rust-lang.github.io/rust-clippy/master/index.html#manual_is_multiple_of

warning: manual checked division
   --> crates/perry-runtime/src/hot_diag.rs:734:35
    |
734 |         let per_key_prune_ns = if r.keys == 0 {
    |                                   ^^^^^^^^^^^ check performed here
...
737 |             r.prune_walk_us.saturating_mul(1_000) / r.keys
    |             ---------------------------------------------- division performed here
    |
    = help: consider using `checked_div`
    = help: for further information visit https://rust-lang.github.io/rust-clippy/master/index.html#manual_checked_ops

warning: doc list item without indentation
  --> crates/perry-runtime/src/intl/ctor_guard.rs:49:5
   |
49 | /// Returns `None` when the object has its default `Object.prototype` (or a null
   |     ^
   |
   = help: if this is supposed to be its own paragraph, add a blank line
   = help: for further information visit https://rust-lang.github.io/rust-clippy/master/index.html#doc_lazy_continuation
help: indent this line
   |
49 | ///     Returns `None` when the object has its default `Object.prototype` (or a null
   |     ++++

warning: doc list item without indentation
  --> crates/perry-runtime/src/intl/ctor_guard.rs:50:5
   |
50 | /// prototype), which is never a service constructor's own `.prototype`.
   |     ^
   |
   = help: if this is supposed to be its own paragraph, add a blank line
   = help: for further information visit https://rust-lang.github.io/rust-clippy/master/index.html#doc_lazy_continuation
help: indent this line
   |
50 | ///     prototype), which is never a service constructor's own `.prototype`.
   |     ++++

warning: this `if` has identical blocks
   --> crates/perry-runtime/src/intl/date_collator.rs:515:56
    |
515 |               if day_opt.is_some() || year_opt.is_some() {
    |  ________________________________________________________^
516 | |                 parts.push(("month", month_str));
517 | |             } else {
    | |_____________^
    |
note: same as this
   --> crates/perry-runtime/src/intl/date_collator.rs:517:20
    |
517 |               } else {
    |  ____________________^
518 | |                 parts.push(("month", month_str));
519 | |             }
    | |_____________^
    = help: for further information visit https://rust-lang.github.io/rust-clippy/master/index.html#if_same_then_else

warning: this `if` has identical blocks
   --> crates/perry-runtime/src/intl/date_collator.rs:533:38
    |
533 |                   if day_opt.is_some() {
    |  ______________________________________^
534 | |                     parts.push(("literal", sep.to_string()));
535 | |                 } else {
    | |_________________^
    |
note: same as this
   --> crates/perry-runtime/src/intl/date_collator.rs:535:24
    |
535 |                   } else {
    |  ________________________^
536 | |                     parts.push(("literal", sep.to_string()));
537 | |                 }
    | |_________________^
    = help: for further information visit https://rust-lang.github.io/rust-clippy/master/index.html#if_same_then_else

warning: clamp-like pattern without using clamp function
   --> crates/perry-runtime/src/intl/date_collator.rs:961:13
    |
961 |     let n = (digits as usize).min(3).max(1);
    |             ^^^^^^^^^^^^^^^^^^^^^^^^^^^^^^^ help: replace with clamp: `(digits as usize).clamp(1, 3)`
    |
    = note: clamp will panic if max < min
    = help: for further information visit https://rust-lang.github.io/rust-clippy/master/index.html#manual_clamp

warning: this `if` can be collapsed into the outer `match`
   --> crates/perry-runtime/src/intl/date_collator/temporal.rs:131:13
    |
131 | /             if tz_opt.is_some() {
132 | |                 throw_type_error(
133 | |                     "timeZone option is not allowed when formatting Temporal.ZonedDateTime",
134 | |                 );
135 | |             }
    | |_____________^
    |
    = help: for further information visit https://rust-lang.github.io/rust-clippy/master/index.html#collapsible_match
    = note: `#[warn(clippy::collapsible_match)]` on by default
help: collapse nested if block
    |
129 ~         TemporalLocaleCtx::ZonedDateTime
130 |             // The timeZone option is disallowed (ZDT carries its own timezone).
131 ~             if tz_opt.is_some() => {
132 |                 throw_type_error(
133 |                     "timeZone option is not allowed when formatting Temporal.ZonedDateTime",
134 |                 );
135 ~             }
    |

warning: casting raw pointers to the same type and constness is unnecessary (`*const closure::alloc::ClosureHeader` -> `*const closure::alloc::ClosureHeader`)
   --> crates/perry-runtime/src/intl/subclass.rs:108:19
    |
108 |     let closure = jsval.as_pointer() as *const ClosureHeader;
    |                   ^^^^^^^^^^^^^^^^^^^^^^^^^^^^^^^^^^^^^^^^^^ help: try: `jsval.as_pointer()`
    |
    = help: for further information visit https://rust-lang.github.io/rust-clippy/master/index.html#unnecessary_cast

warning: this `let...else` may be rewritten with the `?` operator
   --> crates/perry-runtime/src/intl/subclass.rs:192:5
    |
192 | /     let Some(expected_kind) = intl_constructor_kind(type_ref) else {
193 | |         return None;
194 | |     };
    | |______^ help: replace it with: `let expected_kind = intl_constructor_kind(type_ref)?;`
    |
    = help: for further information visit https://rust-lang.github.io/rust-clippy/master/index.html#question_mark

warning: this expression creates a reference which is immediately dereferenced by the compiler
   --> crates/perry-runtime/src/intl/list_relative_plural.rs:930:34
    |
930 |     string_value(plural_category(&language, is_ordinal, &notation, n))
    |                                  ^^^^^^^^^ help: change this to: `language`
    |
    = help: for further information visit https://rust-lang.github.io/rust-clippy/master/index.html#needless_borrow
    = note: `#[warn(clippy::needless_borrow)]` on by default

warning: this `repeat().take()` can be written more concisely
   --> crates/perry-runtime/src/intl/number_format.rs:410:20
    |
410 |         out.extend(std::iter::repeat(b'0').take(place));
    |                    ^^^^^^^^^^^^^^^^^^^^^^^^^^^^^^^^^^^ help: consider using `repeat_n()` instead: `std::iter::repeat_n(b'0', place)`
    |
    = help: for further information visit https://rust-lang.github.io/rust-clippy/master/index.html#manual_repeat_n
    = note: `#[warn(clippy::manual_repeat_n)]` on by default

warning: this `repeat().take()` can be written more concisely
   --> crates/perry-runtime/src/intl/number_format.rs:420:17
    |
420 |     kept.extend(std::iter::repeat(b'0').take(place));
    |                 ^^^^^^^^^^^^^^^^^^^^^^^^^^^^^^^^^^^ help: consider using `repeat_n()` instead: `std::iter::repeat_n(b'0', place)`
    |
    = help: for further information visit https://rust-lang.github.io/rust-clippy/master/index.html#manual_repeat_n

warning: very complex type used. Consider factoring parts into `type` definitions
  --> crates/perry-runtime/src/intl/numbering_system.rs:93:39
   |
93 | fn split_u_extension(locale: &str) -> Option<(String, Vec<(String, Vec<String>)>, String)> {
   |                                       ^^^^^^^^^^^^^^^^^^^^^^^^^^^^^^^^^^^^^^^^^^^^^^^^^^^^
   |
   = help: for further information visit https://rust-lang.github.io/rust-clippy/master/index.html#type_complexity

warning: redundant closure
   --> crates/perry-runtime/src/intl/segmenter.rs:352:64
    |
352 |                 input_handle.with_const_ptr::<StringHeader, _>(|ptr| string_pointer_value(ptr)),
    |                                                                ^^^^^^^^^^^^^^^^^^^^^^^^^^^^^^^ help: replace the closure with the function itself: `string_pointer_value`
    |
    = help: for further information visit https://rust-lang.github.io/rust-clippy/master/index.html#redundant_closure
    = note: `#[warn(clippy::redundant_closure)]` on by default

warning: casting raw pointers to the same type and constness is unnecessary (`*mut object::ObjectHeader` -> `*mut object::ObjectHeader`)
  --> crates/perry-runtime/src/intl/segments_view.rs:89:15
   |
89 |     let obj = unsafe { crate::object::object_ptr_from_value(value) }? as *mut ObjectHeader;
   |               ^^^^^^^^^^^^^^^^^^^^^^^^^^^^^^^^^^^^^^^^^^^^^^^^^^^^^^^^^^^^^^^^^^^^^^^^^^^^ help: try: `unsafe { crate::object::object_ptr_from_value(value) }?`
   |
   = help: for further information visit https://rust-lang.github.io/rust-clippy/master/index.html#unnecessary_cast

warning: casting raw pointers to the same type and constness is unnecessary (`*mut object::ObjectHeader` -> `*mut object::ObjectHeader`)
   --> crates/perry-runtime/src/intl/segments_view.rs:238:15
    |
238 |     let obj = obj as *mut ObjectHeader;
    |               ^^^^^^^^^^^^^^^^^^^^^^^^ help: try: `obj`
    |
    = help: for further information visit https://rust-lang.github.io/rust-clippy/master/index.html#unnecessary_cast

warning: casting raw pointers to the same type and constness is unnecessary (`*mut string::StringHeader` -> `*mut string::StringHeader`)
   --> crates/perry-runtime/src/intl/segments_view.rs:400:48
    |
400 |             f64::from_bits(JSValue::string_ptr(ptr as *mut StringHeader).bits())
    |                                                ^^^^^^^^^^^^^^^^^^^^^^^^ help: try: `ptr`
    |
    = help: for further information visit https://rust-lang.github.io/rust-clippy/master/index.html#unnecessary_cast

warning: unneeded `return` statement
   --> crates/perry-runtime/src/intl/segments_view.rs:448:9
    |
448 |         return undef;
    |         ^^^^^^^^^^^^
    |
    = help: for further information visit https://rust-lang.github.io/rust-clippy/master/index.html#needless_return
help: remove `return`
    |
448 -         return undef;
448 +         undef
    |

warning: casting raw pointers to the same type and constness is unnecessary (`*const u8` -> `*const u8`)
   --> crates/perry-runtime/src/intl.rs:242:58
    |
242 |     if ptr.is_null() || !crate::object::is_valid_obj_ptr(ptr as *const u8) {
    |                                                          ^^^^^^^^^^^^^^^^ help: try: `ptr`
    |
    = help: for further information visit https://rust-lang.github.io/rust-clippy/master/index.html#unnecessary_cast

warning: the use of negated comparison operators on partially ordered types produces code that is hard to read and refactor, please consider using the `partial_cmp` method instead, to make it clear that the two values could be incomparable
   --> crates/perry-runtime/src/iterator_helpers.rs:297:16
    |
297 |             if !(remaining > 0.0) {
    |                ^^^^^^^^^^^^^^^^^^
    |
    = help: for further information visit https://rust-lang.github.io/rust-clippy/master/index.html#neg_cmp_op_on_partial_ord
    = note: `#[warn(clippy::neg_cmp_op_on_partial_ord)]` on by default

warning: unsafe function's docs are missing a `# Safety` section
   --> crates/perry-runtime/src/iterator_helpers.rs:409:1
    |
409 | / pub unsafe fn maybe_dispatch_helper_on_iterator(
410 | |     obj: *mut ObjectHeader,
411 | |     method_name: &str,
412 | |     args_ptr: *const f64,
413 | |     args_len: usize,
414 | |     has_own_field: bool,
415 | | ) -> Option<f64> {
    | |________________^
    |
    = help: for further information visit https://rust-lang.github.io/rust-clippy/master/index.html#missing_safety_doc

warning: unsafe function's docs are missing a `# Safety` section
   --> crates/perry-runtime/src/iterator_helpers.rs:445:1
    |
445 | / pub unsafe fn maybe_dispatch_helper_on_builtin_iterator(
446 | |     obj: *mut ObjectHeader,
447 | |     method_name: &str,
448 | |     args_ptr: *const f64,
449 | |     args_len: usize,
450 | | ) -> Option<f64> {
    | |________________^
    |
    = help: for further information visit https://rust-lang.github.io/rust-clippy/master/index.html#missing_safety_doc

warning: unsafe function's docs are missing a `# Safety` section
   --> crates/perry-runtime/src/iterator_helpers.rs:467:1
    |
467 | / pub unsafe fn dispatch_iterator_helper_method(
468 | |     obj: *mut ObjectHeader,
469 | |     method_name: &str,
470 | |     args_ptr: *const f64,
471 | |     args_len: usize,
472 | | ) -> f64 {
    | |________^
    |
    = help: for further information visit https://rust-lang.github.io/rust-clippy/master/index.html#missing_safety_doc

warning: returning the result of a `let` binding from a block
    --> crates/perry-runtime/src/map.rs:1056:9
     |
1054 | /         let dead = flags & crate::gc::GC_FLAG_ARENA != 0
1055 | |             && flags & (crate::gc::GC_FLAG_MARKED | crate::gc::GC_FLAG_FORWARDED) == 0;
     | |_______________________________________________________________________________________- unnecessary `let` binding
1056 |           dead
     |           ^^^^
     |
     = help: for further information visit https://rust-lang.github.io/rust-clippy/master/index.html#let_and_return
help: return the expression directly
     |
1054 ~         
1055 ~         flags & crate::gc::GC_FLAG_ARENA != 0
1056 +             && flags & (crate::gc::GC_FLAG_MARKED | crate::gc::GC_FLAG_FORWARDED) == 0
     |

warning: manual implementation of `.is_multiple_of()`
    --> crates/perry-runtime/src/map.rs:2423:12
     |
2423 |         || raw % std::mem::align_of::<crate::gc::GcHeader>() != 0
     |            ^^^^^^^^^^^^^^^^^^^^^^^^^^^^^^^^^^^^^^^^^^^^^^^^^^^^^^ help: replace with: `!raw.is_multiple_of(std::mem::align_of::<crate::gc::GcHeader>())`
     |
     = help: for further information visit https://rust-lang.github.io/rust-clippy/master/index.html#manual_is_multiple_of

warning: unsafe function's docs are missing a `# Safety` section
    --> crates/perry-runtime/src/map.rs:2459:1
     |
2459 | pub unsafe extern "C-unwind" fn js_declared_map_get(receiver: f64, key: f64) -> f64 {
     | ^^^^^^^^^^^^^^^^^^^^^^^^^^^^^^^^^^^^^^^^^^^^^^^^^^^^^^^^^^^^^^^^^^^^^^^^^^^^^^^^^^^
     |
     = help: for further information visit https://rust-lang.github.io/rust-clippy/master/index.html#missing_safety_doc

warning: casting raw pointers to the same type and constness is unnecessary (`*const map::MapHeader` -> `*const map::MapHeader`)
    --> crates/perry-runtime/src/map.rs:3141:31
     |
3141 |     unsafe { compact_if_holey(src as *const MapHeader as *mut MapHeader) };
     |                               ^^^^^^^^^^^^^^^^^^^^^^^ help: try: `src`
     |
     = help: for further information visit https://rust-lang.github.io/rust-clippy/master/index.html#unnecessary_cast

warning: transmute used without annotations
  --> crates/perry-runtime/src/messaging.rs:34:33
   |
34 |         Some(unsafe { std::mem::transmute(ptr) })
   |                                 ^^^^^^^^^ help: consider adding missing annotations: `transmute::<*mut (), extern "C" fn() -> f64>`
   |
   = help: for further information visit https://rust-lang.github.io/rust-clippy/master/index.html#missing_transmute_annotations

warning: transmute used without annotations
  --> crates/perry-runtime/src/messaging.rs:43:33
   |
43 |         Some(unsafe { std::mem::transmute(ptr) })
   |                                 ^^^^^^^^^ help: consider adding missing annotations: `transmute::<*mut (), extern "C" fn(f64) -> f64>`
   |
   = help: for further information visit https://rust-lang.github.io/rust-clippy/master/index.html#missing_transmute_annotations

warning: this block may be rewritten with the `?` operator
   --> crates/perry-runtime/src/module_require.rs:414:5
    |
414 | /     if cjs_record_exports(value).is_none() {
415 | |         return None;
416 | |     }
    | |_____^ help: replace it with: `cjs_record_exports(value)?;`
    |
    = help: for further information visit https://rust-lang.github.io/rust-clippy/master/index.html#question_mark

warning: this expression creates a reference which is immediately dereferenced by the compiler
   --> crates/perry-runtime/src/module_require.rs:669:51
    |
669 |                 let filename_value = string_value(&filename);
    |                                                   ^^^^^^^^^ help: change this to: `filename`
    |
    = help: for further information visit https://rust-lang.github.io/rust-clippy/master/index.html#needless_borrow

warning: this function has too many arguments (8/7)
   --> crates/perry-runtime/src/native_handle.rs:155:1
    |
155 | / unsafe fn native_handle_new(
156 | |     resource_ptr: i64,
157 | |     type_id: i64,
158 | |     ownership: u8,
...   |
163 | |     debug_name_len: i64,
164 | | ) -> f64 {
    | |________^
    |
    = help: for further information visit https://rust-lang.github.io/rust-clippy/master/index.html#too_many_arguments

warning: unsafe function's docs are missing a `# Safety` section
   --> crates/perry-runtime/src/net_validate.rs:336:1
    |
336 | pub unsafe extern "C" fn js_net_normalize_args(args_value: f64) -> f64 {
    | ^^^^^^^^^^^^^^^^^^^^^^^^^^^^^^^^^^^^^^^^^^^^^^^^^^^^^^^^^^^^^^^^^^^^^^
    |
    = help: for further information visit https://rust-lang.github.io/rust-clippy/master/index.html#missing_safety_doc

warning: this `let...else` may be rewritten with the `?` operator
   --> crates/perry-runtime/src/param_type_guard.rs:288:9
    |
288 | /         let Some(descriptor) = crate::object::shapes::object_shape_descriptor(object) else {
289 | |             return None;
290 | |         };
    | |__________^ help: replace it with: `let descriptor = crate::object::shapes::object_shape_descriptor(object)?;`
    |
    = help: for further information visit https://rust-lang.github.io/rust-clippy/master/index.html#question_mark

warning: this `if` statement can be collapsed
    --> crates/perry-runtime/src/node_stream_iter_helpers.rs:1149:5
     |
1149 | /     if !readable_chunks_nonempty(this.get_nanbox_f64()) {
1150 | |         if get_hidden_value(
1151 | |             this.get_nanbox_f64(),
1152 | |             hidden_key(READABLE_SOURCE_ITERATOR_KEY),
...    |
1175 | |     }
     | |_____^
     |
     = help: for further information visit https://rust-lang.github.io/rust-clippy/master/index.html#collapsible_if
help: collapse nested if block
     |
1149 ~     if !readable_chunks_nonempty(this.get_nanbox_f64())
1150 ~         && get_hidden_value(
1151 |             this.get_nanbox_f64(),
 ...
1173 |             return result.get_nanbox_f64();
1174 ~         }
     |

warning: unsafe function's docs are missing a `# Safety` section
  --> crates/perry-runtime/src/node_stream_constructors/web_adapter.rs:47:1
   |
47 | / pub unsafe extern "C" fn js_register_node_stream_web_adapter_callbacks(
48 | |     readable_new: WebReadableNewFn,
49 | |     readable_enqueue: WebReadableEnqueueFn,
50 | |     readable_close: WebReadableCloseFn,
...  |
58 | |     writer_abort: WebWriterAbortFn,
59 | | ) {
   | |_^
   |
   = help: for further information visit https://rust-lang.github.io/rust-clippy/master/index.html#missing_safety_doc

warning: this `let...else` may be rewritten with the `?` operator
   --> crates/perry-runtime/src/node_submodules/blob.rs:612:9
    |
612 | /         let Some(state) = streams.get_mut(&stream_id) else {
613 | |             return None;
614 | |         };
    | |__________^ help: replace it with: `let state = streams.get_mut(&stream_id)?;`
    |
    = help: for further information visit https://rust-lang.github.io/rust-clippy/master/index.html#question_mark

warning: unsafe function's docs are missing a `# Safety` section
  --> crates/perry-runtime/src/node_submodules/hono_jsx.rs:80:1
   |
80 | pub unsafe extern "C" fn js_register_jsx_render_stream(f: RenderStreamFn) {
   | ^^^^^^^^^^^^^^^^^^^^^^^^^^^^^^^^^^^^^^^^^^^^^^^^^^^^^^^^^^^^^^^^^^^^^^^^^
   |
   = help: for further information visit https://rust-lang.github.io/rust-clippy/master/index.html#missing_safety_doc

warning: unsafe function's docs are missing a `# Safety` section
    --> crates/perry-runtime/src/node_submodules/mod.rs:1698:1
     |
1698 | / pub unsafe extern "C" fn js_node_submodule_namespace_member(
1699 | |     submod_key_ptr: *const u8,
1700 | |     submod_key_len: u32,
1701 | |     name_ptr: *const u8,
1702 | |     name_len: u32,
1703 | | ) -> f64 {
     | |________^
     |
     = help: for further information visit https://rust-lang.github.io/rust-clippy/master/index.html#missing_safety_doc

warning: doc list item without indentation
   --> crates/perry-runtime/src/object/alloc.rs:270:5
    |
270 | /// allocation path — for benchmarks like `object_create` (1M
    |     ^
    |
    = help: if this is supposed to be its own paragraph, add a blank line
    = help: for further information visit https://rust-lang.github.io/rust-clippy/master/index.html#doc_lazy_continuation
help: indent this line
    |
270 | ///   allocation path — for benchmarks like `object_create` (1M
    |     ++

warning: doc list item without indentation
   --> crates/perry-runtime/src/object/alloc.rs:271:5
    |
271 | /// `new Point(...)` calls) the SHAPE_CACHE lookup was ~30ns/alloc.
    |     ^
    |
    = help: if this is supposed to be its own paragraph, add a blank line
    = help: for further information visit https://rust-lang.github.io/rust-clippy/master/index.html#doc_lazy_continuation
help: indent this line
    |
271 | ///   `new Point(...)` calls) the SHAPE_CACHE lookup was ~30ns/alloc.
    |     ++

warning: unsafe function's docs are missing a `# Safety` section
   --> crates/perry-runtime/src/object/alloc.rs:866:1
    |
866 | / pub unsafe extern "C" fn js_object_clone_with_extra(
867 | |     src_f64: f64,
868 | |     extra_count: u32,
869 | |     _static_keys_ptr: *const u8,
870 | |     _static_keys_len: u32,
871 | | ) -> *mut ObjectHeader {
    | |______________________^
    |
    = help: for further information visit https://rust-lang.github.io/rust-clippy/master/index.html#missing_safety_doc

warning: unsafe function's docs are missing a `# Safety` section
    --> crates/perry-runtime/src/object/alloc.rs:1007:1
     |
1007 | pub unsafe extern "C" fn js_object_copy_own_fields(dst_i64: i64, src_f64: f64) {
     | ^^^^^^^^^^^^^^^^^^^^^^^^^^^^^^^^^^^^^^^^^^^^^^^^^^^^^^^^^^^^^^^^^^^^^^^^^^^^^^
     |
     = help: for further information visit https://rust-lang.github.io/rust-clippy/master/index.html#missing_safety_doc

warning: unsafe function's docs are missing a `# Safety` section
    --> crates/perry-runtime/src/object/alloc.rs:1138:1
     |
1138 | pub unsafe extern "C" fn js_object_assign_validate_target(target_f64: f64) -> f64 {
     | ^^^^^^^^^^^^^^^^^^^^^^^^^^^^^^^^^^^^^^^^^^^^^^^^^^^^^^^^^^^^^^^^^^^^^^^^^^^^^^^^^
     |
     = help: for further information visit https://rust-lang.github.io/rust-clippy/master/index.html#missing_safety_doc

warning: unsafe function's docs are missing a `# Safety` section
    --> crates/perry-runtime/src/object/alloc.rs:1470:1
     |
1470 | pub unsafe extern "C" fn js_object_assign_one(target_f64: f64, source_f64: f64) -> f64 {
     | ^^^^^^^^^^^^^^^^^^^^^^^^^^^^^^^^^^^^^^^^^^^^^^^^^^^^^^^^^^^^^^^^^^^^^^^^^^^^^^^^^^^^^^
     |
     = help: for further information visit https://rust-lang.github.io/rust-clippy/master/index.html#missing_safety_doc

warning: this `let...else` may be rewritten with the `?` operator
   --> crates/perry-runtime/src/object/async_generator_queue.rs:542:9
    |
542 | /         let Some(state) = states.get_mut(state_id - 1) else {
543 | |             return None;
544 | |         };
    | |__________^ help: replace it with: `let state = states.get_mut(state_id - 1)?;`
    |
    = help: for further information visit https://rust-lang.github.io/rust-clippy/master/index.html#question_mark

warning: unsafe function's docs are missing a `# Safety` section
   --> crates/perry-runtime/src/object/buffer_dispatch.rs:371:1
    |
371 | / pub unsafe fn dispatch_buffer_method(
372 | |     addr: usize,
373 | |     method_name: &str,
374 | |     args_ptr: *const f64,
375 | |     args_len: usize,
376 | | ) -> f64 {
    | |________^
    |
    = help: for further information visit https://rust-lang.github.io/rust-clippy/master/index.html#missing_safety_doc

warning: unsafe function's docs are missing a `# Safety` section
   --> crates/perry-runtime/src/object/class_constructors.rs:113:1
    |
113 | / pub unsafe extern "C" fn js_register_class_constructor(
114 | |     class_id: i64,
115 | |     func_ptr: i64,
116 | |     param_count: i64,
117 | |     sig_caps: i64,
118 | | ) {
    | |_^
    |
    = help: for further information visit https://rust-lang.github.io/rust-clippy/master/index.html#missing_safety_doc

warning: unsafe function's docs are missing a `# Safety` section
    --> crates/perry-runtime/src/object/class_constructors.rs:1116:1
     |
1116 | pub unsafe extern "C" fn js_error_subclass_default_init(this_val: f64, msg: f64) {
     | ^^^^^^^^^^^^^^^^^^^^^^^^^^^^^^^^^^^^^^^^^^^^^^^^^^^^^^^^^^^^^^^^^^^^^^^^^^^^^^^^
     |
     = help: for further information visit https://rust-lang.github.io/rust-clippy/master/index.html#missing_safety_doc

warning: unsafe function's docs are missing a `# Safety` section
   --> crates/perry-runtime/src/object/class_handles.rs:375:1
    |
375 | pub unsafe extern "C" fn js_register_handle_method_dispatch(f: HandleMethodDispatchFn) {
    | ^^^^^^^^^^^^^^^^^^^^^^^^^^^^^^^^^^^^^^^^^^^^^^^^^^^^^^^^^^^^^^^^^^^^^^^^^^^^^^^^^^^^^^
    |
    = help: for further information visit https://rust-lang.github.io/rust-clippy/master/index.html#missing_safety_doc

warning: unsafe function's docs are missing a `# Safety` section
   --> crates/perry-runtime/src/object/class_handles.rs:401:1
    |
401 | pub unsafe extern "C" fn js_register_stream_handle_probe(f: StreamHandleProbeFn) {
    | ^^^^^^^^^^^^^^^^^^^^^^^^^^^^^^^^^^^^^^^^^^^^^^^^^^^^^^^^^^^^^^^^^^^^^^^^^^^^^^^^
    |
    = help: for further information visit https://rust-lang.github.io/rust-clippy/master/index.html#missing_safety_doc

warning: unsafe function's docs are missing a `# Safety` section
   --> crates/perry-runtime/src/object/class_handles.rs:418:1
    |
418 | pub unsafe extern "C" fn js_register_stream_expando_set(f: StreamExpandoSetFn) {
    | ^^^^^^^^^^^^^^^^^^^^^^^^^^^^^^^^^^^^^^^^^^^^^^^^^^^^^^^^^^^^^^^^^^^^^^^^^^^^^^
    |
    = help: for further information visit https://rust-lang.github.io/rust-clippy/master/index.html#missing_safety_doc

warning: unsafe function's docs are missing a `# Safety` section
   --> crates/perry-runtime/src/object/class_handles.rs:435:1
    |
435 | pub unsafe extern "C" fn js_register_stream_handle_kind_probe(f: StreamHandleKindProbeFn) {
    | ^^^^^^^^^^^^^^^^^^^^^^^^^^^^^^^^^^^^^^^^^^^^^^^^^^^^^^^^^^^^^^^^^^^^^^^^^^^^^^^^^^^^^^^^^
    |
    = help: for further information visit https://rust-lang.github.io/rust-clippy/master/index.html#missing_safety_doc

warning: unsafe function's docs are missing a `# Safety` section
   --> crates/perry-runtime/src/object/class_handles.rs:452:1
    |
452 | pub unsafe extern "C" fn js_register_fetch_handle_kind_probe(f: FetchHandleKindProbeFn) {
    | ^^^^^^^^^^^^^^^^^^^^^^^^^^^^^^^^^^^^^^^^^^^^^^^^^^^^^^^^^^^^^^^^^^^^^^^^^^^^^^^^^^^^^^^
    |
    = help: for further information visit https://rust-lang.github.io/rust-clippy/master/index.html#missing_safety_doc

warning: unsafe function's docs are missing a `# Safety` section
   --> crates/perry-runtime/src/object/class_handles.rs:467:1
    |
467 | pub unsafe extern "C" fn js_register_event_emitter_handle_probe(f: EventEmitterHandleProbeFn) {
    | ^^^^^^^^^^^^^^^^^^^^^^^^^^^^^^^^^^^^^^^^^^^^^^^^^^^^^^^^^^^^^^^^^^^^^^^^^^^^^^^^^^^^^^^^^^^^^
    |
    = help: for further information visit https://rust-lang.github.io/rust-clippy/master/index.html#missing_safety_doc

warning: unsafe function's docs are missing a `# Safety` section
   --> crates/perry-runtime/src/object/class_handles.rs:483:1
    |
483 | / pub unsafe extern "C" fn js_register_event_emitter_async_resource_handle_probe(
484 | |     f: EventEmitterAsyncResourceHandleProbeFn,
485 | | ) {
    | |_^
    |
    = help: for further information visit https://rust-lang.github.io/rust-clippy/master/index.html#missing_safety_doc

warning: unsafe function's docs are missing a `# Safety` section
   --> crates/perry-runtime/src/object/class_handles.rs:500:1
    |
500 | / pub unsafe extern "C" fn js_register_event_emitter_async_resource_dispatch(
501 | |     f: EventEmitterAsyncResourceDispatchFn,
502 | | ) {
    | |_^
    |
    = help: for further information visit https://rust-lang.github.io/rust-clippy/master/index.html#missing_safety_doc

warning: unsafe function's docs are missing a `# Safety` section
   --> crates/perry-runtime/src/object/class_handles.rs:517:1
    |
517 | pub unsafe extern "C" fn js_register_event_emitter_get_domain(f: EventEmitterGetDomainFn) {
    | ^^^^^^^^^^^^^^^^^^^^^^^^^^^^^^^^^^^^^^^^^^^^^^^^^^^^^^^^^^^^^^^^^^^^^^^^^^^^^^^^^^^^^^^^^
    |
    = help: for further information visit https://rust-lang.github.io/rust-clippy/master/index.html#missing_safety_doc

warning: unsafe function's docs are missing a `# Safety` section
   --> crates/perry-runtime/src/object/class_handles.rs:532:1
    |
532 | pub unsafe extern "C" fn js_register_event_emitter_set_domain(f: EventEmitterSetDomainFn) {
    | ^^^^^^^^^^^^^^^^^^^^^^^^^^^^^^^^^^^^^^^^^^^^^^^^^^^^^^^^^^^^^^^^^^^^^^^^^^^^^^^^^^^^^^^^^
    |
    = help: for further information visit https://rust-lang.github.io/rust-clippy/master/index.html#missing_safety_doc

warning: unsafe function's docs are missing a `# Safety` section
   --> crates/perry-runtime/src/object/class_handles.rs:547:1
    |
547 | pub unsafe extern "C" fn js_register_net_socket_handle_probe(f: NetSocketHandleProbeFn) {
    | ^^^^^^^^^^^^^^^^^^^^^^^^^^^^^^^^^^^^^^^^^^^^^^^^^^^^^^^^^^^^^^^^^^^^^^^^^^^^^^^^^^^^^^^
    |
    = help: for further information visit https://rust-lang.github.io/rust-clippy/master/index.html#missing_safety_doc

warning: unsafe function's docs are missing a `# Safety` section
   --> crates/perry-runtime/src/object/class_handles.rs:572:1
    |
572 | pub unsafe extern "C" fn js_register_http_agent_handle_probe(f: HttpAgentHandleProbeFn) {
    | ^^^^^^^^^^^^^^^^^^^^^^^^^^^^^^^^^^^^^^^^^^^^^^^^^^^^^^^^^^^^^^^^^^^^^^^^^^^^^^^^^^^^^^^
    |
    = help: for further information visit https://rust-lang.github.io/rust-clippy/master/index.html#missing_safety_doc

warning: unsafe function's docs are missing a `# Safety` section
   --> crates/perry-runtime/src/object/class_handles.rs:586:1
    |
586 | pub unsafe extern "C" fn js_register_tls_handle_kind_probe(f: TlsHandleKindProbeFn) {
    | ^^^^^^^^^^^^^^^^^^^^^^^^^^^^^^^^^^^^^^^^^^^^^^^^^^^^^^^^^^^^^^^^^^^^^^^^^^^^^^^^^^^
    |
    = help: for further information visit https://rust-lang.github.io/rust-clippy/master/index.html#missing_safety_doc

warning: unsafe function's docs are missing a `# Safety` section
   --> crates/perry-runtime/src/object/class_handles.rs:635:1
    |
635 | pub unsafe extern "C" fn js_register_event_emitter_on(f: EventEmitterOnFn) {
    | ^^^^^^^^^^^^^^^^^^^^^^^^^^^^^^^^^^^^^^^^^^^^^^^^^^^^^^^^^^^^^^^^^^^^^^^^^^
    |
    = help: for further information visit https://rust-lang.github.io/rust-clippy/master/index.html#missing_safety_doc

warning: unsafe function's docs are missing a `# Safety` section
   --> crates/perry-runtime/src/object/class_handles.rs:641:1
    |
641 | pub unsafe extern "C" fn js_register_handle_property_dispatch(f: HandlePropertyDispatchFn) {
    | ^^^^^^^^^^^^^^^^^^^^^^^^^^^^^^^^^^^^^^^^^^^^^^^^^^^^^^^^^^^^^^^^^^^^^^^^^^^^^^^^^^^^^^^^^^
    |
    = help: for further information visit https://rust-lang.github.io/rust-clippy/master/index.html#missing_safety_doc

warning: unsafe function's docs are missing a `# Safety` section
   --> crates/perry-runtime/src/object/class_handles.rs:654:1
    |
654 | pub unsafe extern "C" fn js_register_handle_property_set_dispatch(f: HandlePropertySetDispatchFn) {
    | ^^^^^^^^^^^^^^^^^^^^^^^^^^^^^^^^^^^^^^^^^^^^^^^^^^^^^^^^^^^^^^^^^^^^^^^^^^^^^^^^^^^^^^^^^^^^^^^^^
    |
    = help: for further information visit https://rust-lang.github.io/rust-clippy/master/index.html#missing_safety_doc

warning: unsafe function's docs are missing a `# Safety` section
   --> crates/perry-runtime/src/object/class_handles.rs:667:1
    |
667 | / pub unsafe extern "C" fn js_register_handle_own_property_names_dispatch(
668 | |     f: HandleOwnPropertyNamesDispatchFn,
669 | | ) {
    | |_^
    |
    = help: for further information visit https://rust-lang.github.io/rust-clippy/master/index.html#missing_safety_doc

warning: unsafe function's docs are missing a `# Safety` section
   --> crates/perry-runtime/src/object/class_handles.rs:675:1
    |
675 | pub unsafe extern "C" fn js_register_handle_prototype_dispatch(f: HandlePrototypeDispatchFn) {
    | ^^^^^^^^^^^^^^^^^^^^^^^^^^^^^^^^^^^^^^^^^^^^^^^^^^^^^^^^^^^^^^^^^^^^^^^^^^^^^^^^^^^^^^^^^^^^
    |
    = help: for further information visit https://rust-lang.github.io/rust-clippy/master/index.html#missing_safety_doc

warning: unneeded `return` statement
  --> crates/perry-runtime/src/object/class_registry/builtin_alias_construct.rs:50:13
   |
50 |             return crate::value::js_nanbox_pointer(target as i64);
   |             ^^^^^^^^^^^^^^^^^^^^^^^^^^^^^^^^^^^^^^^^^^^^^^^^^^^^^
   |
   = help: for further information visit https://rust-lang.github.io/rust-clippy/master/index.html#needless_return
help: remove `return`
   |
50 -             return crate::value::js_nanbox_pointer(target as i64);
50 +             crate::value::js_nanbox_pointer(target as i64)
   |

warning: unneeded `return` statement
  --> crates/perry-runtime/src/object/class_registry/builtin_alias_construct.rs:54:13
   |
54 |             return crate::value::js_nanbox_pointer(controller as i64);
   |             ^^^^^^^^^^^^^^^^^^^^^^^^^^^^^^^^^^^^^^^^^^^^^^^^^^^^^^^^^
   |
   = help: for further information visit https://rust-lang.github.io/rust-clippy/master/index.html#needless_return
help: remove `return`
   |
54 -             return crate::value::js_nanbox_pointer(controller as i64);
54 +             crate::value::js_nanbox_pointer(controller as i64)
   |

warning: unneeded `return` statement
  --> crates/perry-runtime/src/object/class_registry/builtin_alias_construct.rs:59:13
   |
59 |             return crate::value::js_nanbox_pointer(crate::text::js_text_encoder_new());
   |             ^^^^^^^^^^^^^^^^^^^^^^^^^^^^^^^^^^^^^^^^^^^^^^^^^^^^^^^^^^^^^^^^^^^^^^^^^^
   |
   = help: for further information visit https://rust-lang.github.io/rust-clippy/master/index.html#needless_return
help: remove `return`
   |
59 -             return crate::value::js_nanbox_pointer(crate::text::js_text_encoder_new());
59 +             crate::value::js_nanbox_pointer(crate::text::js_text_encoder_new())
   |

warning: unneeded `return` statement
  --> crates/perry-runtime/src/object/class_registry/builtin_alias_construct.rs:70:13
   |
70 |             return crate::value::js_nanbox_pointer(params as i64);
   |             ^^^^^^^^^^^^^^^^^^^^^^^^^^^^^^^^^^^^^^^^^^^^^^^^^^^^^
   |
   = help: for further information visit https://rust-lang.github.io/rust-clippy/master/index.html#needless_return
help: remove `return`
   |
70 -             return crate::value::js_nanbox_pointer(params as i64);
70 +             crate::value::js_nanbox_pointer(params as i64)
   |

warning: unneeded `return` statement
  --> crates/perry-runtime/src/object/class_registry/builtin_alias_construct.rs:74:13
   |
74 |             return crate::value::js_nanbox_pointer(stack as i64);
   |             ^^^^^^^^^^^^^^^^^^^^^^^^^^^^^^^^^^^^^^^^^^^^^^^^^^^^
   |
   = help: for further information visit https://rust-lang.github.io/rust-clippy/master/index.html#needless_return
help: remove `return`
   |
74 -             return crate::value::js_nanbox_pointer(stack as i64);
74 +             crate::value::js_nanbox_pointer(stack as i64)
   |

warning: unneeded `return` statement
  --> crates/perry-runtime/src/object/class_registry/builtin_alias_construct.rs:91:13
   |
91 |             return boxed;
   |             ^^^^^^^^^^^^
   |
   = help: for further information visit https://rust-lang.github.io/rust-clippy/master/index.html#needless_return
help: remove `return`
   |
91 -             return boxed;
91 +             boxed
   |

warning: unneeded `return` statement
   --> crates/perry-runtime/src/object/class_registry/builtin_alias_construct.rs:103:13
    |
103 |             return boxed;
    |             ^^^^^^^^^^^^
    |
    = help: for further information visit https://rust-lang.github.io/rust-clippy/master/index.html#needless_return
help: remove `return`
    |
103 -             return boxed;
103 +             boxed
    |

warning: unneeded `return` statement
   --> crates/perry-runtime/src/object/class_registry/builtin_alias_construct.rs:114:13
    |
114 |             return boxed;
    |             ^^^^^^^^^^^^
    |
    = help: for further information visit https://rust-lang.github.io/rust-clippy/master/index.html#needless_return
help: remove `return`
    |
114 -             return boxed;
114 +             boxed
    |

warning: unneeded `return` statement
   --> crates/perry-runtime/src/object/class_registry/builtin_alias_construct.rs:125:13
    |
125 |             return boxed;
    |             ^^^^^^^^^^^^
    |
    = help: for further information visit https://rust-lang.github.io/rust-clippy/master/index.html#needless_return
help: remove `return`
    |
125 -             return boxed;
125 +             boxed
    |

warning: unneeded `return` statement
   --> crates/perry-runtime/src/object/class_registry/builtin_alias_construct.rs:133:13
    |
133 |             return crate::value::js_nanbox_pointer(wr as i64);
    |             ^^^^^^^^^^^^^^^^^^^^^^^^^^^^^^^^^^^^^^^^^^^^^^^^^
    |
    = help: for further information visit https://rust-lang.github.io/rust-clippy/master/index.html#needless_return
help: remove `return`
    |
133 -             return crate::value::js_nanbox_pointer(wr as i64);
133 +             crate::value::js_nanbox_pointer(wr as i64)
    |

warning: unsafe function's docs are missing a `# Safety` section
 --> crates/perry-runtime/src/object/class_registry/class_meta.rs:9:1
  |
9 | pub unsafe extern "C" fn js_register_class_id(class_id: u32) {
  | ^^^^^^^^^^^^^^^^^^^^^^^^^^^^^^^^^^^^^^^^^^^^^^^^^^^^^^^^^^^^
  |
  = help: for further information visit https://rust-lang.github.io/rust-clippy/master/index.html#missing_safety_doc

warning: unsafe function's docs are missing a `# Safety` section
  --> crates/perry-runtime/src/object/class_registry/class_meta.rs:45:1
   |
45 | pub unsafe extern "C" fn js_register_class_name(class_id: u32, name_ptr: *const u8, name_len: u32) {
   | ^^^^^^^^^^^^^^^^^^^^^^^^^^^^^^^^^^^^^^^^^^^^^^^^^^^^^^^^^^^^^^^^^^^^^^^^^^^^^^^^^^^^^^^^^^^^^^^^^^
   |
   = help: for further information visit https://rust-lang.github.io/rust-clippy/master/index.html#missing_safety_doc

warning: casting raw pointers to the same type and constness is unnecessary (`*const closure::alloc::ClosureHeader` -> `*const closure::alloc::ClosureHeader`)
   --> crates/perry-runtime/src/object/class_registry/class_meta.rs:251:15
    |
251 |     let ptr = jv.as_pointer() as *const crate::closure::ClosureHeader;
    |               ^^^^^^^^^^^^^^^^^^^^^^^^^^^^^^^^^^^^^^^^^^^^^^^^^^^^^^^ help: try: `jv.as_pointer()`
    |
    = help: for further information visit https://rust-lang.github.io/rust-clippy/master/index.html#unnecessary_cast

warning: unsafe function's docs are missing a `# Safety` section
   --> crates/perry-runtime/src/object/class_registry/class_meta.rs:556:1
    |
556 | pub unsafe extern "C" fn js_text_encoder_stream_new() -> f64 {
    | ^^^^^^^^^^^^^^^^^^^^^^^^^^^^^^^^^^^^^^^^^^^^^^^^^^^^^^^^^^^^
    |
    = help: for further information visit https://rust-lang.github.io/rust-clippy/master/index.html#missing_safety_doc

warning: unsafe function's docs are missing a `# Safety` section
   --> crates/perry-runtime/src/object/class_registry/class_meta.rs:561:1
    |
561 | pub unsafe extern "C" fn js_text_decoder_stream_new() -> f64 {
    | ^^^^^^^^^^^^^^^^^^^^^^^^^^^^^^^^^^^^^^^^^^^^^^^^^^^^^^^^^^^^
    |
    = help: for further information visit https://rust-lang.github.io/rust-clippy/master/index.html#missing_safety_doc

warning: unsafe function's docs are missing a `# Safety` section
   --> crates/perry-runtime/src/object/class_registry/class_meta.rs:566:1
    |
566 | pub unsafe extern "C" fn js_compression_stream_new() -> f64 {
    | ^^^^^^^^^^^^^^^^^^^^^^^^^^^^^^^^^^^^^^^^^^^^^^^^^^^^^^^^^^^
    |
    = help: for further information visit https://rust-lang.github.io/rust-clippy/master/index.html#missing_safety_doc

warning: unsafe function's docs are missing a `# Safety` section
   --> crates/perry-runtime/src/object/class_registry/class_meta.rs:571:1
    |
571 | pub unsafe extern "C" fn js_decompression_stream_new() -> f64 {
    | ^^^^^^^^^^^^^^^^^^^^^^^^^^^^^^^^^^^^^^^^^^^^^^^^^^^^^^^^^^^^^
    |
    = help: for further information visit https://rust-lang.github.io/rust-clippy/master/index.html#missing_safety_doc

warning: unsafe function's docs are missing a `# Safety` section
   --> crates/perry-runtime/src/object/class_registry/class_meta.rs:576:1
    |
576 | pub unsafe extern "C" fn js_text_encoding_stream_new() -> f64 {
    | ^^^^^^^^^^^^^^^^^^^^^^^^^^^^^^^^^^^^^^^^^^^^^^^^^^^^^^^^^^^^^
    |
    = help: for further information visit https://rust-lang.github.io/rust-clippy/master/index.html#missing_safety_doc

warning: unsafe function's docs are missing a `# Safety` section
   --> crates/perry-runtime/src/object/class_registry/class_meta.rs:594:1
    |
594 | pub unsafe extern "C" fn js_register_anon_shape_class_id(class_id: u32) {
    | ^^^^^^^^^^^^^^^^^^^^^^^^^^^^^^^^^^^^^^^^^^^^^^^^^^^^^^^^^^^^^^^^^^^^^^^
    |
    = help: for further information visit https://rust-lang.github.io/rust-clippy/master/index.html#missing_safety_doc

warning: unsafe function's docs are missing a `# Safety` section
   --> crates/perry-runtime/src/object/class_registry/construct.rs:237:1
    |
237 | / pub unsafe extern "C-unwind" fn js_new_function_construct(
238 | |     func_value: f64,
239 | |     args_ptr: *const f64,
240 | |     args_len: usize,
241 | | ) -> f64 {
    | |________^
    |
    = help: for further information visit https://rust-lang.github.io/rust-clippy/master/index.html#missing_safety_doc

warning: unsafe function's docs are missing a `# Safety` section
    --> crates/perry-runtime/src/object/class_registry/construct.rs:1213:1
     |
1213 | pub unsafe extern "C" fn js_new_function_construct_apply(func_value: f64, args_array: f64) -> f64 {
     | ^^^^^^^^^^^^^^^^^^^^^^^^^^^^^^^^^^^^^^^^^^^^^^^^^^^^^^^^^^^^^^^^^^^^^^^^^^^^^^^^^^^^^^^^^^^^^^^^^
     |
     = help: for further information visit https://rust-lang.github.io/rust-clippy/master/index.html#missing_safety_doc

warning: this loop could be written as a `while let` loop
    --> crates/perry-runtime/src/object/class_registry/construct.rs:1424:5
     |
1424 | /     loop {
1425 | |         let Some(ptr) = bound_function_target_ptr(cur) else {
1426 | |             break;
1427 | |         };
...    |
1444 | |         cur = target;
1445 | |     }
     | |_____^ help: try: `while let Some(ptr) = bound_function_target_ptr(cur) { .. }`
     |
     = help: for further information visit https://rust-lang.github.io/rust-clippy/master/index.html#while_let_loop

warning: doc list item without indentation
   --> crates/perry-runtime/src/object/class_registry/construct/class_return.rs:111:5
    |
111 | /// `is_derived` is 1 for a class with an `extends` clause, 0 otherwise.
    |     ^
    |
    = help: if this is supposed to be its own paragraph, add a blank line
    = help: for further information visit https://rust-lang.github.io/rust-clippy/master/index.html#doc_lazy_continuation
help: indent this line
    |
111 | ///     `is_derived` is 1 for a class with an `extends` clause, 0 otherwise.
    |     ++++

warning: doc list item without indentation
   --> crates/perry-runtime/src/object/class_registry/construct/class_return.rs:112:5
    |
112 | /// Refs class/subclass/derived-class-return-override-*.
    |     ^
    |
    = help: if this is supposed to be its own paragraph, add a blank line
    = help: for further information visit https://rust-lang.github.io/rust-clippy/master/index.html#doc_lazy_continuation
help: indent this line
    |
112 | ///     Refs class/subclass/derived-class-return-override-*.
    |     ++++

warning: unsafe function's docs are missing a `# Safety` section
    --> crates/perry-runtime/src/object/class_registry/construct.rs:1617:1
     |
1617 | / pub unsafe extern "C" fn js_new_function_construct_with_new_target(
1618 | |     func_value: f64,
1619 | |     args_ptr: *const f64,
1620 | |     args_len: usize,
1621 | |     new_target: f64,
1622 | | ) -> f64 {
     | |________^
     |
     = help: for further information visit https://rust-lang.github.io/rust-clippy/master/index.html#missing_safety_doc

warning: casting raw pointers to the same type and constness is unnecessary (`*const closure::alloc::ClosureHeader` -> `*const closure::alloc::ClosureHeader`)
    --> crates/perry-runtime/src/object/class_registry/construct.rs:1879:15
     |
1879 |     let ptr = jv.as_pointer() as *const crate::closure::ClosureHeader;
     |               ^^^^^^^^^^^^^^^^^^^^^^^^^^^^^^^^^^^^^^^^^^^^^^^^^^^^^^^ help: try: `jv.as_pointer()`
     |
     = help: for further information visit https://rust-lang.github.io/rust-clippy/master/index.html#unnecessary_cast

warning: casting raw pointers to the same type and constness is unnecessary (`*const closure::alloc::ClosureHeader` -> `*const closure::alloc::ClosureHeader`)
    --> crates/perry-runtime/src/object/class_registry/construct.rs:1898:15
     |
1898 |     let ptr = jv.as_pointer() as *const crate::closure::ClosureHeader;
     |               ^^^^^^^^^^^^^^^^^^^^^^^^^^^^^^^^^^^^^^^^^^^^^^^^^^^^^^^ help: try: `jv.as_pointer()`
     |
     = help: for further information visit https://rust-lang.github.io/rust-clippy/master/index.html#unnecessary_cast

warning: this function has too many arguments (8/7)
   --> crates/perry-runtime/src/object/class_registry/dispatch.rs:417:1
    |
417 | / pub(crate) unsafe fn call_vtable_method_with_private_brand(
418 | |     func_ptr: usize,
419 | |     this: i64,
420 | |     args_ptr: *const f64,
...   |
425 | |     private_brand: f64,
426 | | ) -> f64 {
    | |________^
    |
    = help: for further information visit https://rust-lang.github.io/rust-clippy/master/index.html#too_many_arguments

warning: this function has too many arguments (8/7)
   --> crates/perry-runtime/src/object/class_registry/dispatch.rs:439:1
    |
439 | / unsafe fn call_vtable_method_inner(
440 | |     func_ptr: usize,
441 | |     this: i64,
442 | |     args_ptr: *const f64,
...   |
447 | |     explicit_private_brand: Option<f64>,
448 | | ) -> f64 {
    | |________^
    |
    = help: for further information visit https://rust-lang.github.io/rust-clippy/master/index.html#too_many_arguments

warning: casting raw pointers to the same type and constness is unnecessary (`*const closure::alloc::ClosureHeader` -> `*const closure::alloc::ClosureHeader`)
  --> crates/perry-runtime/src/object/class_registry/function_prototype.rs:85:15
   |
85 |     let ptr = jv.as_pointer() as *const crate::closure::ClosureHeader;
   |               ^^^^^^^^^^^^^^^^^^^^^^^^^^^^^^^^^^^^^^^^^^^^^^^^^^^^^^^ help: try: `jv.as_pointer()`
   |
   = help: for further information visit https://rust-lang.github.io/rust-clippy/master/index.html#unnecessary_cast

warning: you seem to want to iterate on a map's keys
   --> crates/perry-runtime/src/object/class_registry/gc_roots.rs:267:38
    |
267 |         for ((class_id, name), _) in cache.iter() {
    |                                      ^^^^^^^^^^^^
    |
    = help: for further information visit https://rust-lang.github.io/rust-clippy/master/index.html#for_kv_map
help: use the corresponding method
    |
267 -         for ((class_id, name), _) in cache.iter() {
267 +         for (class_id, name) in cache.keys() {
    |

warning: doc list item without indentation
  --> crates/perry-runtime/src/object/class_registry/parent_static.rs:59:5
   |
59 | /// Anything else (closures, primitives, null/undefined) is a no-op:
   |     ^
   |
   = help: if this is supposed to be its own paragraph, add a blank line
   = help: for further information visit https://rust-lang.github.io/rust-clippy/master/index.html#doc_lazy_continuation
help: indent this line
   |
59 | ///      Anything else (closures, primitives, null/undefined) is a no-op:
   |     +++++

warning: doc list item without indentation
  --> crates/perry-runtime/src/object/class_registry/parent_static.rs:60:5
   |
60 | /// the class stays parentless, identical to the pre-#711 behavior.
   |     ^
   |
   = help: if this is supposed to be its own paragraph, add a blank line
   = help: for further information visit https://rust-lang.github.io/rust-clippy/master/index.html#doc_lazy_continuation
help: indent this line
   |
60 | ///      the class stays parentless, identical to the pre-#711 behavior.
   |     +++++

warning: doc list item without indentation
  --> crates/perry-runtime/src/object/class_registry/parent_static.rs:61:5
   |
61 | /// Self-registration (`parent_cid == class_id`) is rejected so a
   |     ^
   |
   = help: if this is supposed to be its own paragraph, add a blank line
   = help: for further information visit https://rust-lang.github.io/rust-clippy/master/index.html#doc_lazy_continuation
help: indent this line
   |
61 | ///      Self-registration (`parent_cid == class_id`) is rejected so a
   |     +++++

warning: doc list item without indentation
  --> crates/perry-runtime/src/object/class_registry/parent_static.rs:62:5
   |
62 | /// recursive helper that returns its receiver can't create a cycle — and the
   |     ^
   |
   = help: if this is supposed to be its own paragraph, add a blank line
   = help: for further information visit https://rust-lang.github.io/rust-clippy/master/index.html#doc_lazy_continuation
help: indent this line
   |
62 | ///      recursive helper that returns its receiver can't create a cycle — and the
   |     +++++

warning: doc list item without indentation
  --> crates/perry-runtime/src/object/class_registry/parent_static.rs:63:5
   |
63 | /// VALUE stash below applies the same rejection (`is_self_heritage_value`).
   |     ^
   |
   = help: if this is supposed to be its own paragraph, add a blank line
   = help: for further information visit https://rust-lang.github.io/rust-clippy/master/index.html#doc_lazy_continuation
help: indent this line
   |
63 | ///      VALUE stash below applies the same rejection (`is_self_heritage_value`).
   |     +++++

warning: unsafe function's docs are missing a `# Safety` section
   --> crates/perry-runtime/src/object/class_registry/parent_static.rs:530:1
    |
530 | / pub unsafe extern "C" fn js_register_class_static_method(
531 | |     class_id: i64,
532 | |     name_ptr: *const u8,
533 | |     name_len: i64,
...   |
536 | |     has_rest: i64,
537 | | ) {
    | |_^
    |
    = help: for further information visit https://rust-lang.github.io/rust-clippy/master/index.html#missing_safety_doc

warning: unsafe function's docs are missing a `# Safety` section
   --> crates/perry-runtime/src/object/class_registry/parent_static.rs:575:1
    |
575 | / pub unsafe extern "C" fn js_register_class_computed_method(
576 | |     class_id: i64,
577 | |     key: f64,
578 | |     func_ptr: i64,
...   |
582 | |     definition_order: i64,
583 | | ) {
    | |_^
    |
    = help: for further information visit https://rust-lang.github.io/rust-clippy/master/index.html#missing_safety_doc

warning: unsafe function's docs are missing a `# Safety` section
   --> crates/perry-runtime/src/object/class_registry/parent_static.rs:734:1
    |
734 | / pub unsafe extern "C" fn js_register_class_computed_accessor(
735 | |     class_id: i64,
736 | |     key: f64,
737 | |     getter_ptr: i64,
...   |
740 | |     definition_order: i64,
741 | | ) {
    | |_^
    |
    = help: for further information visit https://rust-lang.github.io/rust-clippy/master/index.html#missing_safety_doc

warning: unsafe function's docs are missing a `# Safety` section
    --> crates/perry-runtime/src/object/class_registry/parent_static.rs:1545:1
     |
1545 | / pub unsafe extern "C" fn js_class_static_method_call(
1546 | |     receiver: f64,
1547 | |     name_ptr: *const u8,
1548 | |     name_len: usize,
1549 | |     args_ptr: *const f64,
1550 | |     args_len: usize,
1551 | | ) -> f64 {
     | |________^
     |
     = help: for further information visit https://rust-lang.github.io/rust-clippy/master/index.html#missing_safety_doc

warning: unsafe function's docs are missing a `# Safety` section
  --> crates/perry-runtime/src/object/class_registry/prototype_methods.rs:35:1
   |
35 | / pub unsafe extern "C" fn js_class_register_static_field(
36 | |     class_id: u32,
37 | |     name_ptr: *const u8,
38 | |     name_len: usize,
39 | |     value: f64,
40 | |     global_slot: *mut f64,
41 | | ) {
   | |_^
   |
   = help: for further information visit https://rust-lang.github.io/rust-clippy/master/index.html#missing_safety_doc

warning: unsafe function's docs are missing a `# Safety` section
   --> crates/perry-runtime/src/object/class_registry/prototype_methods.rs:319:1
    |
319 | / pub unsafe extern "C" fn js_register_prototype_method(
320 | |     class_id: u32,
321 | |     name_ptr: *const u8,
322 | |     name_len: usize,
323 | |     value: f64,
324 | | ) {
    | |_^
    |
    = help: for further information visit https://rust-lang.github.io/rust-clippy/master/index.html#missing_safety_doc

warning: unsafe function's docs are missing a `# Safety` section
   --> crates/perry-runtime/src/object/class_registry/prototype_methods.rs:386:1
    |
386 | / pub unsafe extern "C" fn js_get_function_prototype_method(
387 | |     func_value: f64,
388 | |     name_ptr: *const u8,
389 | |     name_len: usize,
390 | | ) -> f64 {
    | |________^
    |
    = help: for further information visit https://rust-lang.github.io/rust-clippy/master/index.html#missing_safety_doc

warning: unsafe function's docs are missing a `# Safety` section
   --> crates/perry-runtime/src/object/class_registry/prototype_methods.rs:477:1
    |
477 | / pub unsafe extern "C" fn js_register_function_prototype_method(
478 | |     func_value: f64,
479 | |     name_ptr: *const u8,
480 | |     name_len: usize,
481 | |     value: f64,
482 | | ) -> u32 {
    | |________^
    |
    = help: for further information visit https://rust-lang.github.io/rust-clippy/master/index.html#missing_safety_doc

warning: unsafe function's docs are missing a `# Safety` section
   --> crates/perry-runtime/src/object/class_registry/registration.rs:107:1
    |
107 | / pub unsafe extern "C" fn js_register_class_string_member_order(
108 | |     class_id: i64,
109 | |     name_ptr: *const u8,
110 | |     name_len: i64,
111 | |     is_static: i64,
112 | |     definition_order: i64,
113 | | ) {
    | |_^
    |
    = help: for further information visit https://rust-lang.github.io/rust-clippy/master/index.html#missing_safety_doc

warning: unsafe function's docs are missing a `# Safety` section
   --> crates/perry-runtime/src/object/class_registry/registration.rs:142:1
    |
142 | / pub unsafe extern "C" fn js_register_class_method(
143 | |     class_id: i64,
144 | |     name_ptr: *const u8,
145 | |     name_len: i64,
...   |
149 | |     has_rest: i64,
150 | | ) {
    | |_^
    |
    = help: for further information visit https://rust-lang.github.io/rust-clippy/master/index.html#missing_safety_doc

warning: unsafe function's docs are missing a `# Safety` section
   --> crates/perry-runtime/src/object/class_registry/registration.rs:314:1
    |
314 | / pub unsafe extern "C" fn js_register_class_getter(
315 | |     class_id: i64,
316 | |     name_ptr: *const u8,
317 | |     name_len: i64,
318 | |     func_ptr: i64,
319 | | ) {
    | |_^
    |
    = help: for further information visit https://rust-lang.github.io/rust-clippy/master/index.html#missing_safety_doc

warning: unsafe function's docs are missing a `# Safety` section
   --> crates/perry-runtime/src/object/class_registry/registration.rs:356:1
    |
356 | / pub unsafe extern "C" fn js_register_class_setter(
357 | |     class_id: i64,
358 | |     name_ptr: *const u8,
359 | |     name_len: i64,
360 | |     func_ptr: i64,
361 | | ) {
    | |_^
    |
    = help: for further information visit https://rust-lang.github.io/rust-clippy/master/index.html#missing_safety_doc

warning: unsafe function's docs are missing a `# Safety` section
   --> crates/perry-runtime/src/object/class_registry/registration.rs:393:1
    |
393 | / pub unsafe extern "C" fn js_register_class_static_getter(
394 | |     class_id: i64,
395 | |     name_ptr: *const u8,
396 | |     name_len: i64,
397 | |     func_ptr: i64,
398 | | ) {
    | |_^
    |
    = help: for further information visit https://rust-lang.github.io/rust-clippy/master/index.html#missing_safety_doc

warning: unsafe function's docs are missing a `# Safety` section
   --> crates/perry-runtime/src/object/class_registry/registration.rs:404:1
    |
404 | / pub unsafe extern "C" fn js_register_class_static_setter(
405 | |     class_id: i64,
406 | |     name_ptr: *const u8,
407 | |     name_len: i64,
408 | |     func_ptr: i64,
409 | | ) {
    | |_^
    |
    = help: for further information visit https://rust-lang.github.io/rust-clippy/master/index.html#missing_safety_doc

warning: unsafe function's docs are missing a `# Safety` section
   --> crates/perry-runtime/src/object/class_registry/registration.rs:428:1
    |
428 | / pub unsafe extern "C" fn js_register_class_method_bind_length(
429 | |     class_id: i64,
430 | |     name_ptr: *const u8,
431 | |     name_len: i64,
432 | |     length: i64,
433 | | ) {
    | |_^
    |
    = help: for further information visit https://rust-lang.github.io/rust-clippy/master/index.html#missing_safety_doc

warning: unsafe function's docs are missing a `# Safety` section
   --> crates/perry-runtime/src/object/class_registry/registration.rs:462:1
    |
462 | / pub unsafe extern "C" fn js_register_class_static_method_bind_length(
463 | |     class_id: i64,
464 | |     name_ptr: *const u8,
465 | |     name_len: i64,
466 | |     length: i64,
467 | | ) {
    | |_^
    |
    = help: for further information visit https://rust-lang.github.io/rust-clippy/master/index.html#missing_safety_doc

warning: very complex type used. Consider factoring parts into `type` definitions
   --> crates/perry-runtime/src/object/class_registry/state.rs:357:39
    |
357 | pub static CLASS_METHOD_BIND_LENGTHS: ImageTable<RwLock<Option<HashMap<(u32, String), u32>>>> =
    |                                       ^^^^^^^^^^^^^^^^^^^^^^^^^^^^^^^^^^^^^^^^^^^^^^^^^^^^^^^
    |
    = help: for further information visit https://rust-lang.github.io/rust-clippy/master/index.html#type_complexity

warning: very complex type used. Consider factoring parts into `type` definitions
   --> crates/perry-runtime/src/object/class_registry/state.rs:365:46
    |
365 |   pub static CLASS_STATIC_METHOD_BIND_LENGTHS: ImageTable<
    |  ______________________________________________^
366 | |     RwLock<Option<HashMap<(u32, String), u32>>>,
367 | | > = ImageTable::new(|image| &image.static_method_bind_lengths);
    | |_^
    |
    = help: for further information visit https://rust-lang.github.io/rust-clippy/master/index.html#type_complexity

warning: this method chain can be written more clearly with `if .. else ..`
   --> crates/perry-runtime/src/object/class_registry/state.rs:975:16
    |
975 |           return (!proto.is_null())
    |  ________________^
976 | |             .then(|| crate::value::js_nanbox_pointer(proto as i64))
977 | |             .unwrap_or_else(|| f64::from_bits(crate::value::TAG_UNDEFINED));
    | |___________________________________________________________________________^ help: try: `if !proto.is_null() { crate::value::js_nanbox_pointer(proto as i64) } else { f64::from_bits(crate::value::TAG_UNDEFINED) }`
    |
    = help: for further information visit https://rust-lang.github.io/rust-clippy/master/index.html#obfuscated_if_else
    = note: `#[warn(clippy::obfuscated_if_else)]` on by default

warning: casting raw pointers to the same type and constness is unnecessary (`*mut array::header::ArrayHeader` -> `*mut array::header::ArrayHeader`)
   --> crates/perry-runtime/src/object/delete_rest.rs:577:40
    |
577 |             set_object_keys_array(obj, keys as *mut crate::ArrayHeader);
    |                                        ^^^^^^^^^^^^^^^^^^^^^^^^^^^^^^^ help: try: `keys`
    |
    = help: for further information visit https://rust-lang.github.io/rust-clippy/master/index.html#unnecessary_cast

warning: this block may be rewritten with the `?` operator
   --> crates/perry-runtime/src/object/delete_rest.rs:942:5
    |
942 | /     if super::shapes::try_update_stable_tombstone_shape_cached(
943 | |         obj,
944 | |         shape,
945 | |         shape.logical_key_count,
...   |
960 | |         return None;
961 | |     }
    | |_____^
    |
    = help: for further information visit https://rust-lang.github.io/rust-clippy/master/index.html#question_mark
help: replace it with
    |
942 ~     super::shapes::try_update_stable_tombstone_shape_cached(
943 +         obj,
944 +         shape,
945 +         shape.logical_key_count,
946 +         shape.live_inline_slot_count,
947 +         next_holes,
948 +     )
949 +     .or_else(|| {
950 +         super::shapes::try_update_stable_tombstone_shape(
951 +             obj,
952 +             keys,
953 +             shape.logical_key_count,
954 +             shape.live_inline_slot_count,
955 +             next_holes,
956 +         )
957 +     })?;
    |

warning: you seem to want to iterate on a map's values
   --> crates/perry-runtime/src/object/exotic_expando.rs:635:25
    |
635 |     for (_, entries) in map.iter_mut() {
    |                         ^^^^^^^^^^^^^^
    |
    = help: for further information visit https://rust-lang.github.io/rust-clippy/master/index.html#for_kv_map
help: use the corresponding method
    |
635 -     for (_, entries) in map.iter_mut() {
635 +     for entries in map.values_mut() {
    |

warning: this `let...else` may be rewritten with the `?` operator
  --> crates/perry-runtime/src/object/field_get_set.rs:63:5
   |
63 | /     let Some(gc_header) = crate::value::addr_class::try_read_gc_header(obj) else {
64 | |         return None;
65 | |     };
   | |______^ help: replace it with: `let gc_header = crate::value::addr_class::try_read_gc_header(obj)?;`
   |
   = help: for further information visit https://rust-lang.github.io/rust-clippy/master/index.html#question_mark

warning: casting raw pointers to the same type and constness is unnecessary (`*const object::ObjectHeader` -> `*const object::ObjectHeader`)
   --> crates/perry-runtime/src/object/field_get_set/entries_shape.rs:214:53
    |
214 |             let value = js_object_get_field_by_name(obj as *const ObjectHeader, key_str);
    |                                                     ^^^^^^^^^^^^^^^^^^^^^^^^^^ help: try: `obj`
    |
    = help: for further information visit https://rust-lang.github.io/rust-clippy/master/index.html#unnecessary_cast

warning: returning the result of a `let` binding from a block
   --> crates/perry-runtime/src/object/field_get_set/enumeration.rs:652:13
    |
642 | /             let len = unsafe {
643 | |                 super::super::native_module::bound_native_callable_value_arity(closure_value)
644 | |             }
645 | |             .map(|a| a as f64)
...   |
650 | |             })
651 | |             .unwrap_or(0.0);
    | |____________________________- unnecessary `let` binding
652 |               len
    |               ^^^
    |
    = help: for further information visit https://rust-lang.github.io/rust-clippy/master/index.html#let_and_return
help: return the expression directly
    |
642 ~             
643 ~             unsafe {
644 +                 super::super::native_module::bound_native_callable_value_arity(closure_value)
645 +             }
646 +             .map(|a| a as f64)
647 +             .or_else(|| super::super::native_module::builtin_closure_length(ptr).map(|l| l as f64))
648 +             .or_else(|| {
649 +                 crate::closure::closure_length(ptr as *const crate::closure::ClosureHeader)
650 +                     .map(|l| l as f64)
651 +             })
652 +             .unwrap_or(0.0)
    |

warning: casting to the same type is unnecessary (`u32` -> `u32`)
   --> crates/perry-runtime/src/object/field_get_set/enumeration.rs:780:69
    |
780 |     let out_h = scope.root_raw_mut_ptr(crate::array::js_array_alloc(len.max(1) as u32));
    |                                                                     ^^^^^^^^^^^^^^^^^ help: try: `len.max(1)`
    |
    = help: for further information visit https://rust-lang.github.io/rust-clippy/master/index.html#unnecessary_cast

warning: casting raw pointers to the same type and constness is unnecessary (`*const object::ObjectHeader` -> `*const object::ObjectHeader`)
    --> crates/perry-runtime/src/object/field_get_set/enumeration.rs:1859:53
     |
1859 |             let value = js_object_get_field_by_name(obj as *const ObjectHeader, key_str);
     |                                                     ^^^^^^^^^^^^^^^^^^^^^^^^^^ help: try: `obj`
     |
     = help: for further information visit https://rust-lang.github.io/rust-clippy/master/index.html#unnecessary_cast

warning: manual implementation of `.is_multiple_of()`
   --> crates/perry-runtime/src/object/field_get_set/for_in_stable.rs:226:73
    |
226 |     if checks <= 8 || (hit && hits == 1) || (!hit && fallbacks == 1) || checks % 100_000 == 0 {
    |                                                                         ^^^^^^^^^^^^^^^^^^^^^ help: replace with: `checks.is_multiple_of(100_000)`
    |
    = help: for further information visit https://rust-lang.github.io/rust-clippy/master/index.html#manual_is_multiple_of

warning: use `std::ptr::eq` when comparing raw pointers
   --> crates/perry-runtime/src/object/field_get_set/get_field_by_name.rs:559:32
    |
559 | ...                   if praw as usize != obj as usize
    |                          ^^^^^^^^^^^^^^^^^^^^^^^^^^^^^ help: try: `!std::ptr::eq(praw, obj)`
    |
    = help: for further information visit https://rust-lang.github.io/rust-clippy/master/index.html#ptr_eq

warning: doc list item without indentation
  --> crates/perry-runtime/src/object/field_get_set/has_property.rs:16:5
   |
16 | /// Presence-only — never invokes a getter or method (`in` is [[HasProperty]]).
   |     ^
   |
   = help: if this is supposed to be its own paragraph, add a blank line
   = help: for further information visit https://rust-lang.github.io/rust-clippy/master/index.html#doc_lazy_continuation
help: indent this line
   |
16 | ///     Presence-only — never invokes a getter or method (`in` is [[HasProperty]]).
   |     ++++

warning: doc list item without indentation
  --> crates/perry-runtime/src/object/field_get_set/has_property.rs:17:5
   |
17 | /// `Symbol.toStringTag` is deliberately excluded: its getter lives on the
   |     ^
   |
   = help: if this is supposed to be its own paragraph, add a blank line
   = help: for further information visit https://rust-lang.github.io/rust-clippy/master/index.html#doc_lazy_continuation
help: indent this line
   |
17 | ///     `Symbol.toStringTag` is deliberately excluded: its getter lives on the
   |     ++++

warning: doc list item without indentation
  --> crates/perry-runtime/src/object/field_get_set/has_property.rs:18:5
   |
18 | /// prototype (instance side), so `Symbol.toStringTag in Class` is false in Node.
   |     ^
   |
   = help: if this is supposed to be its own paragraph, add a blank line
   = help: for further information visit https://rust-lang.github.io/rust-clippy/master/index.html#doc_lazy_continuation
help: indent this line
   |
18 | ///     prototype (instance side), so `Symbol.toStringTag in Class` is false in Node.
   |     ++++

warning: use `std::ptr::eq` when comparing raw pointers
    --> crates/perry-runtime/src/object/field_get_set/has_property.rs:1270:50
     |
1270 |                     if !synth_proto.is_null() && synth_proto as *const ObjectHeader != cur {
     |                                                  ^^^^^^^^^^^^^^^^^^^^^^^^^^^^^^^^^^^^^^^^^ help: try: `!std::ptr::eq(synth_proto, cur)`
     |
     = help: for further information visit https://rust-lang.github.io/rust-clippy/master/index.html#ptr_eq

warning: casting to the same type is unnecessary (`usize` -> `usize`)
    --> crates/perry-runtime/src/object/field_get_set/has_property.rs:1334:60
     |
1334 |         || !crate::value::addr_class::is_above_handle_band(proto_ptr as usize)
     |                                                            ^^^^^^^^^^^^^^^^^^ help: try: `proto_ptr`
     |
     = help: for further information visit https://rust-lang.github.io/rust-clippy/master/index.html#unnecessary_cast

warning: doc list item without indentation
    --> crates/perry-runtime/src/object/field_get_set/ic_miss.rs:1013:5
     |
1013 | /// `PERRY_IC_OUTLINE_FASTPATH=0` sends every outlined read back to the miss
     |     ^
     |
     = help: if this is supposed to be its own paragraph, add a blank line
     = help: for further information visit https://rust-lang.github.io/rust-clippy/master/index.html#doc_lazy_continuation
help: indent this line
     |
1013 | ///   `PERRY_IC_OUTLINE_FASTPATH=0` sends every outlined read back to the miss
     |     ++

warning: doc list item without indentation
    --> crates/perry-runtime/src/object/field_get_set/ic_miss.rs:1014:5
     |
1014 | /// handler, so the same binary can be measured with and without the hit path
     |     ^
     |
     = help: if this is supposed to be its own paragraph, add a blank line
     = help: for further information visit https://rust-lang.github.io/rust-clippy/master/index.html#doc_lazy_continuation
help: indent this line
     |
1014 | ///   handler, so the same binary can be measured with and without the hit path
     |     ++

warning: doc list item without indentation
    --> crates/perry-runtime/src/object/field_get_set/ic_miss.rs:1015:5
     |
1015 | /// one environment variable apart. Measurement only — nothing in the runtime
     |     ^
     |
     = help: if this is supposed to be its own paragraph, add a blank line
     = help: for further information visit https://rust-lang.github.io/rust-clippy/master/index.html#doc_lazy_continuation
help: indent this line
     |
1015 | ///   one environment variable apart. Measurement only — nothing in the runtime
     |     ++

warning: doc list item without indentation
    --> crates/perry-runtime/src/object/field_get_set/ic_miss.rs:1016:5
     |
1016 | /// branches on it for behaviour, and the two settings are observationally
     |     ^
     |
     = help: if this is supposed to be its own paragraph, add a blank line
     = help: for further information visit https://rust-lang.github.io/rust-clippy/master/index.html#doc_lazy_continuation
help: indent this line
     |
1016 | ///   branches on it for behaviour, and the two settings are observationally
     |     ++

warning: doc list item without indentation
    --> crates/perry-runtime/src/object/field_get_set/ic_miss.rs:1017:5
     |
1017 | /// identical.
     |     ^
     |
     = help: if this is supposed to be its own paragraph, add a blank line
     = help: for further information visit https://rust-lang.github.io/rust-clippy/master/index.html#doc_lazy_continuation
help: indent this line
     |
1017 | ///   identical.
     |     ++

warning: this `match` expression can be replaced with `?`
   --> crates/perry-runtime/src/object/field_set_by_name/fast_paths.rs:525:25
    |
525 |           let gc_header = match crate::value::addr_class::try_read_gc_header(obj as usize) {
    |  _________________________^
526 | |             Some(h) => h as *const crate::gc::GcHeader,
527 | |             None => return None,
528 | |         };
    | |_________^
    |
    = help: for further information visit https://rust-lang.github.io/rust-clippy/master/index.html#question_mark
help: try instead
    |
525 ~         let gc_header = {
526 +             let h = crate::value::addr_class::try_read_gc_header(obj as usize)?;
527 +             h as *const crate::gc::GcHeader
528 ~         };
    |

warning: this `let...else` may be rewritten with the `?` operator
   --> crates/perry-runtime/src/object/field_set_by_name/fast_paths.rs:611:9
    |
611 | /         let Some((next_keys, slot_idx, target_shape_id)) =
612 | |             transition_cache_lookup(prev_shape_id, interned_key)
613 | |         else {
614 | |             return None;
615 | |         };
    | |__________^ help: replace it with: `let (next_keys, slot_idx, target_shape_id) = transition_cache_lookup(prev_shape_id, interned_key)?;`
    |
    = help: for further information visit https://rust-lang.github.io/rust-clippy/master/index.html#question_mark

warning: casting raw pointers to the same type and constness is unnecessary (`*mut object::ObjectHeader` -> `*mut object::ObjectHeader`)
   --> crates/perry-runtime/src/object/field_set_by_name/tail.rs:218:56
    |
218 |                 && !super::object_ops::own_key_present(obj as *mut ObjectHeader, key)
    |                                                        ^^^^^^^^^^^^^^^^^^^^^^^^ help: try: `obj`
    |
    = help: for further information visit https://rust-lang.github.io/rust-clippy/master/index.html#unnecessary_cast

warning: casting raw pointers to the same type and constness is unnecessary (`*mut object::ObjectHeader` -> `*mut object::ObjectHeader`)
   --> crates/perry-runtime/src/object/field_set_by_name/tail.rs:338:52
    |
338 |             && !super::object_ops::own_key_present(obj as *mut ObjectHeader, key)
    |                                                    ^^^^^^^^^^^^^^^^^^^^^^^^ help: try: `obj`
    |
    = help: for further information visit https://rust-lang.github.io/rust-clippy/master/index.html#unnecessary_cast

warning: this function has too many arguments (14/7)
   --> crates/perry-runtime/src/object/global_fetch.rs:546:1
    |
546 | / pub(super) fn call_global_request_new(
547 | |     url_ptr: *const crate::StringHeader,
548 | |     method_ptr: *const crate::StringHeader,
549 | |     body_ptr: *const crate::StringHeader,
...   |
560 | |     signal: f64,
561 | | ) -> f64 {
    | |________^
    |
    = help: for further information visit https://rust-lang.github.io/rust-clippy/master/index.html#too_many_arguments

warning: casting raw pointers to the same type and constness is unnecessary (`*const bigint::BigIntHeader` -> `*const bigint::BigIntHeader`)
   --> crates/perry-runtime/src/object/global_this/bigint_promise.rs:320:15
    |
320 |     let ptr = jv.as_bigint_ptr() as *const crate::bigint::BigIntHeader;
    |               ^^^^^^^^^^^^^^^^^^^^^^^^^^^^^^^^^^^^^^^^^^^^^^^^^^^^^^^^ help: try: `jv.as_bigint_ptr()`
    |
    = help: for further information visit https://rust-lang.github.io/rust-clippy/master/index.html#unnecessary_cast

warning: doc list item without indentation
   --> crates/perry-runtime/src/object/global_this/builtin_thunks.rs:149:5
    |
149 | /// Rounding via `r = floor(x)` then comparing the *exact* fractional part
    |     ^
    |
    = help: if this is supposed to be its own paragraph, add a blank line
    = help: for further information visit https://rust-lang.github.io/rust-clippy/master/index.html#doc_lazy_continuation
help: indent this line
    |
149 | ///     Rounding via `r = floor(x)` then comparing the *exact* fractional part
    |     ++++

warning: doc list item without indentation
   --> crates/perry-runtime/src/object/global_this/builtin_thunks.rs:150:5
    |
150 | /// `x - r` against 0.5 avoids the pre-rounding of the `+ 0.5` add. Half rounds
    |     ^
    |
    = help: if this is supposed to be its own paragraph, add a blank line
    = help: for further information visit https://rust-lang.github.io/rust-clippy/master/index.html#doc_lazy_continuation
help: indent this line
    |
150 | ///     `x - r` against 0.5 avoids the pre-rounding of the `+ 0.5` add. Half rounds
    |     ++++

warning: doc list item without indentation
   --> crates/perry-runtime/src/object/global_this/builtin_thunks.rs:151:5
    |
151 | /// toward +∞ (the larger integer), and the `[-0.5, -0)` band returns -0.
    |     ^
    |
    = help: if this is supposed to be its own paragraph, add a blank line
    = help: for further information visit https://rust-lang.github.io/rust-clippy/master/index.html#doc_lazy_continuation
help: indent this line
    |
151 | ///     toward +∞ (the larger integer), and the `[-0.5, -0)` band returns -0.
    |     ++++

warning: unsafe function's docs are missing a `# Safety` section
   --> crates/perry-runtime/src/object/global_this/fetch_globals.rs:128:1
    |
128 | / pub unsafe extern "C" fn js_global_or_console_property_by_name(
129 | |     key: *const crate::StringHeader,
130 | | ) -> f64 {
    | |________^
    |
    = help: for further information visit https://rust-lang.github.io/rust-clippy/master/index.html#missing_safety_doc

warning: unsafe function's docs are missing a `# Safety` section
   --> crates/perry-runtime/src/object/global_this/fetch_globals.rs:635:1
    |
635 | / pub unsafe extern "C" fn js_fetch_or_value_super(
636 | |     parent_val: f64,
637 | |     this_box: f64,
638 | |     args_ptr: *const f64,
639 | |     args_len: usize,
640 | | ) -> f64 {
    | |________^
    |
    = help: for further information visit https://rust-lang.github.io/rust-clippy/master/index.html#missing_safety_doc

warning: manual implementation of `.is_multiple_of()`
   --> crates/perry-runtime/src/object/prop_plan.rs:160:12
    |
160 |         if c % 1_000_000 == 0 {
    |            ^^^^^^^^^^^^^^^^^^ help: replace with: `c.is_multiple_of(1_000_000)`
    |
    = help: for further information visit https://rust-lang.github.io/rust-clippy/master/index.html#manual_is_multiple_of

warning: manual implementation of `.is_multiple_of()`
   --> crates/perry-runtime/src/object/prop_plan.rs:192:22
    |
192 |         if r <= 8 || r % 1_000_000 == 0 {
    |                      ^^^^^^^^^^^^^^^^^^ help: replace with: `r.is_multiple_of(1_000_000)`
    |
    = help: for further information visit https://rust-lang.github.io/rust-clippy/master/index.html#manual_is_multiple_of

warning: the loop variable `idx` is used to index `groups`
   --> crates/perry-runtime/src/object/groupby.rs:157:24
    |
157 |             for idx in 0..order.len() {
    |                        ^^^^^^^^^^^^^^
    |
    = help: for further information visit https://rust-lang.github.io/rust-clippy/master/index.html#needless_range_loop
help: consider using an iterator and enumerate()
    |
157 -             for idx in 0..order.len() {
157 +             for (idx, <item>) in groups.iter_mut().enumerate().take(order.len()) {
    |

warning: the loop variable `idx` is used to index `groups`
   --> crates/perry-runtime/src/object/groupby.rs:169:20
    |
169 |         for idx in 0..order.len() {
    |                    ^^^^^^^^^^^^^^
    |
    = help: for further information visit https://rust-lang.github.io/rust-clippy/master/index.html#needless_range_loop
help: consider using an iterator and enumerate()
    |
169 -         for idx in 0..order.len() {
169 +         for (idx, <item>) in groups.iter().enumerate().take(order.len()) {
    |

warning: unsafe function's docs are missing a `# Safety` section
  --> crates/perry-runtime/src/object/live_slots.rs:52:1
   |
52 | pub unsafe fn object_live_slot_count(obj: *const ObjectHeader) -> u32 {
   | ^^^^^^^^^^^^^^^^^^^^^^^^^^^^^^^^^^^^^^^^^^^^^^^^^^^^^^^^^^^^^^^^^^^^^
   |
   = help: for further information visit https://rust-lang.github.io/rust-clippy/master/index.html#missing_safety_doc

warning: casting to the same type is unnecessary (`u32` -> `u32`)
   --> crates/perry-runtime/src/object/iterator_prototypes.rs:435:17
    |
435 |                 crate::array::js_array_length(keys) as u32,
    |                 ^^^^^^^^^^^^^^^^^^^^^^^^^^^^^^^^^^^^^^^^^^ help: try: `{ crate::array::js_array_length(keys) }`
    |
    = help: for further information visit https://rust-lang.github.io/rust-clippy/master/index.html#unnecessary_cast

warning: the loop variable `i` is used to index `value_handles`
   --> crates/perry-runtime/src/object/namespace_create.rs:121:18
    |
121 |         for i in 0..count {
    |                  ^^^^^^^^
    |
    = help: for further information visit https://rust-lang.github.io/rust-clippy/master/index.html#needless_range_loop
help: consider using an iterator and enumerate()
    |
121 -         for i in 0..count {
121 +         for (i, <item>) in value_handles.iter().enumerate().take(count) {
    |

warning: this function has too many arguments (9/7)
  --> crates/perry-runtime/src/object/native_call_method/collection_methods.rs:47:1
   |
47 | / pub(super) unsafe fn dispatch_map_set(
48 | |     root_scope: &crate::gc::RuntimeHandleScope,
49 | |     object_handle: &crate::gc::RuntimeHandle,
50 | |     arg_handles: &[crate::gc::RuntimeHandle],
...  |
56 | |     args_len: usize,
57 | | ) -> Option<f64> {
   | |________________^
   |
   = help: for further information visit https://rust-lang.github.io/rust-clippy/master/index.html#too_many_arguments

warning: this function has too many arguments (9/7)
   --> crates/perry-runtime/src/object/native_call_method/collection_methods.rs:321:1
    |
321 | / pub(super) unsafe fn dispatch_raw_pointer(
322 | |     root_scope: &crate::gc::RuntimeHandleScope,
323 | |     object_handle: &crate::gc::RuntimeHandle,
324 | |     arg_handles: &[crate::gc::RuntimeHandle],
...   |
330 | |     args_len: usize,
331 | | ) -> Option<f64> {
    | |________________^
    |
    = help: for further information visit https://rust-lang.github.io/rust-clippy/master/index.html#too_many_arguments

warning: this function has too many arguments (9/7)
  --> crates/perry-runtime/src/object/native_call_method/common_methods.rs:5:1
   |
 5 | / pub(super) unsafe fn dispatch_common(
 6 | |     root_scope: &crate::gc::RuntimeHandleScope,
 7 | |     object_handle: &crate::gc::RuntimeHandle,
 8 | |     arg_handles: &[crate::gc::RuntimeHandle],
...  |
14 | |     args_len: usize,
15 | | ) -> Option<f64> {
   | |________________^
   |
   = help: for further information visit https://rust-lang.github.io/rust-clippy/master/index.html#too_many_arguments

warning: this function has too many arguments (9/7)
  --> crates/perry-runtime/src/object/native_call_method/handle_methods.rs:55:1
   |
55 | / pub(super) unsafe fn dispatch_handle(
56 | |     root_scope: &crate::gc::RuntimeHandleScope,
57 | |     object_handle: &crate::gc::RuntimeHandle,
58 | |     arg_handles: &[crate::gc::RuntimeHandle],
...  |
64 | |     args_len: usize,
65 | | ) -> Option<f64> {
   | |________________^
   |
   = help: for further information visit https://rust-lang.github.io/rust-clippy/master/index.html#too_many_arguments

warning: this function has too many arguments (9/7)
  --> crates/perry-runtime/src/object/native_call_method/primitive_methods.rs:4:1
   |
 4 | / pub(super) unsafe fn dispatch_primitive(
 5 | |     root_scope: &crate::gc::RuntimeHandleScope,
 6 | |     object_handle: &crate::gc::RuntimeHandle,
 7 | |     arg_handles: &[crate::gc::RuntimeHandle],
...  |
13 | |     args_len: usize,
14 | | ) -> Option<f64> {
   | |________________^
   |
   = help: for further information visit https://rust-lang.github.io/rust-clippy/master/index.html#too_many_arguments

warning: this function has too many arguments (9/7)
  --> crates/perry-runtime/src/object/native_call_method/string_methods.rs:3:1
   |
 3 | / pub(super) unsafe fn dispatch_string(
 4 | |     root_scope: &crate::gc::RuntimeHandleScope,
 5 | |     object_handle: &crate::gc::RuntimeHandle,
 6 | |     arg_handles: &[crate::gc::RuntimeHandle],
...  |
12 | |     args_len: usize,
13 | | ) -> Option<f64> {
   | |________________^
   |
   = help: for further information visit https://rust-lang.github.io/rust-clippy/master/index.html#too_many_arguments

warning: unsafe function's docs are missing a `# Safety` section
   --> crates/perry-runtime/src/object/native_call_method.rs:510:1
    |
510 | / pub unsafe extern "C-unwind" fn js_native_call_method_str_key(
511 | |     object: f64,
512 | |     name_handle: i64,
513 | |     args_ptr: *const f64,
514 | |     args_len: usize,
515 | | ) -> f64 {
    | |________^
    |
    = help: for further information visit https://rust-lang.github.io/rust-clippy/master/index.html#missing_safety_doc

warning: unsafe function's docs are missing a `# Safety` section
   --> crates/perry-runtime/src/object/native_call_method.rs:535:1
    |
535 | / pub unsafe extern "C-unwind" fn js_native_call_method_by_id(
536 | |     object: f64,
537 | |     method_id: i64,
538 | |     args_ptr: *const f64,
539 | |     args_len: usize,
540 | | ) -> f64 {
    | |________^
    |
    = help: for further information visit https://rust-lang.github.io/rust-clippy/master/index.html#missing_safety_doc

warning: unsafe function's docs are missing a `# Safety` section
   --> crates/perry-runtime/src/object/native_call_method.rs:549:1
    |
549 | / pub unsafe extern "C-unwind" fn js_native_call_method_apply_by_id(
550 | |     object: f64,
551 | |     method_id: i64,
552 | |     args_array_handle: i64,
553 | | ) -> f64 {
    | |________^
    |
    = help: for further information visit https://rust-lang.github.io/rust-clippy/master/index.html#missing_safety_doc

warning: unsafe function's docs are missing a `# Safety` section
   --> crates/perry-runtime/src/object/native_call_method.rs:578:1
    |
578 | / pub unsafe extern "C-unwind" fn js_spread_tail_fallback_args(
579 | |     fixed_ptr: *const f64,
580 | |     fixed_len: usize,
581 | |     spread: f64,
582 | | ) -> i64 {
    | |________^
    |
    = help: for further information visit https://rust-lang.github.io/rust-clippy/master/index.html#missing_safety_doc

warning: unsafe function's docs are missing a `# Safety` section
   --> crates/perry-runtime/src/object/native_call_method.rs:670:1
    |
670 | / pub unsafe extern "C-unwind" fn js_native_call_method_value(
671 | |     object: f64,
672 | |     key: f64,
673 | |     args_ptr: *const f64,
674 | |     args_len: usize,
675 | | ) -> f64 {
    | |________^
    |
    = help: for further information visit https://rust-lang.github.io/rust-clippy/master/index.html#missing_safety_doc

warning: unsafe function's docs are missing a `# Safety` section
   --> crates/perry-runtime/src/object/native_call_method.rs:941:1
    |
941 | / pub unsafe extern "C-unwind" fn js_native_call_method_apply(
942 | |     object: f64,
943 | |     method_name_ptr: *const i8,
944 | |     method_name_len: usize,
945 | |     args_array_handle: i64,
946 | | ) -> f64 {
    | |________^
    |
    = help: for further information visit https://rust-lang.github.io/rust-clippy/master/index.html#missing_safety_doc

warning: unsafe function's docs are missing a `# Safety` section
   --> crates/perry-runtime/src/object/native_call_method.rs:978:1
    |
978 | / pub unsafe extern "C-unwind" fn js_native_call_method_value_apply(
979 | |     object: f64,
980 | |     key: f64,
981 | |     args_array_handle: i64,
982 | | ) -> f64 {
    | |________^
    |
    = help: for further information visit https://rust-lang.github.io/rust-clippy/master/index.html#missing_safety_doc

warning: casting raw pointers to the same type and constness is unnecessary (`*const u8` -> `*const u8`)
    --> crates/perry-runtime/src/object/native_call_method.rs:1052:26
     |
1052 |     if !is_valid_obj_ptr(ptr as *const u8) {
     |                          ^^^^^^^^^^^^^^^^ help: try: `ptr`
     |
     = help: for further information visit https://rust-lang.github.io/rust-clippy/master/index.html#unnecessary_cast

warning: casting raw pointers to the same type and constness is unnecessary (`*const u8` -> `*const u8`)
    --> crates/perry-runtime/src/object/native_call_method.rs:1079:44
     |
1079 |     if crate::symbol::may_be_symbol_header(ptr as *const u8)
     |                                            ^^^^^^^^^^^^^^^^ help: try: `ptr`
     |
     = help: for further information visit https://rust-lang.github.io/rust-clippy/master/index.html#unnecessary_cast

warning: casting raw pointers to the same type and constness is unnecessary (`*const u8` -> `*const u8`)
    --> crates/perry-runtime/src/object/native_call_method.rs:1084:21
     |
1084 |     let gc_header = (ptr as *const u8).sub(crate::gc::GC_HEADER_SIZE) as *const crate::gc::GcHeader;
     |                     ^^^^^^^^^^^^^^^^^^ help: try: `ptr`
     |
     = help: for further information visit https://rust-lang.github.io/rust-clippy/master/index.html#unnecessary_cast

warning: unsafe function's docs are missing a `# Safety` section
    --> crates/perry-runtime/src/object/native_call_method.rs:1131:1
     |
1131 | / pub unsafe extern "C-unwind" fn js_native_call_method_nullsafe(
1132 | |     object: f64,
1133 | |     method_name_ptr: *const i8,
1134 | |     method_name_len: usize,
1135 | |     args_ptr: *const f64,
1136 | |     args_len: usize,
1137 | | ) -> f64 {
     | |________^
     |
     = help: for further information visit https://rust-lang.github.io/rust-clippy/master/index.html#missing_safety_doc

warning: unsafe function's docs are missing a `# Safety` section
    --> crates/perry-runtime/src/object/native_call_method.rs:1217:1
     |
1217 | / pub unsafe extern "C-unwind" fn js_native_call_method(
1218 | |     object: f64,
1219 | |     method_name_ptr: *const i8,
1220 | |     method_name_len: usize,
1221 | |     args_ptr: *const f64,
1222 | |     args_len: usize,
1223 | | ) -> f64 {
     | |________^
     |
     = help: for further information visit https://rust-lang.github.io/rust-clippy/master/index.html#missing_safety_doc

warning: casting raw pointers to the same type and constness is unnecessary (`*const object::ObjectHeader` -> `*const object::ObjectHeader`)
    --> crates/perry-runtime/src/object/native_call_method.rs:1455:17
     |
1455 |                 ns_ptr as *const ObjectHeader,
     |                 ^^^^^^^^^^^^^^^^^^^^^^^^^^^^^ help: try: `ns_ptr`
     |
     = help: for further information visit https://rust-lang.github.io/rust-clippy/master/index.html#unnecessary_cast

warning: this `if` statement can be collapsed
    --> crates/perry-runtime/src/object/native_call_method.rs:2549:5
     |
2549 | /     if jsval().is_pointer() && matches!(method_name, "then" | "catch" | "finally") {
2550 | |         if crate::promise::subclass_backing_promise(object()).is_some() {
2551 | |             if let Some(m) = crate::promise::promise_proto_method(method_name) {
2552 | |                 let args = refreshed_args();
...    |
2560 | |     }
     | |_____^
     |
     = help: for further information visit https://rust-lang.github.io/rust-clippy/master/index.html#collapsible_if
help: collapse nested if block
     |
2549 ~     if jsval().is_pointer() && matches!(method_name, "then" | "catch" | "finally")
2550 ~         && crate::promise::subclass_backing_promise(object()).is_some() {
2551 |             if let Some(m) = crate::promise::promise_proto_method(method_name) {
 ...
2558 |             }
2559 ~         }
     |

warning: manually constructing a nul-terminated string
    --> crates/perry-runtime/src/object/native_module/callable_exports.rs:1610:9
     |
1610 |         b"constructor\0".as_ptr(),
     |         ^^^^^^^^^^^^^^^^ help: use a `c""` literal: `c"constructor"`
     |
     = note: an additional cast may be needed, since the type of `c"".as_ptr()` and `b"".as_ptr()` can differ and is platform dependent
     = help: for further information visit https://rust-lang.github.io/rust-clippy/master/index.html#manual_c_str_literals
     = note: `#[warn(clippy::manual_c_str_literals)]` on by default

warning: casting float literal to `f64` is unnecessary
    --> crates/perry-runtime/src/object/native_module/constants.rs:1276:28
     |
1276 |     ("SQLITE_ALTER_TABLE", (26.0) as f64),
     |                            ^^^^^^^^^^^^^ help: try: `26.0_f64`
     |
     = help: for further information visit https://rust-lang.github.io/rust-clippy/master/index.html#unnecessary_cast

warning: casting float literal to `f64` is unnecessary
    --> crates/perry-runtime/src/object/native_module/constants.rs:1277:24
     |
1277 |     ("SQLITE_ANALYZE", (28.0) as f64),
     |                        ^^^^^^^^^^^^^ help: try: `28.0_f64`
     |
     = help: for further information visit https://rust-lang.github.io/rust-clippy/master/index.html#unnecessary_cast

warning: casting float literal to `f64` is unnecessary
    --> crates/perry-runtime/src/object/native_module/constants.rs:1278:23
     |
1278 |     ("SQLITE_ATTACH", (24.0) as f64),
     |                       ^^^^^^^^^^^^^ help: try: `24.0_f64`
     |
     = help: for further information visit https://rust-lang.github.io/rust-clippy/master/index.html#unnecessary_cast

warning: casting float literal to `f64` is unnecessary
    --> crates/perry-runtime/src/object/native_module/constants.rs:1279:32
     |
1279 |     ("SQLITE_CHANGESET_ABORT", (2.0) as f64),
     |                                ^^^^^^^^^^^^ help: try: `2.0_f64`
     |
     = help: for further information visit https://rust-lang.github.io/rust-clippy/master/index.html#unnecessary_cast

warning: casting float literal to `f64` is unnecessary
    --> crates/perry-runtime/src/object/native_module/constants.rs:1280:35
     |
1280 |     ("SQLITE_CHANGESET_CONFLICT", (3.0) as f64),
     |                                   ^^^^^^^^^^^^ help: try: `3.0_f64`
     |
     = help: for further information visit https://rust-lang.github.io/rust-clippy/master/index.html#unnecessary_cast

warning: casting float literal to `f64` is unnecessary
    --> crates/perry-runtime/src/object/native_module/constants.rs:1281:37
     |
1281 |     ("SQLITE_CHANGESET_CONSTRAINT", (4.0) as f64),
     |                                     ^^^^^^^^^^^^ help: try: `4.0_f64`
     |
     = help: for further information visit https://rust-lang.github.io/rust-clippy/master/index.html#unnecessary_cast

warning: casting float literal to `f64` is unnecessary
    --> crates/perry-runtime/src/object/native_module/constants.rs:1282:31
     |
1282 |     ("SQLITE_CHANGESET_DATA", (1.0) as f64),
     |                               ^^^^^^^^^^^^ help: try: `1.0_f64`
     |
     = help: for further information visit https://rust-lang.github.io/rust-clippy/master/index.html#unnecessary_cast

warning: casting float literal to `f64` is unnecessary
    --> crates/perry-runtime/src/object/native_module/constants.rs:1283:38
     |
1283 |     ("SQLITE_CHANGESET_FOREIGN_KEY", (5.0) as f64),
     |                                      ^^^^^^^^^^^^ help: try: `5.0_f64`
     |
     = help: for further information visit https://rust-lang.github.io/rust-clippy/master/index.html#unnecessary_cast

warning: casting float literal to `f64` is unnecessary
    --> crates/perry-runtime/src/object/native_module/constants.rs:1284:35
     |
1284 |     ("SQLITE_CHANGESET_NOTFOUND", (2.0) as f64),
     |                                   ^^^^^^^^^^^^ help: try: `2.0_f64`
     |
     = help: for further information visit https://rust-lang.github.io/rust-clippy/master/index.html#unnecessary_cast

warning: casting float literal to `f64` is unnecessary
    --> crates/perry-runtime/src/object/native_module/constants.rs:1285:31
     |
1285 |     ("SQLITE_CHANGESET_OMIT", (0.0) as f64),
     |                               ^^^^^^^^^^^^ help: try: `0.0_f64`
     |
     = help: for further information visit https://rust-lang.github.io/rust-clippy/master/index.html#unnecessary_cast

warning: casting float literal to `f64` is unnecessary
    --> crates/perry-runtime/src/object/native_module/constants.rs:1286:34
     |
1286 |     ("SQLITE_CHANGESET_REPLACE", (1.0) as f64),
     |                                  ^^^^^^^^^^^^ help: try: `1.0_f64`
     |
     = help: for further information visit https://rust-lang.github.io/rust-clippy/master/index.html#unnecessary_cast

warning: casting float literal to `f64` is unnecessary
    --> crates/perry-runtime/src/object/native_module/constants.rs:1287:21
     |
1287 |     ("SQLITE_COPY", (0.0) as f64),
     |                     ^^^^^^^^^^^^ help: try: `0.0_f64`
     |
     = help: for further information visit https://rust-lang.github.io/rust-clippy/master/index.html#unnecessary_cast

warning: casting float literal to `f64` is unnecessary
    --> crates/perry-runtime/src/object/native_module/constants.rs:1288:29
     |
1288 |     ("SQLITE_CREATE_INDEX", (1.0) as f64),
     |                             ^^^^^^^^^^^^ help: try: `1.0_f64`
     |
     = help: for further information visit https://rust-lang.github.io/rust-clippy/master/index.html#unnecessary_cast

warning: casting float literal to `f64` is unnecessary
    --> crates/perry-runtime/src/object/native_module/constants.rs:1289:29
     |
1289 |     ("SQLITE_CREATE_TABLE", (2.0) as f64),
     |                             ^^^^^^^^^^^^ help: try: `2.0_f64`
     |
     = help: for further information visit https://rust-lang.github.io/rust-clippy/master/index.html#unnecessary_cast

warning: casting float literal to `f64` is unnecessary
    --> crates/perry-runtime/src/object/native_module/constants.rs:1290:34
     |
1290 |     ("SQLITE_CREATE_TEMP_INDEX", (3.0) as f64),
     |                                  ^^^^^^^^^^^^ help: try: `3.0_f64`
     |
     = help: for further information visit https://rust-lang.github.io/rust-clippy/master/index.html#unnecessary_cast

warning: casting float literal to `f64` is unnecessary
    --> crates/perry-runtime/src/object/native_module/constants.rs:1291:34
     |
1291 |     ("SQLITE_CREATE_TEMP_TABLE", (4.0) as f64),
     |                                  ^^^^^^^^^^^^ help: try: `4.0_f64`
     |
     = help: for further information visit https://rust-lang.github.io/rust-clippy/master/index.html#unnecessary_cast

warning: casting float literal to `f64` is unnecessary
    --> crates/perry-runtime/src/object/native_module/constants.rs:1292:36
     |
1292 |     ("SQLITE_CREATE_TEMP_TRIGGER", (5.0) as f64),
     |                                    ^^^^^^^^^^^^ help: try: `5.0_f64`
     |
     = help: for further information visit https://rust-lang.github.io/rust-clippy/master/index.html#unnecessary_cast

warning: casting float literal to `f64` is unnecessary
    --> crates/perry-runtime/src/object/native_module/constants.rs:1293:33
     |
1293 |     ("SQLITE_CREATE_TEMP_VIEW", (6.0) as f64),
     |                                 ^^^^^^^^^^^^ help: try: `6.0_f64`
     |
     = help: for further information visit https://rust-lang.github.io/rust-clippy/master/index.html#unnecessary_cast

warning: casting float literal to `f64` is unnecessary
    --> crates/perry-runtime/src/object/native_module/constants.rs:1294:31
     |
1294 |     ("SQLITE_CREATE_TRIGGER", (7.0) as f64),
     |                               ^^^^^^^^^^^^ help: try: `7.0_f64`
     |
     = help: for further information visit https://rust-lang.github.io/rust-clippy/master/index.html#unnecessary_cast

warning: casting float literal to `f64` is unnecessary
    --> crates/perry-runtime/src/object/native_module/constants.rs:1295:28
     |
1295 |     ("SQLITE_CREATE_VIEW", (8.0) as f64),
     |                            ^^^^^^^^^^^^ help: try: `8.0_f64`
     |
     = help: for further information visit https://rust-lang.github.io/rust-clippy/master/index.html#unnecessary_cast

warning: casting float literal to `f64` is unnecessary
    --> crates/perry-runtime/src/object/native_module/constants.rs:1296:30
     |
1296 |     ("SQLITE_CREATE_VTABLE", (29.0) as f64),
     |                              ^^^^^^^^^^^^^ help: try: `29.0_f64`
     |
     = help: for further information visit https://rust-lang.github.io/rust-clippy/master/index.html#unnecessary_cast

warning: casting float literal to `f64` is unnecessary
    --> crates/perry-runtime/src/object/native_module/constants.rs:1297:23
     |
1297 |     ("SQLITE_DELETE", (9.0) as f64),
     |                       ^^^^^^^^^^^^ help: try: `9.0_f64`
     |
     = help: for further information visit https://rust-lang.github.io/rust-clippy/master/index.html#unnecessary_cast

warning: casting float literal to `f64` is unnecessary
    --> crates/perry-runtime/src/object/native_module/constants.rs:1298:21
     |
1298 |     ("SQLITE_DENY", (1.0) as f64),
     |                     ^^^^^^^^^^^^ help: try: `1.0_f64`
     |
     = help: for further information visit https://rust-lang.github.io/rust-clippy/master/index.html#unnecessary_cast

warning: casting float literal to `f64` is unnecessary
    --> crates/perry-runtime/src/object/native_module/constants.rs:1299:23
     |
1299 |     ("SQLITE_DETACH", (25.0) as f64),
     |                       ^^^^^^^^^^^^^ help: try: `25.0_f64`
     |
     = help: for further information visit https://rust-lang.github.io/rust-clippy/master/index.html#unnecessary_cast

warning: casting float literal to `f64` is unnecessary
    --> crates/perry-runtime/src/object/native_module/constants.rs:1300:27
     |
1300 |     ("SQLITE_DROP_INDEX", (10.0) as f64),
     |                           ^^^^^^^^^^^^^ help: try: `10.0_f64`
     |
     = help: for further information visit https://rust-lang.github.io/rust-clippy/master/index.html#unnecessary_cast

warning: casting float literal to `f64` is unnecessary
    --> crates/perry-runtime/src/object/native_module/constants.rs:1301:27
     |
1301 |     ("SQLITE_DROP_TABLE", (11.0) as f64),
     |                           ^^^^^^^^^^^^^ help: try: `11.0_f64`
     |
     = help: for further information visit https://rust-lang.github.io/rust-clippy/master/index.html#unnecessary_cast

warning: casting float literal to `f64` is unnecessary
    --> crates/perry-runtime/src/object/native_module/constants.rs:1302:32
     |
1302 |     ("SQLITE_DROP_TEMP_INDEX", (12.0) as f64),
     |                                ^^^^^^^^^^^^^ help: try: `12.0_f64`
     |
     = help: for further information visit https://rust-lang.github.io/rust-clippy/master/index.html#unnecessary_cast

warning: casting float literal to `f64` is unnecessary
    --> crates/perry-runtime/src/object/native_module/constants.rs:1303:32
     |
1303 |     ("SQLITE_DROP_TEMP_TABLE", (13.0) as f64),
     |                                ^^^^^^^^^^^^^ help: try: `13.0_f64`
     |
     = help: for further information visit https://rust-lang.github.io/rust-clippy/master/index.html#unnecessary_cast

warning: casting float literal to `f64` is unnecessary
    --> crates/perry-runtime/src/object/native_module/constants.rs:1304:34
     |
1304 |     ("SQLITE_DROP_TEMP_TRIGGER", (14.0) as f64),
     |                                  ^^^^^^^^^^^^^ help: try: `14.0_f64`
     |
     = help: for further information visit https://rust-lang.github.io/rust-clippy/master/index.html#unnecessary_cast

warning: casting float literal to `f64` is unnecessary
    --> crates/perry-runtime/src/object/native_module/constants.rs:1305:31
     |
1305 |     ("SQLITE_DROP_TEMP_VIEW", (15.0) as f64),
     |                               ^^^^^^^^^^^^^ help: try: `15.0_f64`
     |
     = help: for further information visit https://rust-lang.github.io/rust-clippy/master/index.html#unnecessary_cast

warning: casting float literal to `f64` is unnecessary
    --> crates/perry-runtime/src/object/native_module/constants.rs:1306:29
     |
1306 |     ("SQLITE_DROP_TRIGGER", (16.0) as f64),
     |                             ^^^^^^^^^^^^^ help: try: `16.0_f64`
     |
     = help: for further information visit https://rust-lang.github.io/rust-clippy/master/index.html#unnecessary_cast

warning: casting float literal to `f64` is unnecessary
    --> crates/perry-runtime/src/object/native_module/constants.rs:1307:26
     |
1307 |     ("SQLITE_DROP_VIEW", (17.0) as f64),
     |                          ^^^^^^^^^^^^^ help: try: `17.0_f64`
     |
     = help: for further information visit https://rust-lang.github.io/rust-clippy/master/index.html#unnecessary_cast

warning: casting float literal to `f64` is unnecessary
    --> crates/perry-runtime/src/object/native_module/constants.rs:1308:28
     |
1308 |     ("SQLITE_DROP_VTABLE", (30.0) as f64),
     |                            ^^^^^^^^^^^^^ help: try: `30.0_f64`
     |
     = help: for further information visit https://rust-lang.github.io/rust-clippy/master/index.html#unnecessary_cast

warning: casting float literal to `f64` is unnecessary
    --> crates/perry-runtime/src/object/native_module/constants.rs:1309:25
     |
1309 |     ("SQLITE_FUNCTION", (31.0) as f64),
     |                         ^^^^^^^^^^^^^ help: try: `31.0_f64`
     |
     = help: for further information visit https://rust-lang.github.io/rust-clippy/master/index.html#unnecessary_cast

warning: casting float literal to `f64` is unnecessary
    --> crates/perry-runtime/src/object/native_module/constants.rs:1310:23
     |
1310 |     ("SQLITE_IGNORE", (2.0) as f64),
     |                       ^^^^^^^^^^^^ help: try: `2.0_f64`
     |
     = help: for further information visit https://rust-lang.github.io/rust-clippy/master/index.html#unnecessary_cast

warning: casting float literal to `f64` is unnecessary
    --> crates/perry-runtime/src/object/native_module/constants.rs:1311:23
     |
1311 |     ("SQLITE_INSERT", (18.0) as f64),
     |                       ^^^^^^^^^^^^^ help: try: `18.0_f64`
     |
     = help: for further information visit https://rust-lang.github.io/rust-clippy/master/index.html#unnecessary_cast

warning: casting float literal to `f64` is unnecessary
    --> crates/perry-runtime/src/object/native_module/constants.rs:1312:19
     |
1312 |     ("SQLITE_OK", (0.0) as f64),
     |                   ^^^^^^^^^^^^ help: try: `0.0_f64`
     |
     = help: for further information visit https://rust-lang.github.io/rust-clippy/master/index.html#unnecessary_cast

warning: casting float literal to `f64` is unnecessary
    --> crates/perry-runtime/src/object/native_module/constants.rs:1313:23
     |
1313 |     ("SQLITE_PRAGMA", (19.0) as f64),
     |                       ^^^^^^^^^^^^^ help: try: `19.0_f64`
     |
     = help: for further information visit https://rust-lang.github.io/rust-clippy/master/index.html#unnecessary_cast

warning: casting float literal to `f64` is unnecessary
    --> crates/perry-runtime/src/object/native_module/constants.rs:1314:21
     |
1314 |     ("SQLITE_READ", (20.0) as f64),
     |                     ^^^^^^^^^^^^^ help: try: `20.0_f64`
     |
     = help: for further information visit https://rust-lang.github.io/rust-clippy/master/index.html#unnecessary_cast

warning: casting float literal to `f64` is unnecessary
    --> crates/perry-runtime/src/object/native_module/constants.rs:1315:26
     |
1315 |     ("SQLITE_RECURSIVE", (33.0) as f64),
     |                          ^^^^^^^^^^^^^ help: try: `33.0_f64`
     |
     = help: for further information visit https://rust-lang.github.io/rust-clippy/master/index.html#unnecessary_cast

warning: casting float literal to `f64` is unnecessary
    --> crates/perry-runtime/src/object/native_module/constants.rs:1316:24
     |
1316 |     ("SQLITE_REINDEX", (27.0) as f64),
     |                        ^^^^^^^^^^^^^ help: try: `27.0_f64`
     |
     = help: for further information visit https://rust-lang.github.io/rust-clippy/master/index.html#unnecessary_cast

warning: casting float literal to `f64` is unnecessary
    --> crates/perry-runtime/src/object/native_module/constants.rs:1317:26
     |
1317 |     ("SQLITE_SAVEPOINT", (32.0) as f64),
     |                          ^^^^^^^^^^^^^ help: try: `32.0_f64`
     |
     = help: for further information visit https://rust-lang.github.io/rust-clippy/master/index.html#unnecessary_cast

warning: casting float literal to `f64` is unnecessary
    --> crates/perry-runtime/src/object/native_module/constants.rs:1318:23
     |
1318 |     ("SQLITE_SELECT", (21.0) as f64),
     |                       ^^^^^^^^^^^^^ help: try: `21.0_f64`
     |
     = help: for further information visit https://rust-lang.github.io/rust-clippy/master/index.html#unnecessary_cast

warning: casting float literal to `f64` is unnecessary
    --> crates/perry-runtime/src/object/native_module/constants.rs:1319:28
     |
1319 |     ("SQLITE_TRANSACTION", (22.0) as f64),
     |                            ^^^^^^^^^^^^^ help: try: `22.0_f64`
     |
     = help: for further information visit https://rust-lang.github.io/rust-clippy/master/index.html#unnecessary_cast

warning: casting float literal to `f64` is unnecessary
    --> crates/perry-runtime/src/object/native_module/constants.rs:1320:23
     |
1320 |     ("SQLITE_UPDATE", (23.0) as f64),
     |                       ^^^^^^^^^^^^^ help: try: `23.0_f64`
     |
     = help: for further information visit https://rust-lang.github.io/rust-clippy/master/index.html#unnecessary_cast

warning: casting float literal to `f64` is unnecessary
   --> crates/perry-runtime/src/object/native_module/constants_tables.rs:440:30
    |
440 |     ("DH_CHECK_P_NOT_PRIME", (1.0) as f64),
    |                              ^^^^^^^^^^^^ help: try: `1.0_f64`
    |
    = help: for further information visit https://rust-lang.github.io/rust-clippy/master/index.html#unnecessary_cast

warning: casting float literal to `f64` is unnecessary
   --> crates/perry-runtime/src/object/native_module/constants_tables.rs:441:35
    |
441 |     ("DH_CHECK_P_NOT_SAFE_PRIME", (2.0) as f64),
    |                                   ^^^^^^^^^^^^ help: try: `2.0_f64`
    |
    = help: for further information visit https://rust-lang.github.io/rust-clippy/master/index.html#unnecessary_cast

warning: casting float literal to `f64` is unnecessary
   --> crates/perry-runtime/src/object/native_module/constants_tables.rs:442:35
    |
442 |     ("DH_NOT_SUITABLE_GENERATOR", (8.0) as f64),
    |                                   ^^^^^^^^^^^^ help: try: `8.0_f64`
    |
    = help: for further information visit https://rust-lang.github.io/rust-clippy/master/index.html#unnecessary_cast

warning: casting float literal to `f64` is unnecessary
   --> crates/perry-runtime/src/object/native_module/constants_tables.rs:443:38
    |
443 |     ("DH_UNABLE_TO_CHECK_GENERATOR", (4.0) as f64),
    |                                      ^^^^^^^^^^^^ help: try: `4.0_f64`
    |
    = help: for further information visit https://rust-lang.github.io/rust-clippy/master/index.html#unnecessary_cast

warning: casting float literal to `f64` is unnecessary
   --> crates/perry-runtime/src/object/native_module/constants_tables.rs:444:27
    |
444 |     ("ENGINE_METHOD_ALL", (65535.0) as f64),
    |                           ^^^^^^^^^^^^^^^^ help: try: `65535.0_f64`
    |
    = help: for further information visit https://rust-lang.github.io/rust-clippy/master/index.html#unnecessary_cast

warning: casting float literal to `f64` is unnecessary
   --> crates/perry-runtime/src/object/native_module/constants_tables.rs:445:31
    |
445 |     ("ENGINE_METHOD_CIPHERS", (64.0) as f64),
    |                               ^^^^^^^^^^^^^ help: try: `64.0_f64`
    |
    = help: for further information visit https://rust-lang.github.io/rust-clippy/master/index.html#unnecessary_cast

warning: casting float literal to `f64` is unnecessary
   --> crates/perry-runtime/src/object/native_module/constants_tables.rs:446:26
    |
446 |     ("ENGINE_METHOD_DH", (4.0) as f64),
    |                          ^^^^^^^^^^^^ help: try: `4.0_f64`
    |
    = help: for further information visit https://rust-lang.github.io/rust-clippy/master/index.html#unnecessary_cast

warning: casting float literal to `f64` is unnecessary
   --> crates/perry-runtime/src/object/native_module/constants_tables.rs:447:31
    |
447 |     ("ENGINE_METHOD_DIGESTS", (128.0) as f64),
    |                               ^^^^^^^^^^^^^^ help: try: `128.0_f64`
    |
    = help: for further information visit https://rust-lang.github.io/rust-clippy/master/index.html#unnecessary_cast

warning: casting float literal to `f64` is unnecessary
   --> crates/perry-runtime/src/object/native_module/constants_tables.rs:448:27
    |
448 |     ("ENGINE_METHOD_DSA", (2.0) as f64),
    |                           ^^^^^^^^^^^^ help: try: `2.0_f64`
    |
    = help: for further information visit https://rust-lang.github.io/rust-clippy/master/index.html#unnecessary_cast

warning: casting float literal to `f64` is unnecessary
   --> crates/perry-runtime/src/object/native_module/constants_tables.rs:449:26
    |
449 |     ("ENGINE_METHOD_EC", (2048.0) as f64),
    |                          ^^^^^^^^^^^^^^^ help: try: `2048.0_f64`
    |
    = help: for further information visit https://rust-lang.github.io/rust-clippy/master/index.html#unnecessary_cast

warning: casting float literal to `f64` is unnecessary
   --> crates/perry-runtime/src/object/native_module/constants_tables.rs:450:28
    |
450 |     ("ENGINE_METHOD_NONE", (0.0) as f64),
    |                            ^^^^^^^^^^^^ help: try: `0.0_f64`
    |
    = help: for further information visit https://rust-lang.github.io/rust-clippy/master/index.html#unnecessary_cast

warning: casting float literal to `f64` is unnecessary
   --> crates/perry-runtime/src/object/native_module/constants_tables.rs:451:39
    |
451 |     ("ENGINE_METHOD_PKEY_ASN1_METHS", (1024.0) as f64),
    |                                       ^^^^^^^^^^^^^^^ help: try: `1024.0_f64`
    |
    = help: for further information visit https://rust-lang.github.io/rust-clippy/master/index.html#unnecessary_cast

warning: casting float literal to `f64` is unnecessary
   --> crates/perry-runtime/src/object/native_module/constants_tables.rs:452:34
    |
452 |     ("ENGINE_METHOD_PKEY_METHS", (512.0) as f64),
    |                                  ^^^^^^^^^^^^^^ help: try: `512.0_f64`
    |
    = help: for further information visit https://rust-lang.github.io/rust-clippy/master/index.html#unnecessary_cast

warning: casting float literal to `f64` is unnecessary
   --> crates/perry-runtime/src/object/native_module/constants_tables.rs:453:28
    |
453 |     ("ENGINE_METHOD_RAND", (8.0) as f64),
    |                            ^^^^^^^^^^^^ help: try: `8.0_f64`
    |
    = help: for further information visit https://rust-lang.github.io/rust-clippy/master/index.html#unnecessary_cast

warning: casting float literal to `f64` is unnecessary
   --> crates/perry-runtime/src/object/native_module/constants_tables.rs:454:27
    |
454 |     ("ENGINE_METHOD_RSA", (1.0) as f64),
    |                           ^^^^^^^^^^^^ help: try: `1.0_f64`
    |
    = help: for further information visit https://rust-lang.github.io/rust-clippy/master/index.html#unnecessary_cast

warning: casting float literal to `f64` is unnecessary
   --> crates/perry-runtime/src/object/native_module/constants_tables.rs:455:32
    |
455 |     ("OPENSSL_VERSION_NUMBER", (811597840.0) as f64),
    |                                ^^^^^^^^^^^^^^^^^^^^ help: try: `811597840.0_f64`
    |
    = help: for further information visit https://rust-lang.github.io/rust-clippy/master/index.html#unnecessary_cast

warning: casting float literal to `f64` is unnecessary
   --> crates/perry-runtime/src/object/native_module/constants_tables.rs:456:37
    |
456 |     ("POINT_CONVERSION_COMPRESSED", (2.0) as f64),
    |                                     ^^^^^^^^^^^^ help: try: `2.0_f64`
    |
    = help: for further information visit https://rust-lang.github.io/rust-clippy/master/index.html#unnecessary_cast

warning: casting float literal to `f64` is unnecessary
   --> crates/perry-runtime/src/object/native_module/constants_tables.rs:457:33
    |
457 |     ("POINT_CONVERSION_HYBRID", (6.0) as f64),
    |                                 ^^^^^^^^^^^^ help: try: `6.0_f64`
    |
    = help: for further information visit https://rust-lang.github.io/rust-clippy/master/index.html#unnecessary_cast

warning: casting float literal to `f64` is unnecessary
   --> crates/perry-runtime/src/object/native_module/constants_tables.rs:458:39
    |
458 |     ("POINT_CONVERSION_UNCOMPRESSED", (4.0) as f64),
    |                                       ^^^^^^^^^^^^ help: try: `4.0_f64`
    |
    = help: for further information visit https://rust-lang.github.io/rust-clippy/master/index.html#unnecessary_cast

warning: casting float literal to `f64` is unnecessary
   --> crates/perry-runtime/src/object/native_module/constants_tables.rs:459:24
    |
459 |     ("RSA_NO_PADDING", (3.0) as f64),
    |                        ^^^^^^^^^^^^ help: try: `3.0_f64`
    |
    = help: for further information visit https://rust-lang.github.io/rust-clippy/master/index.html#unnecessary_cast

warning: casting float literal to `f64` is unnecessary
   --> crates/perry-runtime/src/object/native_module/constants_tables.rs:460:32
    |
460 |     ("RSA_PKCS1_OAEP_PADDING", (4.0) as f64),
    |                                ^^^^^^^^^^^^ help: try: `4.0_f64`
    |
    = help: for further information visit https://rust-lang.github.io/rust-clippy/master/index.html#unnecessary_cast

warning: casting float literal to `f64` is unnecessary
   --> crates/perry-runtime/src/object/native_module/constants_tables.rs:461:27
    |
461 |     ("RSA_PKCS1_PADDING", (1.0) as f64),
    |                           ^^^^^^^^^^^^ help: try: `1.0_f64`
    |
    = help: for further information visit https://rust-lang.github.io/rust-clippy/master/index.html#unnecessary_cast

warning: casting float literal to `f64` is unnecessary
   --> crates/perry-runtime/src/object/native_module/constants_tables.rs:462:31
    |
462 |     ("RSA_PKCS1_PSS_PADDING", (6.0) as f64),
    |                               ^^^^^^^^^^^^ help: try: `6.0_f64`
    |
    = help: for further information visit https://rust-lang.github.io/rust-clippy/master/index.html#unnecessary_cast

warning: casting float literal to `f64` is unnecessary
   --> crates/perry-runtime/src/object/native_module/constants_tables.rs:463:30
    |
463 |     ("RSA_PSS_SALTLEN_AUTO", (-2.0) as f64),
    |                              ^^^^^^^^^^^^^ help: try: `-2.0_f64`
    |
    = help: for further information visit https://rust-lang.github.io/rust-clippy/master/index.html#unnecessary_cast

warning: casting float literal to `f64` is unnecessary
   --> crates/perry-runtime/src/object/native_module/constants_tables.rs:464:32
    |
464 |     ("RSA_PSS_SALTLEN_DIGEST", (-1.0) as f64),
    |                                ^^^^^^^^^^^^^ help: try: `-1.0_f64`
    |
    = help: for further information visit https://rust-lang.github.io/rust-clippy/master/index.html#unnecessary_cast

warning: casting float literal to `f64` is unnecessary
   --> crates/perry-runtime/src/object/native_module/constants_tables.rs:465:34
    |
465 |     ("RSA_PSS_SALTLEN_MAX_SIGN", (-2.0) as f64),
    |                                  ^^^^^^^^^^^^^ help: try: `-2.0_f64`
    |
    = help: for further information visit https://rust-lang.github.io/rust-clippy/master/index.html#unnecessary_cast

warning: casting float literal to `f64` is unnecessary
   --> crates/perry-runtime/src/object/native_module/constants_tables.rs:466:26
    |
466 |     ("RSA_X931_PADDING", (5.0) as f64),
    |                          ^^^^^^^^^^^^ help: try: `5.0_f64`
    |
    = help: for further information visit https://rust-lang.github.io/rust-clippy/master/index.html#unnecessary_cast

warning: casting float literal to `f64` is unnecessary
   --> crates/perry-runtime/src/object/native_module/constants_tables.rs:467:20
    |
467 |     ("SSL_OP_ALL", (2147485776.0) as f64),
    |                    ^^^^^^^^^^^^^^^^^^^^^ help: try: `2147485776.0_f64`
    |
    = help: for further information visit https://rust-lang.github.io/rust-clippy/master/index.html#unnecessary_cast

warning: casting float literal to `f64` is unnecessary
   --> crates/perry-runtime/src/object/native_module/constants_tables.rs:468:33
    |
468 |     ("SSL_OP_ALLOW_NO_DHE_KEX", (1024.0) as f64),
    |                                 ^^^^^^^^^^^^^^^ help: try: `1024.0_f64`
    |
    = help: for further information visit https://rust-lang.github.io/rust-clippy/master/index.html#unnecessary_cast

warning: casting float literal to `f64` is unnecessary
   --> crates/perry-runtime/src/object/native_module/constants_tables.rs:471:9
    |
471 |         (262144.0) as f64,
    |         ^^^^^^^^^^^^^^^^^ help: try: `262144.0_f64`
    |
    = help: for further information visit https://rust-lang.github.io/rust-clippy/master/index.html#unnecessary_cast

warning: casting float literal to `f64` is unnecessary
   --> crates/perry-runtime/src/object/native_module/constants_tables.rs:473:41
    |
473 |     ("SSL_OP_CIPHER_SERVER_PREFERENCE", (4194304.0) as f64),
    |                                         ^^^^^^^^^^^^^^^^^^ help: try: `4194304.0_f64`
    |
    = help: for further information visit https://rust-lang.github.io/rust-clippy/master/index.html#unnecessary_cast

warning: casting float literal to `f64` is unnecessary
   --> crates/perry-runtime/src/object/native_module/constants_tables.rs:474:33
    |
474 |     ("SSL_OP_CISCO_ANYCONNECT", (32768.0) as f64),
    |                                 ^^^^^^^^^^^^^^^^ help: try: `32768.0_f64`
    |
    = help: for further information visit https://rust-lang.github.io/rust-clippy/master/index.html#unnecessary_cast

warning: casting float literal to `f64` is unnecessary
   --> crates/perry-runtime/src/object/native_module/constants_tables.rs:475:32
    |
475 |     ("SSL_OP_COOKIE_EXCHANGE", (8192.0) as f64),
    |                                ^^^^^^^^^^^^^^^ help: try: `8192.0_f64`
    |
    = help: for further information visit https://rust-lang.github.io/rust-clippy/master/index.html#unnecessary_cast

warning: casting float literal to `f64` is unnecessary
   --> crates/perry-runtime/src/object/native_module/constants_tables.rs:476:37
    |
476 |     ("SSL_OP_CRYPTOPRO_TLSEXT_BUG", (2147483648.0) as f64),
    |                                     ^^^^^^^^^^^^^^^^^^^^^ help: try: `2147483648.0_f64`
    |
    = help: for further information visit https://rust-lang.github.io/rust-clippy/master/index.html#unnecessary_cast

warning: casting float literal to `f64` is unnecessary
   --> crates/perry-runtime/src/object/native_module/constants_tables.rs:477:44
    |
477 |     ("SSL_OP_DONT_INSERT_EMPTY_FRAGMENTS", (2048.0) as f64),
    |                                            ^^^^^^^^^^^^^^^ help: try: `2048.0_f64`
    |
    = help: for further information visit https://rust-lang.github.io/rust-clippy/master/index.html#unnecessary_cast

warning: casting float literal to `f64` is unnecessary
   --> crates/perry-runtime/src/object/native_module/constants_tables.rs:478:38
    |
478 |     ("SSL_OP_LEGACY_SERVER_CONNECT", (4.0) as f64),
    |                                      ^^^^^^^^^^^^ help: try: `4.0_f64`
    |
    = help: for further information visit https://rust-lang.github.io/rust-clippy/master/index.html#unnecessary_cast

warning: casting float literal to `f64` is unnecessary
   --> crates/perry-runtime/src/object/native_module/constants_tables.rs:479:31
    |
479 |     ("SSL_OP_NO_COMPRESSION", (131072.0) as f64),
    |                               ^^^^^^^^^^^^^^^^^ help: try: `131072.0_f64`
    |
    = help: for further information visit https://rust-lang.github.io/rust-clippy/master/index.html#unnecessary_cast

warning: casting float literal to `f64` is unnecessary
   --> crates/perry-runtime/src/object/native_module/constants_tables.rs:480:36
    |
480 |     ("SSL_OP_NO_ENCRYPT_THEN_MAC", (524288.0) as f64),
    |                                    ^^^^^^^^^^^^^^^^^ help: try: `524288.0_f64`
    |
    = help: for further information visit https://rust-lang.github.io/rust-clippy/master/index.html#unnecessary_cast

warning: casting float literal to `f64` is unnecessary
   --> crates/perry-runtime/src/object/native_module/constants_tables.rs:481:29
    |
481 |     ("SSL_OP_NO_QUERY_MTU", (4096.0) as f64),
    |                             ^^^^^^^^^^^^^^^ help: try: `4096.0_f64`
    |
    = help: for further information visit https://rust-lang.github.io/rust-clippy/master/index.html#unnecessary_cast

warning: casting float literal to `f64` is unnecessary
   --> crates/perry-runtime/src/object/native_module/constants_tables.rs:482:33
    |
482 |     ("SSL_OP_NO_RENEGOTIATION", (1073741824.0) as f64),
    |                                 ^^^^^^^^^^^^^^^^^^^^^ help: try: `1073741824.0_f64`
    |
    = help: for further information visit https://rust-lang.github.io/rust-clippy/master/index.html#unnecessary_cast

warning: casting float literal to `f64` is unnecessary
   --> crates/perry-runtime/src/object/native_module/constants_tables.rs:485:9
    |
485 |         (65536.0) as f64,
    |         ^^^^^^^^^^^^^^^^ help: try: `65536.0_f64`
    |
    = help: for further information visit https://rust-lang.github.io/rust-clippy/master/index.html#unnecessary_cast

warning: casting float literal to `f64` is unnecessary
   --> crates/perry-runtime/src/object/native_module/constants_tables.rs:487:25
    |
487 |     ("SSL_OP_NO_SSLv2", (0.0) as f64),
    |                         ^^^^^^^^^^^^ help: try: `0.0_f64`
    |
    = help: for further information visit https://rust-lang.github.io/rust-clippy/master/index.html#unnecessary_cast

warning: casting float literal to `f64` is unnecessary
   --> crates/perry-runtime/src/object/native_module/constants_tables.rs:488:25
    |
488 |     ("SSL_OP_NO_SSLv3", (33554432.0) as f64),
    |                         ^^^^^^^^^^^^^^^^^^^ help: try: `33554432.0_f64`
    |
    = help: for further information visit https://rust-lang.github.io/rust-clippy/master/index.html#unnecessary_cast

warning: casting float literal to `f64` is unnecessary
   --> crates/perry-runtime/src/object/native_module/constants_tables.rs:489:26
    |
489 |     ("SSL_OP_NO_TICKET", (16384.0) as f64),
    |                          ^^^^^^^^^^^^^^^^ help: try: `16384.0_f64`
    |
    = help: for further information visit https://rust-lang.github.io/rust-clippy/master/index.html#unnecessary_cast

warning: casting float literal to `f64` is unnecessary
   --> crates/perry-runtime/src/object/native_module/constants_tables.rs:490:25
    |
490 |     ("SSL_OP_NO_TLSv1", (67108864.0) as f64),
    |                         ^^^^^^^^^^^^^^^^^^^ help: try: `67108864.0_f64`
    |
    = help: for further information visit https://rust-lang.github.io/rust-clippy/master/index.html#unnecessary_cast

warning: casting float literal to `f64` is unnecessary
   --> crates/perry-runtime/src/object/native_module/constants_tables.rs:491:27
    |
491 |     ("SSL_OP_NO_TLSv1_1", (268435456.0) as f64),
    |                           ^^^^^^^^^^^^^^^^^^^^ help: try: `268435456.0_f64`
    |
    = help: for further information visit https://rust-lang.github.io/rust-clippy/master/index.html#unnecessary_cast

warning: casting float literal to `f64` is unnecessary
   --> crates/perry-runtime/src/object/native_module/constants_tables.rs:492:27
    |
492 |     ("SSL_OP_NO_TLSv1_2", (134217728.0) as f64),
    |                           ^^^^^^^^^^^^^^^^^^^^ help: try: `134217728.0_f64`
    |
    = help: for further information visit https://rust-lang.github.io/rust-clippy/master/index.html#unnecessary_cast

warning: casting float literal to `f64` is unnecessary
   --> crates/perry-runtime/src/object/native_module/constants_tables.rs:493:27
    |
493 |     ("SSL_OP_NO_TLSv1_3", (536870912.0) as f64),
    |                           ^^^^^^^^^^^^^^^^^^^^ help: try: `536870912.0_f64`
    |
    = help: for further information visit https://rust-lang.github.io/rust-clippy/master/index.html#unnecessary_cast

warning: casting float literal to `f64` is unnecessary
   --> crates/perry-runtime/src/object/native_module/constants_tables.rs:494:34
    |
494 |     ("SSL_OP_PRIORITIZE_CHACHA", (2097152.0) as f64),
    |                                  ^^^^^^^^^^^^^^^^^^ help: try: `2097152.0_f64`
    |
    = help: for further information visit https://rust-lang.github.io/rust-clippy/master/index.html#unnecessary_cast

warning: casting float literal to `f64` is unnecessary
   --> crates/perry-runtime/src/object/native_module/constants_tables.rs:495:33
    |
495 |     ("SSL_OP_TLS_ROLLBACK_BUG", (8388608.0) as f64),
    |                                 ^^^^^^^^^^^^^^^^^^ help: try: `8388608.0_f64`
    |
    = help: for further information visit https://rust-lang.github.io/rust-clippy/master/index.html#unnecessary_cast

warning: casting float literal to `f64` is unnecessary
   --> crates/perry-runtime/src/object/native_module/constants_tables.rs:496:24
    |
496 |     ("TLS1_1_VERSION", (770.0) as f64),
    |                        ^^^^^^^^^^^^^^ help: try: `770.0_f64`
    |
    = help: for further information visit https://rust-lang.github.io/rust-clippy/master/index.html#unnecessary_cast

warning: casting float literal to `f64` is unnecessary
   --> crates/perry-runtime/src/object/native_module/constants_tables.rs:497:24
    |
497 |     ("TLS1_2_VERSION", (771.0) as f64),
    |                        ^^^^^^^^^^^^^^ help: try: `771.0_f64`
    |
    = help: for further information visit https://rust-lang.github.io/rust-clippy/master/index.html#unnecessary_cast

warning: casting float literal to `f64` is unnecessary
   --> crates/perry-runtime/src/object/native_module/constants_tables.rs:498:24
    |
498 |     ("TLS1_3_VERSION", (772.0) as f64),
    |                        ^^^^^^^^^^^^^^ help: try: `772.0_f64`
    |
    = help: for further information visit https://rust-lang.github.io/rust-clippy/master/index.html#unnecessary_cast

warning: casting float literal to `f64` is unnecessary
   --> crates/perry-runtime/src/object/native_module/constants_tables.rs:499:22
    |
499 |     ("TLS1_VERSION", (769.0) as f64),
    |                      ^^^^^^^^^^^^^^ help: try: `769.0_f64`
    |
    = help: for further information visit https://rust-lang.github.io/rust-clippy/master/index.html#unnecessary_cast

warning: unsafe function's docs are missing a `# Safety` section
   --> crates/perry-runtime/src/object/native_module.rs:866:1
    |
866 | / pub unsafe extern "C" fn js_native_module_property_by_name(
867 | |     module_name_ptr: *const u8,
868 | |     module_name_len: usize,
869 | |     property_name_ptr: *const u8,
870 | |     property_name_len: usize,
871 | | ) -> f64 {
    | |________^
    |
    = help: for further information visit https://rust-lang.github.io/rust-clippy/master/index.html#missing_safety_doc

warning: very complex type used. Consider factoring parts into `type` definitions
  --> crates/perry-runtime/src/object/native_module/class_method_values.rs:96:36
   |
96 | static CLASS_METHOD_NAME_INTERNER: OnceLock<RwLock<HashMap<(u32, String), &'static [u8]>>> =
   |                                    ^^^^^^^^^^^^^^^^^^^^^^^^^^^^^^^^^^^^^^^^^^^^^^^^^^^^^^^
   |
   = help: for further information visit https://rust-lang.github.io/rust-clippy/master/index.html#type_complexity

warning: manual checked division
  --> crates/perry-runtime/src/object/native_module_crypto_random.rs:82:26
   |
82 |             let len = if elem_size == 0 {
   |                          ^^^^^^^^^^^^^^ check performed here
...
85 |                 data.len() / elem_size
   |                 ---------------------- division performed here
   |
   = help: consider using `checked_div`
   = help: for further information visit https://rust-lang.github.io/rust-clippy/master/index.html#manual_checked_ops

warning: manually constructing a nul-terminated string
  --> crates/perry-runtime/src/object/native_module_stream.rs:35:9
   |
35 |         b"constructor\0".as_ptr(),
   |         ^^^^^^^^^^^^^^^^ help: use a `c""` literal: `c"constructor"`
   |
   = note: an additional cast may be needed, since the type of `c"".as_ptr()` and `b"".as_ptr()` can differ and is platform dependent
   = help: for further information visit https://rust-lang.github.io/rust-clippy/master/index.html#manual_c_str_literals

warning: manually constructing a nul-terminated string
  --> crates/perry-runtime/src/object/native_module_stream.rs:82:9
   |
82 |         b"constructor\0".as_ptr(),
   |         ^^^^^^^^^^^^^^^^ help: use a `c""` literal: `c"constructor"`
   |
   = note: an additional cast may be needed, since the type of `c"".as_ptr()` and `b"".as_ptr()` can differ and is platform dependent
   = help: for further information visit https://rust-lang.github.io/rust-clippy/master/index.html#manual_c_str_literals

warning: unsafe function's docs are missing a `# Safety` section
  --> crates/perry-runtime/src/object/object_literal_ops.rs:57:1
   |
57 | pub unsafe extern "C" fn js_object_literal_to_property_key(key_value: f64) -> f64 {
   | ^^^^^^^^^^^^^^^^^^^^^^^^^^^^^^^^^^^^^^^^^^^^^^^^^^^^^^^^^^^^^^^^^^^^^^^^^^^^^^^^^
   |
   = help: for further information visit https://rust-lang.github.io/rust-clippy/master/index.html#missing_safety_doc

warning: unsafe function's docs are missing a `# Safety` section
  --> crates/perry-runtime/src/object/object_literal_ops.rs:69:1
   |
69 | / pub unsafe extern "C" fn js_object_literal_set_computed(
70 | |     obj_value: f64,
71 | |     key_value: f64,
72 | |     value: f64,
73 | | ) -> f64 {
   | |________^
   |
   = help: for further information visit https://rust-lang.github.io/rust-clippy/master/index.html#missing_safety_doc

warning: unsafe function's docs are missing a `# Safety` section
   --> crates/perry-runtime/src/object/object_literal_ops.rs:115:1
    |
115 | pub unsafe extern "C" fn js_object_literal_set_prototype(obj_value: f64, proto_value: f64) -> f64 {
    | ^^^^^^^^^^^^^^^^^^^^^^^^^^^^^^^^^^^^^^^^^^^^^^^^^^^^^^^^^^^^^^^^^^^^^^^^^^^^^^^^^^^^^^^^^^^^^^^^^
    |
    = help: for further information visit https://rust-lang.github.io/rust-clippy/master/index.html#missing_safety_doc

warning: this method chain can be written more clearly with `if .. else ..`
   --> crates/perry-runtime/src/object/object_ops/define_property.rs:565:25
    |
565 | /                         (!field.is_undefined())
566 | |                             .then(|| {
567 | |                                 crate::closure::clone_closure_rebind_this(
568 | |                                     field.bits(),
...   |
571 | |                             })
572 | |                             .unwrap_or(0)
    | |_________________________________________^
    |
    = help: for further information visit https://rust-lang.github.io/rust-clippy/master/index.html#obfuscated_if_else
help: try
    |
565 ~                         if !field.is_undefined() { {
566 +                                 crate::closure::clone_closure_rebind_this(
567 +                                     field.bits(),
568 +                                     current_obj(),
569 +                                 )
570 +                             } } else { 0 }
    |

warning: this method chain can be written more clearly with `if .. else ..`
   --> crates/perry-runtime/src/object/object_ops/define_property.rs:578:25
    |
578 | /                         (!field.is_undefined())
579 | |                             .then(|| {
580 | |                                 crate::closure::clone_closure_rebind_this(
581 | |                                     field.bits(),
...   |
584 | |                             })
585 | |                             .unwrap_or(0)
    | |_________________________________________^
    |
    = help: for further information visit https://rust-lang.github.io/rust-clippy/master/index.html#obfuscated_if_else
help: try
    |
578 ~                         if !field.is_undefined() { {
579 +                                 crate::closure::clone_closure_rebind_this(
580 +                                     field.bits(),
581 +                                     current_obj(),
582 +                                 )
583 +                             } } else { 0 }
    |

warning: this method chain can be written more clearly with `if .. else ..`
   --> crates/perry-runtime/src/object/object_ops/define_property.rs:837:25
    |
837 | /                         (get_field.get_nanbox_u64() != crate::value::TAG_UNDEFINED)
838 | |                             .then(|| get_field.get_nanbox_u64())
839 | |                             .unwrap_or(0)
    | |_________________________________________^ help: try: `if get_field.get_nanbox_u64() != crate::value::TAG_UNDEFINED { get_field.get_nanbox_u64() } else { 0 }`
    |
    = help: for further information visit https://rust-lang.github.io/rust-clippy/master/index.html#obfuscated_if_else

warning: this method chain can be written more clearly with `if .. else ..`
   --> crates/perry-runtime/src/object/object_ops/define_property.rs:842:25
    |
842 | /                         (set_field.get_nanbox_u64() != crate::value::TAG_UNDEFINED)
843 | |                             .then(|| set_field.get_nanbox_u64())
844 | |                             .unwrap_or(0)
    | |_________________________________________^ help: try: `if set_field.get_nanbox_u64() != crate::value::TAG_UNDEFINED { set_field.get_nanbox_u64() } else { 0 }`
    |
    = help: for further information visit https://rust-lang.github.io/rust-clippy/master/index.html#obfuscated_if_else

warning: doc list item overindented
   --> crates/perry-runtime/src/object/object_ops/descriptor_helpers.rs:535:5
    |
535 | ///       `Cannot define property <k>, object is not extensible`
    |     ^^^^^^ help: try using `    ` (4 spaces)
    |
    = help: for further information visit https://rust-lang.github.io/rust-clippy/master/index.html#doc_overindented_list_items

warning: doc list item overindented
   --> crates/perry-runtime/src/object/object_ops/descriptor_helpers.rs:540:5
    |
540 | ///       `Cannot redefine property: <k>`
    |     ^^^^^^ help: try using `    ` (4 spaces)
    |
    = help: for further information visit https://rust-lang.github.io/rust-clippy/master/index.html#doc_overindented_list_items

warning: casting to the same type is unnecessary (`usize` -> `usize`)
   --> crates/perry-runtime/src/object/object_ops/descriptor_helpers.rs:805:21
    |
805 |         let count = crate::array::keys_array_len_capped_to_capacity(keys) as usize;
    |                     ^^^^^^^^^^^^^^^^^^^^^^^^^^^^^^^^^^^^^^^^^^^^^^^^^^^^^^^^^^^^^^ help: try: `crate::array::keys_array_len_capped_to_capacity(keys)`
    |
    = help: for further information visit https://rust-lang.github.io/rust-clippy/master/index.html#unnecessary_cast

warning: casting raw pointers to the same type and constness is unnecessary (`*mut array::header::ArrayHeader` -> `*mut array::header::ArrayHeader`)
   --> crates/perry-runtime/src/object/object_ops/from_entries.rs:185:49
    |
185 |         let arr_handle = scope.root_raw_mut_ptr(arr_ptr as *mut crate::array::ArrayHeader);
    |                                                 ^^^^^^^^^^^^^^^^^^^^^^^^^^^^^^^^^^^^^^^^^ help: try: `arr_ptr`
    |
    = help: for further information visit https://rust-lang.github.io/rust-clippy/master/index.html#unnecessary_cast

warning: this `if` has identical blocks
   --> crates/perry-runtime/src/object/object_ops/has_own.rs:222:82
    |
222 |                       if super::super::field_get_set::is_internal_runtime_key(key) {
    |  __________________________________________________________________________________^
223 | |                         false
224 | |                     } else if super::super::class_registry::class_is_key_deleted(class_id, key) {
    | |_____________________^
    |
note: same as this
   --> crates/perry-runtime/src/object/object_ops/has_own.rs:224:97
    |
224 |                       } else if super::super::class_registry::class_is_key_deleted(class_id, key) {
    |  _________________________________________________________________________________________________^
225 | |                         false
226 | |                     } else if matches!(key, "length" | "prototype") {
    | |_____________________^
    = help: for further information visit https://rust-lang.github.io/rust-clippy/master/index.html#if_same_then_else

warning: doc list item without indentation
   --> crates/perry-runtime/src/object/object_ops/prototype.rs:186:5
    |
186 | /// Refs #420 / #618 followup.
    |     ^
    |
    = help: if this is supposed to be its own paragraph, add a blank line
    = help: for further information visit https://rust-lang.github.io/rust-clippy/master/index.html#doc_lazy_continuation
help: indent this line
    |
186 | ///   Refs #420 / #618 followup.
    |     ++

warning: unsafe function's docs are missing a `# Safety` section
  --> crates/perry-runtime/src/object/property_key.rs:14:1
   |
14 | pub unsafe extern "C" fn js_to_property_key(value: f64) -> f64 {
   | ^^^^^^^^^^^^^^^^^^^^^^^^^^^^^^^^^^^^^^^^^^^^^^^^^^^^^^^^^^^^^^
   |
   = help: for further information visit https://rust-lang.github.io/rust-clippy/master/index.html#missing_safety_doc

warning: unsafe function's docs are missing a `# Safety` section
   --> crates/perry-runtime/src/object/property_key.rs:154:1
    |
154 | / pub unsafe extern "C" fn js_object_set_property_key(
155 | |     obj_value: f64,
156 | |     key_value: f64,
157 | |     value: f64,
158 | | ) -> f64 {
    | |________^
    |
    = help: for further information visit https://rust-lang.github.io/rust-clippy/master/index.html#missing_safety_doc

warning: unsafe function's docs are missing a `# Safety` section
   --> crates/perry-runtime/src/object/property_key.rs:217:1
    |
217 | pub unsafe extern "C" fn js_object_get_property_key(obj_value: f64, key_value: f64) -> f64 {
    | ^^^^^^^^^^^^^^^^^^^^^^^^^^^^^^^^^^^^^^^^^^^^^^^^^^^^^^^^^^^^^^^^^^^^^^^^^^^^^^^^^^^^^^^^^^
    |
    = help: for further information visit https://rust-lang.github.io/rust-clippy/master/index.html#missing_safety_doc

warning: unsafe function's docs are missing a `# Safety` section
   --> crates/perry-runtime/src/object/property_key.rs:264:1
    |
264 | / pub unsafe extern "C" fn js_object_set_property_key_method(
265 | |     obj_value: f64,
266 | |     key_value: f64,
267 | |     closure: f64,
268 | | ) -> f64 {
    | |________^
    |
    = help: for further information visit https://rust-lang.github.io/rust-clippy/master/index.html#missing_safety_doc

warning: unsafe function's docs are missing a `# Safety` section
   --> crates/perry-runtime/src/object/property_key.rs:320:1
    |
320 | pub unsafe extern "C" fn js_object_super_get(home: f64, key_value: f64, _receiver: f64) -> f64 {
    | ^^^^^^^^^^^^^^^^^^^^^^^^^^^^^^^^^^^^^^^^^^^^^^^^^^^^^^^^^^^^^^^^^^^^^^^^^^^^^^^^^^^^^^^^^^^^^^
    |
    = help: for further information visit https://rust-lang.github.io/rust-clippy/master/index.html#missing_safety_doc

warning: unsafe function's docs are missing a `# Safety` section
   --> crates/perry-runtime/src/object/property_key.rs:334:1
    |
334 | / pub unsafe extern "C" fn js_super_accessor_get(
335 | |     parent_class_id: u32,
336 | |     key: f64,
337 | |     receiver: f64,
338 | | ) -> f64 {
    | |________^
    |
    = help: for further information visit https://rust-lang.github.io/rust-clippy/master/index.html#missing_safety_doc

warning: unsafe function's docs are missing a `# Safety` section
   --> crates/perry-runtime/src/object/property_key.rs:522:1
    |
522 | / pub unsafe extern "C" fn js_object_super_put_value_set(
523 | |     home: f64,
524 | |     key_value: f64,
525 | |     value: f64,
526 | |     receiver: f64,
527 | |     strict: i32,
528 | | ) -> f64 {
    | |________^
    |
    = help: for further information visit https://rust-lang.github.io/rust-clippy/master/index.html#missing_safety_doc

warning: unsafe function's docs are missing a `# Safety` section
   --> crates/perry-runtime/src/object/property_key.rs:551:1
    |
551 | / pub unsafe extern "C" fn js_object_super_call(
552 | |     home: f64,
553 | |     key_value: f64,
554 | |     receiver: f64,
555 | |     args_ptr: *const f64,
556 | |     args_len: usize,
557 | | ) -> f64 {
    | |________^
    |
    = help: for further information visit https://rust-lang.github.io/rust-clippy/master/index.html#missing_safety_doc

warning: doc list item without indentation
   --> crates/perry-runtime/src/object/string_proto_thunks.rs:182:5
    |
182 | /// the Map/Set iterator exposure (#4576).
    |     ^
    |
    = help: if this is supposed to be its own paragraph, add a blank line
    = help: for further information visit https://rust-lang.github.io/rust-clippy/master/index.html#doc_lazy_continuation
help: indent this line
    |
182 | ///   the Map/Set iterator exposure (#4576).
    |     ++

warning: unsafe function's docs are missing a `# Safety` section
   --> crates/perry-runtime/src/object/class_meta_registry.rs:234:1
    |
234 | pub unsafe extern "C" fn js_register_class_has_instance(class_id: u32, func_ptr: i64) {
    | ^^^^^^^^^^^^^^^^^^^^^^^^^^^^^^^^^^^^^^^^^^^^^^^^^^^^^^^^^^^^^^^^^^^^^^^^^^^^^^^^^^^^^
    |
    = help: for further information visit https://rust-lang.github.io/rust-clippy/master/index.html#missing_safety_doc

warning: unsafe function's docs are missing a `# Safety` section
   --> crates/perry-runtime/src/object/class_meta_registry.rs:248:1
    |
248 | pub unsafe extern "C" fn js_register_class_to_string_tag(class_id: u32, func_ptr: i64) {
    | ^^^^^^^^^^^^^^^^^^^^^^^^^^^^^^^^^^^^^^^^^^^^^^^^^^^^^^^^^^^^^^^^^^^^^^^^^^^^^^^^^^^^^^
    |
    = help: for further information visit https://rust-lang.github.io/rust-clippy/master/index.html#missing_safety_doc

warning: using `contains()` instead of `iter().any()` is more efficient
   --> crates/perry-runtime/src/object/descriptor_state/gc_scan.rs:106:21
    |
106 |                 if !dest.iter().any(|existing| *existing == k) {
    |                     ^^^^^^^^^^^^^^^^^^^^^^^^^^^^^^^^^^^^^^^^^^ help: try: `dest.contains(&k)`
    |
    = help: for further information visit https://rust-lang.github.io/rust-clippy/master/index.html#manual_contains
    = note: `#[warn(clippy::manual_contains)]` on by default

warning: using `contains()` instead of `iter().any()` is more efficient
   --> crates/perry-runtime/src/object/descriptor_state.rs:242:13
    |
242 |         if !dest.iter().any(|existing| *existing == k) {
    |             ^^^^^^^^^^^^^^^^^^^^^^^^^^^^^^^^^^^^^^^^^^ help: try: `dest.contains(&k)`
    |
    = help: for further information visit https://rust-lang.github.io/rust-clippy/master/index.html#manual_contains

warning: doc list item without indentation
   --> crates/perry-runtime/src/object/descriptor_state.rs:330:5
    |
330 | /// Any other target (plain object, array, closure, builtin namespace) never
    |     ^
    |
    = help: if this is supposed to be its own paragraph, add a blank line
    = help: for further information visit https://rust-lang.github.io/rust-clippy/master/index.html#doc_lazy_continuation
help: indent this line
    |
330 | ///     Any other target (plain object, array, closure, builtin namespace) never
    |     ++++

warning: doc list item without indentation
   --> crates/perry-runtime/src/object/descriptor_state.rs:331:5
    |
331 | /// appears in the guard's descriptor checks — those walk the receiver and the
    |     ^
    |
    = help: if this is supposed to be its own paragraph, add a blank line
    = help: for further information visit https://rust-lang.github.io/rust-clippy/master/index.html#doc_lazy_continuation
help: indent this line
    |
331 | ///     appears in the guard's descriptor checks — those walk the receiver and the
    |     ++++

warning: doc list item without indentation
   --> crates/perry-runtime/src/object/descriptor_state.rs:332:5
    |
332 | /// class-registry prototype chain only — so unrelated installs (the builtin
    |     ^
    |
    = help: if this is supposed to be its own paragraph, add a blank line
    = help: for further information visit https://rust-lang.github.io/rust-clippy/master/index.html#doc_lazy_continuation
help: indent this line
    |
332 | ///     class-registry prototype chain only — so unrelated installs (the builtin
    |     ++++

warning: doc list item without indentation
   --> crates/perry-runtime/src/object/descriptor_state.rs:333:5
    |
333 | /// setup that runs during every program's startup, `Object.freeze` on a config
    |     ^
    |
    = help: if this is supposed to be its own paragraph, add a blank line
    = help: for further information visit https://rust-lang.github.io/rust-clippy/master/index.html#doc_lazy_continuation
help: indent this line
    |
333 | ///     setup that runs during every program's startup, `Object.freeze` on a config
    |     ++++

warning: doc list item without indentation
   --> crates/perry-runtime/src/object/descriptor_state.rs:334:5
    |
334 | /// object, …) no longer disable the #5093 fast path process-wide.
    |     ^
    |
    = help: if this is supposed to be its own paragraph, add a blank line
    = help: for further information visit https://rust-lang.github.io/rust-clippy/master/index.html#doc_lazy_continuation
help: indent this line
    |
334 | ///     object, …) no longer disable the #5093 fast path process-wide.
    |     ++++

warning: this if-then-else expression returns a bool literal
   --> crates/perry-runtime/src/object/descriptor_state.rs:539:16
    |
539 |           } else if bits == crate::value::TAG_NULL || bits == crate::value::TAG_UNDEFINED {
    |  ________________^
540 | |             return false;
541 | |         } else {
542 | |             return true;
543 | |         };
    | |_________^ help: you can reduce it to: `{ return !(bits == crate::value::TAG_NULL || bits == crate::value::TAG_UNDEFINED) }`
    |
    = help: for further information visit https://rust-lang.github.io/rust-clippy/master/index.html#needless_bool
    = note: `#[warn(clippy::needless_bool)]` on by default

warning: unsafe function's docs are missing a `# Safety` section
   --> crates/perry-runtime/src/object/to_string_tag.rs:100:1
    |
100 | pub unsafe extern "C" fn js_object_to_string(value: f64) -> f64 {
    | ^^^^^^^^^^^^^^^^^^^^^^^^^^^^^^^^^^^^^^^^^^^^^^^^^^^^^^^^^^^^^^^
    |
    = help: for further information visit https://rust-lang.github.io/rust-clippy/master/index.html#missing_safety_doc

warning: this `let...else` may be rewritten with the `?` operator
    --> crates/perry-runtime/src/object/mod.rs:1646:5
     |
1646 | /     let Some(gc_hdr) = crate::value::addr_class::try_read_gc_header(user_ptr) else {
1647 | |         return None;
1648 | |     };
     | |______^ help: replace it with: `let gc_hdr = crate::value::addr_class::try_read_gc_header(user_ptr)?;`
     |
     = help: for further information visit https://rust-lang.github.io/rust-clippy/master/index.html#question_mark

warning: unsafe function's docs are missing a `# Safety` section
   --> crates/perry-runtime/src/os.rs:569:1
    |
569 | pub unsafe extern "C" fn js_set_process_entry_path(ptr: *const u8, len: u32) {
    | ^^^^^^^^^^^^^^^^^^^^^^^^^^^^^^^^^^^^^^^^^^^^^^^^^^^^^^^^^^^^^^^^^^^^^^^^^^^^
    |
    = help: for further information visit https://rust-lang.github.io/rust-clippy/master/index.html#missing_safety_doc

warning: very complex type used. Consider factoring parts into `type` definitions
   --> crates/perry-runtime/src/os_process_streams.rs:650:28
    |
650 |   fn stdin_ops_provider() -> Option<(
    |  ____________________________^
651 | |     extern "C" fn(*const u8, usize, i64, i32),
652 | |     extern "C" fn(*const u8, usize, i64),
653 | |     extern "C" fn(*const u8, usize, i32),
654 | | )> {
    | |__^
    |
    = help: for further information visit https://rust-lang.github.io/rust-clippy/master/index.html#type_complexity

warning: casting to the same type is unnecessary (`i64` -> `i64`)
   --> crates/perry-runtime/src/os_process_streams.rs:819:26
    |
819 |         let stream_raw = crate::value::js_nanbox_get_pointer(stream.get_nanbox_f64()) as i64;
    |                          ^^^^^^^^^^^^^^^^^^^^^^^^^^^^^^^^^^^^^^^^^^^^^^^^^^^^^^^^^^^^^^^^^^^ help: try: `crate::value::js_nanbox_get_pointer(stream.get_nanbox_f64())`
    |
    = help: for further information visit https://rust-lang.github.io/rust-clippy/master/index.html#unnecessary_cast

warning: casting to the same type is unnecessary (`i64` -> `i64`)
   --> crates/perry-runtime/src/os_process_streams.rs:892:22
    |
892 |     let stream_raw = crate::value::js_nanbox_get_pointer(stream_value) as i64;
    |                      ^^^^^^^^^^^^^^^^^^^^^^^^^^^^^^^^^^^^^^^^^^^^^^^^^^^^^^^^ help: try: `crate::value::js_nanbox_get_pointer(stream_value)`
    |
    = help: for further information visit https://rust-lang.github.io/rust-clippy/master/index.html#unnecessary_cast

warning: casting to the same type is unnecessary (`i64` -> `i64`)
   --> crates/perry-runtime/src/os_process_streams.rs:917:22
    |
917 |     let stream_raw = crate::value::js_nanbox_get_pointer(stream.get_nanbox_f64()) as i64;
    |                      ^^^^^^^^^^^^^^^^^^^^^^^^^^^^^^^^^^^^^^^^^^^^^^^^^^^^^^^^^^^^^^^^^^^ help: try: `crate::value::js_nanbox_get_pointer(stream.get_nanbox_f64())`
    |
    = help: for further information visit https://rust-lang.github.io/rust-clippy/master/index.html#unnecessary_cast

warning: casting to the same type is unnecessary (`i64` -> `i64`)
    --> crates/perry-runtime/src/os_process_streams.rs:1075:22
     |
1075 |     let stream_raw = crate::value::js_nanbox_get_pointer(stream.get_nanbox_f64()) as i64;
     |                      ^^^^^^^^^^^^^^^^^^^^^^^^^^^^^^^^^^^^^^^^^^^^^^^^^^^^^^^^^^^^^^^^^^^ help: try: `crate::value::js_nanbox_get_pointer(stream.get_nanbox_f64())`
     |
     = help: for further information visit https://rust-lang.github.io/rust-clippy/master/index.html#unnecessary_cast

warning: this `if` has identical blocks
    --> crates/perry-runtime/src/path.rs:1082:40
     |
1082 |       let joined = if b.starts_with('/') {
     |  ________________________________________^
1083 | |         b
1084 | |     } else if a.is_empty() {
     | |_____^
     |
note: same as this
    --> crates/perry-runtime/src/path.rs:1084:28
     |
1084 |       } else if a.is_empty() {
     |  ____________________________^
1085 | |         b
1086 | |     } else if b.is_empty() {
     | |_____^
     = help: for further information visit https://rust-lang.github.io/rust-clippy/master/index.html#if_same_then_else

warning: unsafe function's docs are missing a `# Safety` section
    --> crates/perry-runtime/src/perf_hooks.rs:1743:1
     |
1743 | pub unsafe fn current_list_get_entries() -> f64 {
     | ^^^^^^^^^^^^^^^^^^^^^^^^^^^^^^^^^^^^^^^^^^^^^^^
     |
     = help: for further information visit https://rust-lang.github.io/rust-clippy/master/index.html#missing_safety_doc

warning: unsafe function's docs are missing a `# Safety` section
    --> crates/perry-runtime/src/perf_hooks.rs:1759:1
     |
1759 | pub unsafe fn current_list_get_by_type(type_val: f64) -> f64 {
     | ^^^^^^^^^^^^^^^^^^^^^^^^^^^^^^^^^^^^^^^^^^^^^^^^^^^^^^^^^^^^
     |
     = help: for further information visit https://rust-lang.github.io/rust-clippy/master/index.html#missing_safety_doc

warning: unsafe function's docs are missing a `# Safety` section
    --> crates/perry-runtime/src/perf_hooks.rs:1768:1
     |
1768 | pub unsafe fn current_list_get_by_name(name_val: f64) -> f64 {
     | ^^^^^^^^^^^^^^^^^^^^^^^^^^^^^^^^^^^^^^^^^^^^^^^^^^^^^^^^^^^^
     |
     = help: for further information visit https://rust-lang.github.io/rust-clippy/master/index.html#missing_safety_doc

warning: unsafe function's docs are missing a `# Safety` section
   --> crates/perry-runtime/src/process/exec_env.rs:129:1
    |
129 | pub unsafe extern "C" fn js_process_chdir_jsv(value: f64) {
    | ^^^^^^^^^^^^^^^^^^^^^^^^^^^^^^^^^^^^^^^^^^^^^^^^^^^^^^^^^
    |
    = help: for further information visit https://rust-lang.github.io/rust-clippy/master/index.html#missing_safety_doc

warning: expression can be simplified using `Option::unwrap_or()`
   --> crates/perry-runtime/src/process/node_module/source_map.rs:593:49
    |
593 |     module_set_field_rooted(&obj, "lineNumber", line.map_or(null, |n| n));
    |                                                 ^^^^^^^^^^^^^^^^^^^^^^^^
    |
    = help: for further information visit https://rust-lang.github.io/rust-clippy/master/index.html#map_or_identity
    = note: `#[warn(clippy::map_or_identity)]` on by default
help: consider using `unwrap_or`
    |
593 -     module_set_field_rooted(&obj, "lineNumber", line.map_or(null, |n| n));
593 +     module_set_field_rooted(&obj, "lineNumber", line.unwrap_or(null));
    |

warning: expression can be simplified using `Option::unwrap_or()`
   --> crates/perry-runtime/src/process/node_module/source_map.rs:594:51
    |
594 |     module_set_field_rooted(&obj, "columnNumber", col.map_or(null, |n| n));
    |                                                   ^^^^^^^^^^^^^^^^^^^^^^^
    |
    = help: for further information visit https://rust-lang.github.io/rust-clippy/master/index.html#map_or_identity
help: consider using `unwrap_or`
    |
594 -     module_set_field_rooted(&obj, "columnNumber", col.map_or(null, |n| n));
594 +     module_set_field_rooted(&obj, "columnNumber", col.unwrap_or(null));
    |

warning: this `match` expression can be replaced with `?`
   --> crates/perry-runtime/src/process/node_module.rs:626:13
    |
626 | /             match dir.parent() {
627 | |                 Some(parent) => dir = parent.to_path_buf(),
628 | |                 None => return None,
629 | |             }
    | |_____________^
    |
    = help: for further information visit https://rust-lang.github.io/rust-clippy/master/index.html#question_mark
help: try instead
    |
626 ~             {
627 +                 let parent = dir.parent()?;
628 +                 dir = parent.to_path_buf()
629 +             }
    |

warning: this `match` expression can be replaced with `?`
   --> crates/perry-runtime/src/process/node_module.rs:655:9
    |
655 | /         match dir.parent() {
656 | |             Some(parent) => dir = parent.to_path_buf(),
657 | |             None => return None,
658 | |         }
    | |_________^
    |
    = help: for further information visit https://rust-lang.github.io/rust-clippy/master/index.html#question_mark
help: try instead
    |
655 ~         {
656 +             let parent = dir.parent()?;
657 +             dir = parent.to_path_buf()
658 +         }
    |

warning: redundant closure
   --> crates/perry-runtime/src/promise/async_step.rs:607:25
    |
607 |                         || std::ptr::null_mut(),
    |                         ^^^^^^^^^^^^^^^^^^^^^^^ help: replace the closure with the function itself: `std::ptr::null_mut`
    |
    = help: for further information visit https://rust-lang.github.io/rust-clippy/master/index.html#redundant_closure

warning: doc list item overindented
    --> crates/perry-runtime/src/promise/combinators.rs:1240:5
     |
1240 | ///     invoke `value.then(resolve, reject)`, and return the new Promise (which
     |     ^^^^ help: try using `  ` (2 spaces)
     |
     = help: for further information visit https://rust-lang.github.io/rust-clippy/master/index.html#doc_overindented_list_items

warning: doc list item overindented
    --> crates/perry-runtime/src/promise/combinators.rs:1241:5
     |
1241 | ///     the await loop then polls). When the user's `then` calls `resolve(v)`,
     |     ^^^^ help: try using `  ` (2 spaces)
     |
     = help: for further information visit https://rust-lang.github.io/rust-clippy/master/index.html#doc_overindented_list_items

warning: doc list item overindented
    --> crates/perry-runtime/src/promise/combinators.rs:1242:5
     |
1242 | ///     our handler resolves the wrapper promise; the await loop sees Fulfilled
     |     ^^^^ help: try using `  ` (2 spaces)
     |
     = help: for further information visit https://rust-lang.github.io/rust-clippy/master/index.html#doc_overindented_list_items

warning: doc list item overindented
    --> crates/perry-runtime/src/promise/combinators.rs:1243:5
     |
1243 | ///     and returns `v`.
     |     ^^^^ help: try using `  ` (2 spaces)
     |
     = help: for further information visit https://rust-lang.github.io/rust-clippy/master/index.html#doc_overindented_list_items

warning: unsafe function's docs are missing a `# Safety` section
    --> crates/perry-runtime/src/promise/then.rs:1560:1
     |
1560 | pub unsafe fn js_promise_bound_method(_promise: *mut Promise, property: &str) -> Option<f64> {
     | ^^^^^^^^^^^^^^^^^^^^^^^^^^^^^^^^^^^^^^^^^^^^^^^^^^^^^^^^^^^^^^^^^^^^^^^^^^^^^^^^^^^^^^^^^^^^
     |
     = help: for further information visit https://rust-lang.github.io/rust-clippy/master/index.html#missing_safety_doc

warning: the function `libc::openpty` doesn't need a mutable reference
   --> crates/perry-runtime/src/pty/native.rs:110:13
    |
110 |             &mut term,
    |             ^^^^^^^^^
    |
    = help: for further information visit https://rust-lang.github.io/rust-clippy/master/index.html#unnecessary_mut_passed
    = note: `#[warn(clippy::unnecessary_mut_passed)]` on by default
help: remove this `mut`
    |
110 -             &mut term,
110 +             &term,
    |

warning: the function `libc::openpty` doesn't need a mutable reference
   --> crates/perry-runtime/src/pty/native.rs:111:13
    |
111 |             &mut ws,
    |             ^^^^^^^
    |
    = help: for further information visit https://rust-lang.github.io/rust-clippy/master/index.html#unnecessary_mut_passed
help: remove this `mut`
    |
111 -             &mut ws,
111 +             &ws,
    |

warning: the function `libc::tcsetattr` doesn't need a mutable reference
   --> crates/perry-runtime/src/pty/native.rs:279:53
    |
279 |     unsafe { libc::tcsetattr(master, libc::TCSANOW, &mut term) == 0 }
    |                                                     ^^^^^^^^^
    |
    = help: for further information visit https://rust-lang.github.io/rust-clippy/master/index.html#unnecessary_mut_passed
help: remove this `mut`
    |
279 -     unsafe { libc::tcsetattr(master, libc::TCSANOW, &mut term) == 0 }
279 +     unsafe { libc::tcsetattr(master, libc::TCSANOW, &term) == 0 }
    |

warning: doc list item without indentation
  --> crates/perry-runtime/src/pty/reactor.rs:11:5
   |
11 | //! Both call [`js_notify_main_thread`] so the event loop wakes immediately.
   |     ^
   |
   = help: if this is supposed to be its own paragraph, add a blank line
   = help: for further information visit https://rust-lang.github.io/rust-clippy/master/index.html#doc_lazy_continuation
help: indent this line
   |
11 | //!     Both call [`js_notify_main_thread`] so the event loop wakes immediately.
   |     ++++

warning: this loop could be written as a `while let` loop
  --> crates/perry-runtime/src/pty/mod.rs:83:9
   |
83 | /         loop {
84 | |             let arr = match cp_array_ptr(cp_get_field(target, &key)) {
85 | |                 Some(a) => a,
86 | |                 None => break,
...  |
97 | |             i += 1;
98 | |         }
   | |_________^
   |
   = help: for further information visit https://rust-lang.github.io/rust-clippy/master/index.html#while_let_loop
help: try
   |
83 ~         while let Some(a) = cp_array_ptr(cp_get_field(target, &key)) {
84 +             let arr = a;
85 +             ..
86 +         }
   |

warning: doc list item without indentation
   --> crates/perry-runtime/src/regex.rs:458:5
    |
458 | /// The compiled-program pointer points to an OFF-heap Rust allocation and the
    |     ^
    |
    = help: if this is supposed to be its own paragraph, add a blank line
    = help: for further information visit https://rust-lang.github.io/rust-clippy/master/index.html#doc_lazy_continuation
help: indent this line
    |
458 | ///     The compiled-program pointer points to an OFF-heap Rust allocation and the
    |     ++++

warning: doc list item without indentation
   --> crates/perry-runtime/src/regex.rs:459:5
    |
459 | /// bool/`magic` fields are never heap refs, so they must NOT be scanned.
    |     ^
    |
    = help: if this is supposed to be its own paragraph, add a blank line
    = help: for further information visit https://rust-lang.github.io/rust-clippy/master/index.html#doc_lazy_continuation
help: indent this line
    |
459 | ///     bool/`magic` fields are never heap refs, so they must NOT be scanned.
    |     ++++

warning: casting raw pointers to the same type and constness is unnecessary (`*mut u64` -> `*mut u64`)
   --> crates/perry-runtime/src/regex.rs:469:22
    |
469 |     let last_index = std::ptr::addr_of_mut!((*re).last_index) as *mut u64;
    |                      ^^^^^^^^^^^^^^^^^^^^^^^^^^^^^^^^^^^^^^^^^^^^^^^^^^^^ help: try: `_`
    |
    = help: for further information visit https://rust-lang.github.io/rust-clippy/master/index.html#unnecessary_cast

warning: unsafe function's docs are missing a `# Safety` section
    --> crates/perry-runtime/src/set.rs:1533:1
     |
1533 | pub unsafe extern "C-unwind" fn js_readonly_set_has(receiver: f64, value: f64) -> f64 {
     | ^^^^^^^^^^^^^^^^^^^^^^^^^^^^^^^^^^^^^^^^^^^^^^^^^^^^^^^^^^^^^^^^^^^^^^^^^^^^^^^^^^^^^
     |
     = help: for further information visit https://rust-lang.github.io/rust-clippy/master/index.html#missing_safety_doc

warning: this `if` has identical blocks
   --> crates/perry-runtime/src/string/compare.rs:818:28
    |
818 |           } else if b < 0x80 {
    |  ____________________________^
819 | |             result.push(b);
820 | |             i += 1;
821 | |         } else if b < 0xC0 {
    | |_________^
    |
note: same as this
   --> crates/perry-runtime/src/string/compare.rs:821:28
    |
821 |           } else if b < 0xC0 {
    |  ____________________________^
822 | |             result.push(b);
823 | |             i += 1;
824 | |         } else if b < 0xE0 {
    | |_________^
    = help: for further information visit https://rust-lang.github.io/rust-clippy/master/index.html#if_same_then_else

warning: the loop variable `i` is used to index `piece_ptrs`
    --> crates/perry-runtime/src/string/concat.rs:1216:14
     |
1216 |     for i in 0..n {
     |              ^^^^
     |
     = help: for further information visit https://rust-lang.github.io/rust-clippy/master/index.html#needless_range_loop
help: consider using an iterator and enumerate()
     |
1216 -     for i in 0..n {
1216 +     for (i, <item>) in piece_ptrs.iter_mut().enumerate().take(n) {
     |

warning: unsafe function's docs are missing a `# Safety` section
    --> crates/perry-runtime/src/string/concat.rs:1591:1
     |
1591 | pub unsafe extern "C" fn js_string_add_value(l_value: f64, r_value: f64) -> f64 {
     | ^^^^^^^^^^^^^^^^^^^^^^^^^^^^^^^^^^^^^^^^^^^^^^^^^^^^^^^^^^^^^^^^^^^^^^^^^^^^^^^
     |
     = help: for further information visit https://rust-lang.github.io/rust-clippy/master/index.html#missing_safety_doc

warning: unsafe function's docs are missing a `# Safety` section
    --> crates/perry-runtime/src/string/concat.rs:1603:1
     |
1603 | pub unsafe extern "C" fn js_value_add_string(l_value: f64, r_value: f64) -> f64 {
     | ^^^^^^^^^^^^^^^^^^^^^^^^^^^^^^^^^^^^^^^^^^^^^^^^^^^^^^^^^^^^^^^^^^^^^^^^^^^^^^^
     |
     = help: for further information visit https://rust-lang.github.io/rust-clippy/master/index.html#missing_safety_doc

warning: unsafe function's docs are missing a `# Safety` section
  --> crates/perry-runtime/src/string/iter_object.rs:82:1
   |
82 | / pub unsafe fn dispatch_string_iterator_method(
83 | |     iter_obj: *mut ObjectHeader,
84 | |     method_name: &str,
85 | | ) -> f64 {
   | |________^
   |
   = help: for further information visit https://rust-lang.github.io/rust-clippy/master/index.html#missing_safety_doc

warning: doc list item without indentation
  --> crates/perry-runtime/src/string/locale.rs:18:5
   |
18 | //!     Every other locale (and the no-arg form) falls back to the
   |     ^^^^
   |
   = help: if this is supposed to be its own paragraph, add a blank line
   = help: for further information visit https://rust-lang.github.io/rust-clippy/master/index.html#doc_lazy_continuation
help: indent this line
   |
18 | //!       Every other locale (and the no-arg form) falls back to the
   |         ++

warning: doc list item without indentation
  --> crates/perry-runtime/src/string/locale.rs:19:5
   |
19 | //!     language-neutral Unicode casing (`to_lowercase` / `to_uppercase`).
   |     ^^^^
   |
   = help: if this is supposed to be its own paragraph, add a blank line
   = help: for further information visit https://rust-lang.github.io/rust-clippy/master/index.html#doc_lazy_continuation
help: indent this line
   |
19 | //!       language-neutral Unicode casing (`to_lowercase` / `to_uppercase`).
   |         ++

warning: doc list item without indentation
   --> crates/perry-runtime/src/string/locale.rs:273:5
    |
273 | /// All other characters use the language-neutral Unicode lowercase mapping.
    |     ^
    |
    = help: if this is supposed to be its own paragraph, add a blank line
    = help: for further information visit https://rust-lang.github.io/rust-clippy/master/index.html#doc_lazy_continuation
help: indent this line
    |
273 | ///     All other characters use the language-neutral Unicode lowercase mapping.
    |     ++++

warning: doc list item without indentation
  --> crates/perry-runtime/src/string/slice_ops.rs:59:5
   |
59 | /// start/end are in UTF-16 code unit indices (JS semantics).
   |     ^
   |
   = help: if this is supposed to be its own paragraph, add a blank line
   = help: for further information visit https://rust-lang.github.io/rust-clippy/master/index.html#doc_lazy_continuation
help: indent this line
   |
59 | ///   start/end are in UTF-16 code unit indices (JS semantics).
   |     ++

warning: doc list item without indentation
   --> crates/perry-runtime/src/string/mod.rs:428:5
    |
428 | /// Only strings created by `js_string_append` get refcount=1. When a string pointer is
    |     ^
    |
    = help: if this is supposed to be its own paragraph, add a blank line
    = help: for further information visit https://rust-lang.github.io/rust-clippy/master/index.html#doc_lazy_continuation
help: indent this line
    |
428 | ///   Only strings created by `js_string_append` get refcount=1. When a string pointer is
    |     ++

warning: doc list item without indentation
   --> crates/perry-runtime/src/string/mod.rs:429:5
    |
429 | /// copied to another variable, codegen calls `js_string_addref` to set refcount=0 (shared).
    |     ^
    |
    = help: if this is supposed to be its own paragraph, add a blank line
    = help: for further information visit https://rust-lang.github.io/rust-clippy/master/index.html#doc_lazy_continuation
help: indent this line
    |
429 | ///   copied to another variable, codegen calls `js_string_addref` to set refcount=0 (shared).
    |     ++

warning: unsafe function's docs are missing a `# Safety` section
  --> crates/perry-runtime/src/symbol/constructors.rs:11:1
   |
11 | pub unsafe extern "C" fn js_symbol_new_empty() -> f64 {
   | ^^^^^^^^^^^^^^^^^^^^^^^^^^^^^^^^^^^^^^^^^^^^^^^^^^^^^
   |
   = help: for further information visit https://rust-lang.github.io/rust-clippy/master/index.html#missing_safety_doc

warning: unsafe function's docs are missing a `# Safety` section
  --> crates/perry-runtime/src/symbol/constructors.rs:19:1
   |
19 | pub unsafe extern "C" fn js_symbol_new(description_f64: f64) -> f64 {
   | ^^^^^^^^^^^^^^^^^^^^^^^^^^^^^^^^^^^^^^^^^^^^^^^^^^^^^^^^^^^^^^^^^^^
   |
   = help: for further information visit https://rust-lang.github.io/rust-clippy/master/index.html#missing_safety_doc

warning: casting raw pointers to the same type and constness is unnecessary (`*mut string::StringHeader` -> `*mut string::StringHeader`)
  --> crates/perry-runtime/src/symbol/constructors.rs:35:9
   |
35 |         crate::builtins::js_string_coerce(description_f64) as *mut StringHeader
   |         ^^^^^^^^^^^^^^^^^^^^^^^^^^^^^^^^^^^^^^^^^^^^^^^^^^^^^^^^^^^^^^^^^^^^^^^ help: try: `crate::builtins::js_string_coerce(description_f64)`
   |
   = help: for further information visit https://rust-lang.github.io/rust-clippy/master/index.html#unnecessary_cast

warning: unsafe function's docs are missing a `# Safety` section
  --> crates/perry-runtime/src/symbol/constructors.rs:44:1
   |
44 | pub unsafe extern "C" fn js_symbol_for(key_f64: f64) -> f64 {
   | ^^^^^^^^^^^^^^^^^^^^^^^^^^^^^^^^^^^^^^^^^^^^^^^^^^^^^^^^^^^
   |
   = help: for further information visit https://rust-lang.github.io/rust-clippy/master/index.html#missing_safety_doc

warning: unsafe function's docs are missing a `# Safety` section
   --> crates/perry-runtime/src/symbol/constructors.rs:196:1
    |
196 | pub unsafe extern "C" fn js_symbol_key_for(sym_f64: f64) -> f64 {
    | ^^^^^^^^^^^^^^^^^^^^^^^^^^^^^^^^^^^^^^^^^^^^^^^^^^^^^^^^^^^^^^^
    |
    = help: for further information visit https://rust-lang.github.io/rust-clippy/master/index.html#missing_safety_doc

warning: unsafe function's docs are missing a `# Safety` section
   --> crates/perry-runtime/src/symbol/constructors.rs:226:1
    |
226 | pub unsafe extern "C" fn js_symbol_description(sym_f64: f64) -> f64 {
    | ^^^^^^^^^^^^^^^^^^^^^^^^^^^^^^^^^^^^^^^^^^^^^^^^^^^^^^^^^^^^^^^^^^^
    |
    = help: for further information visit https://rust-lang.github.io/rust-clippy/master/index.html#missing_safety_doc

warning: unsafe function's docs are missing a `# Safety` section
   --> crates/perry-runtime/src/symbol/constructors.rs:252:1
    |
252 | pub unsafe extern "C" fn js_symbol_to_string(sym_f64: f64) -> i64 {
    | ^^^^^^^^^^^^^^^^^^^^^^^^^^^^^^^^^^^^^^^^^^^^^^^^^^^^^^^^^^^^^^^^^
    |
    = help: for further information visit https://rust-lang.github.io/rust-clippy/master/index.html#missing_safety_doc

warning: unsafe function's docs are missing a `# Safety` section
   --> crates/perry-runtime/src/symbol/constructors.rs:278:1
    |
278 | pub unsafe extern "C" fn js_symbol_typeof() -> *mut StringHeader {
    | ^^^^^^^^^^^^^^^^^^^^^^^^^^^^^^^^^^^^^^^^^^^^^^^^^^^^^^^^^^^^^^^^
    |
    = help: for further information visit https://rust-lang.github.io/rust-clippy/master/index.html#missing_safety_doc

warning: unsafe function's docs are missing a `# Safety` section
   --> crates/perry-runtime/src/symbol/constructors.rs:286:1
    |
286 | pub unsafe extern "C" fn js_symbol_equals(a: f64, b: f64) -> i32 {
    | ^^^^^^^^^^^^^^^^^^^^^^^^^^^^^^^^^^^^^^^^^^^^^^^^^^^^^^^^^^^^^^^^
    |
    = help: for further information visit https://rust-lang.github.io/rust-clippy/master/index.html#missing_safety_doc

warning: unsafe function's docs are missing a `# Safety` section
   --> crates/perry-runtime/src/symbol/get.rs:161:1
    |
161 | / pub unsafe extern "C" fn js_object_get_symbol_property_ic_miss(
162 | |     obj_f64: f64,
163 | |     sym_f64: f64,
164 | |     cache_slot: *mut SymbolPicCacheSlot,
165 | | ) -> f64 {
    | |________^
    |
    = help: for further information visit https://rust-lang.github.io/rust-clippy/master/index.html#missing_safety_doc

warning: unsafe function's docs are missing a `# Safety` section
   --> crates/perry-runtime/src/symbol/get.rs:220:1
    |
220 | / pub unsafe extern "C" fn js_object_get_symbol_then_field_ic_miss(
221 | |     obj_f64: f64,
222 | |     sym_f64: f64,
223 | |     key: *const crate::StringHeader,
...   |
226 | |     field_cache_slot: *mut crate::object::PicCacheSlot,
227 | | ) -> f64 {
    | |________^
    |
    = help: for further information visit https://rust-lang.github.io/rust-clippy/master/index.html#missing_safety_doc

warning: unsafe function's docs are missing a `# Safety` section
   --> crates/perry-runtime/src/symbol/get.rs:522:1
    |
522 | pub unsafe extern "C" fn js_object_get_symbol_property(obj_f64: f64, sym_f64: f64) -> f64 {
    | ^^^^^^^^^^^^^^^^^^^^^^^^^^^^^^^^^^^^^^^^^^^^^^^^^^^^^^^^^^^^^^^^^^^^^^^^^^^^^^^^^^^^^^^^^
    |
    = help: for further information visit https://rust-lang.github.io/rust-clippy/master/index.html#missing_safety_doc

warning: unsafe function's docs are missing a `# Safety` section
  --> crates/perry-runtime/src/symbol/iterator.rs:15:1
   |
15 | pub unsafe extern "C" fn js_object_get_own_property_symbols(obj_f64: f64) -> i64 {
   | ^^^^^^^^^^^^^^^^^^^^^^^^^^^^^^^^^^^^^^^^^^^^^^^^^^^^^^^^^^^^^^^^^^^^^^^^^^^^^^^^
   |
   = help: for further information visit https://rust-lang.github.io/rust-clippy/master/index.html#missing_safety_doc

warning: unsafe function's docs are missing a `# Safety` section
   --> crates/perry-runtime/src/symbol/iterator.rs:533:1
    |
533 | pub unsafe extern "C" fn js_to_primitive(value: f64, hint: i32) -> f64 {
    | ^^^^^^^^^^^^^^^^^^^^^^^^^^^^^^^^^^^^^^^^^^^^^^^^^^^^^^^^^^^^^^^^^^^^^^
    |
    = help: for further information visit https://rust-lang.github.io/rust-clippy/master/index.html#missing_safety_doc

warning: unsafe function's docs are missing a `# Safety` section
   --> crates/perry-runtime/src/symbol/properties.rs:486:1
    |
486 | / pub unsafe extern "C" fn js_object_set_symbol_property(
487 | |     obj_f64: f64,
488 | |     sym_f64: f64,
489 | |     value_f64: f64,
490 | | ) -> f64 {
    | |________^
    |
    = help: for further information visit https://rust-lang.github.io/rust-clippy/master/index.html#missing_safety_doc

warning: unsafe function's docs are missing a `# Safety` section
   --> crates/perry-runtime/src/symbol/properties.rs:513:1
    |
513 | / pub unsafe extern "C" fn js_object_literal_infer_computed_function_name(
514 | |     key_f64: f64,
515 | |     value_f64: f64,
516 | | ) -> f64 {
    | |________^
    |
    = help: for further information visit https://rust-lang.github.io/rust-clippy/master/index.html#missing_safety_doc

warning: unsafe function's docs are missing a `# Safety` section
   --> crates/perry-runtime/src/symbol/properties.rs:546:1
    |
546 | pub unsafe extern "C" fn js_class_register_static_symbol(class_id: u32, sym: f64, value: f64) {
    | ^^^^^^^^^^^^^^^^^^^^^^^^^^^^^^^^^^^^^^^^^^^^^^^^^^^^^^^^^^^^^^^^^^^^^^^^^^^^^^^^^^^^^^^^^^^^^
    |
    = help: for further information visit https://rust-lang.github.io/rust-clippy/master/index.html#missing_safety_doc

warning: unsafe function's docs are missing a `# Safety` section
   --> crates/perry-runtime/src/symbol/properties.rs:643:1
    |
643 | pub unsafe extern "C" fn js_object_has_own_symbol(obj_f64: f64, sym_f64: f64) -> bool {
    | ^^^^^^^^^^^^^^^^^^^^^^^^^^^^^^^^^^^^^^^^^^^^^^^^^^^^^^^^^^^^^^^^^^^^^^^^^^^^^^^^^^^^^
    |
    = help: for further information visit https://rust-lang.github.io/rust-clippy/master/index.html#missing_safety_doc

warning: unsafe function's docs are missing a `# Safety` section
   --> crates/perry-runtime/src/symbol/properties.rs:679:1
    |
679 | / pub unsafe extern "C" fn js_object_set_symbol_method(
680 | |     obj_f64: f64,
681 | |     sym_f64: f64,
682 | |     closure_f64: f64,
683 | | ) -> f64 {
    | |________^
    |
    = help: for further information visit https://rust-lang.github.io/rust-clippy/master/index.html#missing_safety_doc

warning: unsafe function's docs are missing a `# Safety` section
   --> crates/perry-runtime/src/symbol/properties.rs:767:1
    |
767 | / pub unsafe extern "C" fn js_object_set_method_by_name(
768 | |     obj_f64: f64,
769 | |     key_f64: f64,
770 | |     closure_f64: f64,
771 | | ) -> f64 {
    | |________^
    |
    = help: for further information visit https://rust-lang.github.io/rust-clippy/master/index.html#missing_safety_doc

warning: very complex type used. Consider factoring parts into `type` definitions
   --> crates/perry-runtime/src/symbol.rs:755:31
    |
755 |     static SYMBOL_PROPERTIES: Mutex<Option<PtrHashMap<usize, Vec<(usize, u64)>>>> =
    |                               ^^^^^^^^^^^^^^^^^^^^^^^^^^^^^^^^^^^^^^^^^^^^^^^^^^^
    |
    = help: for further information visit https://rust-lang.github.io/rust-clippy/master/index.html#type_complexity

warning: unsafe function's docs are missing a `# Safety` section
   --> crates/perry-runtime/src/symbol.rs:929:1
    |
929 | pub unsafe extern "C" fn js_is_symbol(value: f64) -> i32 {
    | ^^^^^^^^^^^^^^^^^^^^^^^^^^^^^^^^^^^^^^^^^^^^^^^^^^^^^^^^
    |
    = help: for further information visit https://rust-lang.github.io/rust-clippy/master/index.html#missing_safety_doc

warning: unsafe function's docs are missing a `# Safety` section
   --> crates/perry-runtime/src/temporal/mod.rs:351:1
    |
351 | pub unsafe fn finalize_temporal_cell_for_gc(_cell: *mut TemporalCell) {}
    | ^^^^^^^^^^^^^^^^^^^^^^^^^^^^^^^^^^^^^^^^^^^^^^^^^^^^^^^^^^^^^^^^^^^^^
    |
    = help: for further information visit https://rust-lang.github.io/rust-clippy/master/index.html#missing_safety_doc

warning: unsafe function's docs are missing a `# Safety` section
   --> crates/perry-runtime/src/timer.rs:963:1
    |
963 | pub unsafe extern "C" fn js_timer_validate_callback(value: f64, fn_name_idx: i32) -> i64 {
    | ^^^^^^^^^^^^^^^^^^^^^^^^^^^^^^^^^^^^^^^^^^^^^^^^^^^^^^^^^^^^^^^^^^^^^^^^^^^^^^^^^^^^^^^^
    |
    = help: for further information visit https://rust-lang.github.io/rust-clippy/master/index.html#missing_safety_doc

warning: unsafe function's docs are missing a `# Safety` section
    --> crates/perry-runtime/src/timer.rs:1138:1
     |
1138 | / pub unsafe extern "C" fn js_set_timeout_callback_args(
1139 | |     callback: i64,
1140 | |     delay_ms: f64,
1141 | |     args_ptr: *const f64,
1142 | |     n_args: i32,
1143 | | ) -> i64 {
     | |________^
     |
     = help: for further information visit https://rust-lang.github.io/rust-clippy/master/index.html#missing_safety_doc

warning: unsafe function's docs are missing a `# Safety` section
    --> crates/perry-runtime/src/timer.rs:1160:1
     |
1160 | / pub unsafe extern "C" fn js_set_immediate_callback_args(
1161 | |     callback: i64,
1162 | |     args_ptr: *const f64,
1163 | |     n_args: i32,
1164 | | ) -> i64 {
     | |________^
     |
     = help: for further information visit https://rust-lang.github.io/rust-clippy/master/index.html#missing_safety_doc

warning: unsafe function's docs are missing a `# Safety` section
    --> crates/perry-runtime/src/timer.rs:1633:1
     |
1633 | / pub unsafe extern "C" fn js_set_interval_callback_args(
1634 | |     callback: i64,
1635 | |     interval_ms: f64,
1636 | |     args_ptr: *const f64,
1637 | |     n_args: i32,
1638 | | ) -> i64 {
     | |________^
     |
     = help: for further information visit https://rust-lang.github.io/rust-clippy/master/index.html#missing_safety_doc

warning: named constant with interior mutability
   --> crates/perry-runtime/src/tls_hot.rs:236:11
    |
236 |     const EMPTY: Self = Self {
    |           ^^^^^
    |
    = help: for further information visit https://rust-lang.github.io/rust-clippy/master/index.html#declare_interior_mutable_const
    = note: `#[warn(clippy::declare_interior_mutable_const)]` on by default

warning: unsafe function's docs are missing a `# Safety` section
   --> crates/perry-runtime/src/typed_feedback/guards.rs:853:1
    |
853 | / pub unsafe extern "C-unwind" fn js_typed_feedback_native_call_method(
854 | |     site_id: u64,
855 | |     object: f64,
856 | |     method_name_ptr: *const i8,
...   |
859 | |     args_len: usize,
860 | | ) -> f64 {
    | |________^
    |
    = help: for further information visit https://rust-lang.github.io/rust-clippy/master/index.html#missing_safety_doc

warning: unsafe function's docs are missing a `# Safety` section
   --> crates/perry-runtime/src/typed_feedback/guards.rs:926:1
    |
926 | / pub unsafe extern "C-unwind" fn js_typed_feedback_native_call_method_apply(
927 | |     site_id: u64,
928 | |     object: f64,
929 | |     method_name_ptr: *const i8,
930 | |     method_name_len: usize,
931 | |     args_array: i64,
932 | | ) -> f64 {
    | |________^
    |
    = help: for further information visit https://rust-lang.github.io/rust-clippy/master/index.html#missing_safety_doc

warning: unsafe function's docs are missing a `# Safety` section
   --> crates/perry-runtime/src/typed_feedback/guards.rs:990:1
    |
990 | / pub unsafe extern "C" fn js_typed_feedback_method_direct_call_guard(
991 | |     site_id: u64,
992 | |     receiver: f64,
993 | |     expected_class_id: u32,
...   |
997 | |     expected_func_ptr: *const u8,
998 | | ) -> i32 {
    | |________^
    |
    = help: for further information visit https://rust-lang.github.io/rust-clippy/master/index.html#missing_safety_doc

warning: unsafe function's docs are missing a `# Safety` section
    --> crates/perry-runtime/src/typed_feedback/guards.rs:1245:1
     |
1245 | / pub unsafe extern "C" fn js_object_own_method_cache_miss(
1246 | |     receiver: f64,
1247 | |     expected_class_id: u32,
1248 | |     field_index: u32,
...    |
1252 | |     cache_slot: *mut MethodPicCacheSlot,
1253 | | ) -> u64 {
     | |________^
     |
     = help: for further information visit https://rust-lang.github.io/rust-clippy/master/index.html#missing_safety_doc

warning: casting raw pointers to the same type and constness is unnecessary (`*const u8` -> `*const u8`)
   --> crates/perry-runtime/src/typedarray/slice_ops.rs:111:27
    |
111 |                 let src = (data_ptr(ta) as *const u8).add(start_idx as usize * esz);
    |                           ^^^^^^^^^^^^^^^^^^^^^^^^^^^ help: try: `data_ptr(ta)`
    |
    = help: for further information visit https://rust-lang.github.io/rust-clippy/master/index.html#unnecessary_cast

warning: unsafe function's docs are missing a `# Safety` section
   --> crates/perry-runtime/src/typedarray/mod.rs:745:1
    |
745 | pub unsafe fn typed_array_bytes<'a>(ta: *const TypedArrayHeader) -> Option<&'a [u8]> {
    | ^^^^^^^^^^^^^^^^^^^^^^^^^^^^^^^^^^^^^^^^^^^^^^^^^^^^^^^^^^^^^^^^^^^^^^^^^^^^^^^^^^^^
    |
    = help: for further information visit https://rust-lang.github.io/rust-clippy/master/index.html#missing_safety_doc

warning: unsafe function's docs are missing a `# Safety` section
   --> crates/perry-runtime/src/typedarray/mod.rs:764:1
    |
764 | pub unsafe fn typed_array_bytes_mut<'a>(ta: *mut TypedArrayHeader) -> Option<&'a mut [u8]> {
    | ^^^^^^^^^^^^^^^^^^^^^^^^^^^^^^^^^^^^^^^^^^^^^^^^^^^^^^^^^^^^^^^^^^^^^^^^^^^^^^^^^^^^^^^^^^
    |
    = help: for further information visit https://rust-lang.github.io/rust-clippy/master/index.html#missing_safety_doc

warning: this `if` has identical blocks
    --> crates/perry-runtime/src/typedarray/mod.rs:1204:38
     |
1204 |                   } else if frac < 0.5 {
     |  ______________________________________^
1205 | |                     f
1206 | |                 } else if f % 2.0 == 0.0 {
     | |_________________^
     |
note: same as this
    --> crates/perry-runtime/src/typedarray/mod.rs:1206:42
     |
1206 |                   } else if f % 2.0 == 0.0 {
     |  __________________________________________^
1207 | |                     f // round half to even
1208 | |                 } else {
     | |_________________^
     = help: for further information visit https://rust-lang.github.io/rust-clippy/master/index.html#if_same_then_else

warning: doc list item without indentation
  --> crates/perry-runtime/src/typedarray_view.rs:56:5
   |
56 | /// `offset_value` / `length_value` are the raw NaN-boxed arguments
   |     ^
   |
   = help: if this is supposed to be its own paragraph, add a blank line
   = help: for further information visit https://rust-lang.github.io/rust-clippy/master/index.html#doc_lazy_continuation
help: indent this line
   |
56 | ///     `offset_value` / `length_value` are the raw NaN-boxed arguments
   |     ++++

warning: doc list item without indentation
  --> crates/perry-runtime/src/typedarray_view.rs:57:5
   |
57 | /// (`undefined` when absent) so `ToIndex` runs here. A non-`ArrayBuffer`
   |     ^
   |
   = help: if this is supposed to be its own paragraph, add a blank line
   = help: for further information visit https://rust-lang.github.io/rust-clippy/master/index.html#doc_lazy_continuation
help: indent this line
   |
57 | ///     (`undefined` when absent) so `ToIndex` runs here. A non-`ArrayBuffer`
   |     ++++

warning: doc list item without indentation
  --> crates/perry-runtime/src/typedarray_view.rs:58:5
   |
58 | /// source routes to the normal `js_typed_array_new` constructor.
   |     ^
   |
   = help: if this is supposed to be its own paragraph, add a blank line
   = help: for further information visit https://rust-lang.github.io/rust-clippy/master/index.html#doc_lazy_continuation
help: indent this line
   |
58 | ///     source routes to the normal `js_typed_array_new` constructor.
   |     ++++

warning: this expression creates a reference which is immediately dereferenced by the compiler
   --> crates/perry-runtime/src/url/node_compat.rs:551:63
    |
551 |             let mut resolved = crate::path::resolve_win32_str(&path);
    |                                                               ^^^^^ help: change this to: `path`
    |
    = help: for further information visit https://rust-lang.github.io/rust-clippy/master/index.html#needless_borrow

warning: this expression creates a reference which is immediately dereferenced by the compiler
   --> crates/perry-runtime/src/url/node_compat.rs:564:55
    |
564 |         let resolved = resolve_path_to_file_url_posix(&path);
    |                                                       ^^^^^ help: change this to: `path`
    |
    = help: for further information visit https://rust-lang.github.io/rust-clippy/master/index.html#needless_borrow

warning: this `if` has identical blocks
   --> crates/perry-runtime/src/url/parse.rs:390:41
    |
390 |       let origin = if protocol == "file:" {
    |  _________________________________________^
391 | |         "null".to_string() // file: URLs have "null" origin
392 | |     } else if host.is_empty() {
    | |_____^
    |
note: same as this
   --> crates/perry-runtime/src/url/parse.rs:392:31
    |
392 |       } else if host.is_empty() {
    |  _______________________________^
393 | |         "null".to_string()
394 | |     } else {
    | |_____^
    = help: for further information visit https://rust-lang.github.io/rust-clippy/master/index.html#if_same_then_else

warning: the use of negated comparison operators on partially ordered types produces code that is hard to read and refactor, please consider using the `partial_cmp` method instead, to make it clear that the two values could be incomparable
   --> crates/perry-runtime/src/validators.rs:146:37
    |
146 |     let below = min.is_some_and(|m| !(n >= m));
    |                                     ^^^^^^^^^
    |
    = help: for further information visit https://rust-lang.github.io/rust-clippy/master/index.html#neg_cmp_op_on_partial_ord

warning: the use of negated comparison operators on partially ordered types produces code that is hard to read and refactor, please consider using the `partial_cmp` method instead, to make it clear that the two values could be incomparable
   --> crates/perry-runtime/src/validators.rs:147:37
    |
147 |     let above = max.is_some_and(|m| !(n <= m));
    |                                     ^^^^^^^^^
    |
    = help: for further information visit https://rust-lang.github.io/rust-clippy/master/index.html#neg_cmp_op_on_partial_ord

warning: this block may be rewritten with the `?` operator
   --> crates/perry-runtime/src/value/addr_class.rs:325:5
    |
325 | /     if crate::gc::gc_type_info((*header_ptr).obj_type).is_none() {
326 | |         return None;
327 | |     }
    | |_____^ help: replace it with: `crate::gc::gc_type_info((*header_ptr).obj_type)?;`
    |
    = help: for further information visit https://rust-lang.github.io/rust-clippy/master/index.html#question_mark

warning: casting to the same type is unnecessary (`u32` -> `u32`)
   --> crates/perry-runtime/src/value/dyn_index.rs:732:17
    |
732 |                 (*(proto_addr as *const crate::typedarray::TypedArrayHeader)).length as u32
    |                 ^^^^^^^^^^^^^^^^^^^^^^^^^^^^^^^^^^^^^^^^^^^^^^^^^^^^^^^^^^^^^^^^^^^^^^^^^^^ help: try: `(*(proto_addr as *const crate::typedarray::TypedArrayHeader)).length`
    |
    = help: for further information visit https://rust-lang.github.io/rust-clippy/master/index.html#unnecessary_cast

warning: unsafe function's docs are missing a `# Safety` section
   --> crates/perry-runtime/src/value/dynamic_arith.rs:449:1
    |
449 | pub unsafe extern "C" fn js_dynamic_mul(a: f64, b: f64) -> f64 {
    | ^^^^^^^^^^^^^^^^^^^^^^^^^^^^^^^^^^^^^^^^^^^^^^^^^^^^^^^^^^^^^^
    |
    = help: for further information visit https://rust-lang.github.io/rust-clippy/master/index.html#missing_safety_doc

warning: unsafe function's docs are missing a `# Safety` section
   --> crates/perry-runtime/src/value/dynamic_arith.rs:470:1
    |
470 | pub unsafe extern "C" fn js_dynamic_add(a: f64, b: f64) -> f64 {
    | ^^^^^^^^^^^^^^^^^^^^^^^^^^^^^^^^^^^^^^^^^^^^^^^^^^^^^^^^^^^^^^
    |
    = help: for further information visit https://rust-lang.github.io/rust-clippy/master/index.html#missing_safety_doc

warning: unsafe function's docs are missing a `# Safety` section
   --> crates/perry-runtime/src/value/dynamic_arith.rs:485:1
    |
485 | pub unsafe extern "C" fn js_to_numeric(value: f64) -> f64 {
    | ^^^^^^^^^^^^^^^^^^^^^^^^^^^^^^^^^^^^^^^^^^^^^^^^^^^^^^^^^
    |
    = help: for further information visit https://rust-lang.github.io/rust-clippy/master/index.html#missing_safety_doc

warning: unsafe function's docs are missing a `# Safety` section
   --> crates/perry-runtime/src/value/dynamic_arith.rs:498:1
    |
498 | pub unsafe extern "C" fn js_numeric_step(numeric: f64, is_increment: i32) -> f64 {
    | ^^^^^^^^^^^^^^^^^^^^^^^^^^^^^^^^^^^^^^^^^^^^^^^^^^^^^^^^^^^^^^^^^^^^^^^^^^^^^^^^
    |
    = help: for further information visit https://rust-lang.github.io/rust-clippy/master/index.html#missing_safety_doc

warning: unsafe function's docs are missing a `# Safety` section
   --> crates/perry-runtime/src/value/dynamic_arith.rs:534:1
    |
534 | pub unsafe extern "C" fn js_dynamic_string_or_number_add(a: f64, b: f64) -> f64 {
    | ^^^^^^^^^^^^^^^^^^^^^^^^^^^^^^^^^^^^^^^^^^^^^^^^^^^^^^^^^^^^^^^^^^^^^^^^^^^^^^^
    |
    = help: for further information visit https://rust-lang.github.io/rust-clippy/master/index.html#missing_safety_doc

warning: unsafe function's docs are missing a `# Safety` section
   --> crates/perry-runtime/src/value/dynamic_arith.rs:645:1
    |
645 | pub unsafe extern "C" fn js_dynamic_sub(a: f64, b: f64) -> f64 {
    | ^^^^^^^^^^^^^^^^^^^^^^^^^^^^^^^^^^^^^^^^^^^^^^^^^^^^^^^^^^^^^^
    |
    = help: for further information visit https://rust-lang.github.io/rust-clippy/master/index.html#missing_safety_doc

warning: unsafe function's docs are missing a `# Safety` section
   --> crates/perry-runtime/src/value/dynamic_arith.rs:666:1
    |
666 | pub unsafe extern "C" fn js_dynamic_div(a: f64, b: f64) -> f64 {
    | ^^^^^^^^^^^^^^^^^^^^^^^^^^^^^^^^^^^^^^^^^^^^^^^^^^^^^^^^^^^^^^
    |
    = help: for further information visit https://rust-lang.github.io/rust-clippy/master/index.html#missing_safety_doc

warning: unsafe function's docs are missing a `# Safety` section
   --> crates/perry-runtime/src/value/dynamic_arith.rs:687:1
    |
687 | pub unsafe extern "C" fn js_dynamic_mod(a: f64, b: f64) -> f64 {
    | ^^^^^^^^^^^^^^^^^^^^^^^^^^^^^^^^^^^^^^^^^^^^^^^^^^^^^^^^^^^^^^
    |
    = help: for further information visit https://rust-lang.github.io/rust-clippy/master/index.html#missing_safety_doc

warning: unsafe function's docs are missing a `# Safety` section
   --> crates/perry-runtime/src/value/dynamic_arith.rs:716:1
    |
716 | pub unsafe extern "C" fn js_dynamic_neg(a: f64) -> f64 {
    | ^^^^^^^^^^^^^^^^^^^^^^^^^^^^^^^^^^^^^^^^^^^^^^^^^^^^^^
    |
    = help: for further information visit https://rust-lang.github.io/rust-clippy/master/index.html#missing_safety_doc

warning: unsafe function's docs are missing a `# Safety` section
   --> crates/perry-runtime/src/value/dynamic_arith.rs:740:1
    |
740 | pub unsafe extern "C" fn js_dynamic_pos(a: f64) -> f64 {
    | ^^^^^^^^^^^^^^^^^^^^^^^^^^^^^^^^^^^^^^^^^^^^^^^^^^^^^^
    |
    = help: for further information visit https://rust-lang.github.io/rust-clippy/master/index.html#missing_safety_doc

warning: unsafe function's docs are missing a `# Safety` section
   --> crates/perry-runtime/src/value/dynamic_arith.rs:795:1
    |
795 | pub unsafe extern "C" fn js_dynamic_shr(a: f64, b: f64) -> f64 {
    | ^^^^^^^^^^^^^^^^^^^^^^^^^^^^^^^^^^^^^^^^^^^^^^^^^^^^^^^^^^^^^^
    |
    = help: for further information visit https://rust-lang.github.io/rust-clippy/master/index.html#missing_safety_doc

warning: unsafe function's docs are missing a `# Safety` section
   --> crates/perry-runtime/src/value/dynamic_arith.rs:819:1
    |
819 | pub unsafe extern "C" fn js_dynamic_shl(a: f64, b: f64) -> f64 {
    | ^^^^^^^^^^^^^^^^^^^^^^^^^^^^^^^^^^^^^^^^^^^^^^^^^^^^^^^^^^^^^^
    |
    = help: for further information visit https://rust-lang.github.io/rust-clippy/master/index.html#missing_safety_doc

warning: unsafe function's docs are missing a `# Safety` section
   --> crates/perry-runtime/src/value/dynamic_arith.rs:843:1
    |
843 | pub unsafe extern "C" fn js_dynamic_bitand(a: f64, b: f64) -> f64 {
    | ^^^^^^^^^^^^^^^^^^^^^^^^^^^^^^^^^^^^^^^^^^^^^^^^^^^^^^^^^^^^^^^^^
    |
    = help: for further information visit https://rust-lang.github.io/rust-clippy/master/index.html#missing_safety_doc

warning: unsafe function's docs are missing a `# Safety` section
   --> crates/perry-runtime/src/value/dynamic_arith.rs:867:1
    |
867 | pub unsafe extern "C" fn js_dynamic_bitor(a: f64, b: f64) -> f64 {
    | ^^^^^^^^^^^^^^^^^^^^^^^^^^^^^^^^^^^^^^^^^^^^^^^^^^^^^^^^^^^^^^^^
    |
    = help: for further information visit https://rust-lang.github.io/rust-clippy/master/index.html#missing_safety_doc

warning: unsafe function's docs are missing a `# Safety` section
   --> crates/perry-runtime/src/value/dynamic_arith.rs:889:1
    |
889 | pub unsafe extern "C" fn js_dynamic_bitxor(a: f64, b: f64) -> f64 {
    | ^^^^^^^^^^^^^^^^^^^^^^^^^^^^^^^^^^^^^^^^^^^^^^^^^^^^^^^^^^^^^^^^^
    |
    = help: for further information visit https://rust-lang.github.io/rust-clippy/master/index.html#missing_safety_doc

warning: unsafe function's docs are missing a `# Safety` section
   --> crates/perry-runtime/src/value/dynamic_arith.rs:914:1
    |
914 | pub unsafe extern "C" fn js_dynamic_pow(a: f64, b: f64) -> f64 {
    | ^^^^^^^^^^^^^^^^^^^^^^^^^^^^^^^^^^^^^^^^^^^^^^^^^^^^^^^^^^^^^^
    |
    = help: for further information visit https://rust-lang.github.io/rust-clippy/master/index.html#missing_safety_doc

warning: unsafe function's docs are missing a `# Safety` section
   --> crates/perry-runtime/src/value/dynamic_arith.rs:941:1
    |
941 | pub unsafe extern "C" fn js_dynamic_ushr(a: f64, b: f64) -> f64 {
    | ^^^^^^^^^^^^^^^^^^^^^^^^^^^^^^^^^^^^^^^^^^^^^^^^^^^^^^^^^^^^^^^
    |
    = help: for further information visit https://rust-lang.github.io/rust-clippy/master/index.html#missing_safety_doc

warning: unsafe function's docs are missing a `# Safety` section
   --> crates/perry-runtime/src/value/dynamic_object.rs:316:1
    |
316 | / pub unsafe extern "C" fn js_dynamic_object_get_property(
317 | |     obj_value: f64,
318 | |     property_name_ptr: *const i8,
319 | |     property_name_len: usize,
320 | | ) -> f64 {
    | |________^
    |
    = help: for further information visit https://rust-lang.github.io/rust-clippy/master/index.html#missing_safety_doc

warning: casting raw pointers to the same type and constness is unnecessary (`*const object::ObjectHeader` -> `*const object::ObjectHeader`)
   --> crates/perry-runtime/src/value/dynamic_object.rs:467:13
    |
467 |             typed as *const crate::object::ObjectHeader,
    |             ^^^^^^^^^^^^^^^^^^^^^^^^^^^^^^^^^^^^^^^^^^^ help: try: `typed`
    |
    = help: for further information visit https://rust-lang.github.io/rust-clippy/master/index.html#unnecessary_cast

warning: unsafe function's docs are missing a `# Safety` section
   --> crates/perry-runtime/src/value/dynamic_object.rs:709:1
    |
709 | / pub unsafe extern "C" fn js_collection_method_dispatch(
710 | |     obj_value: f64,
711 | |     method_ptr: *const u8,
712 | |     method_len: usize,
713 | |     arg0: f64,
714 | |     arg1: f64,
715 | | ) -> f64 {
    | |________^
    |
    = help: for further information visit https://rust-lang.github.io/rust-clippy/master/index.html#missing_safety_doc

warning: unsafe function's docs are missing a `# Safety` section
   --> crates/perry-runtime/src/value/dynamic_object.rs:780:1
    |
780 | pub unsafe extern "C" fn js_dynamic_object_keys(ptr: i64) -> *mut crate::array::ArrayHeader {
    | ^^^^^^^^^^^^^^^^^^^^^^^^^^^^^^^^^^^^^^^^^^^^^^^^^^^^^^^^^^^^^^^^^^^^^^^^^^^^^^^^^^^^^^^^^^^
    |
    = help: for further information visit https://rust-lang.github.io/rust-clippy/master/index.html#missing_safety_doc

warning: unsafe function's docs are missing a `# Safety` section
   --> crates/perry-runtime/src/value/dynamic_object.rs:819:1
    |
819 | pub unsafe extern "C" fn js_get_property(object: f64, name_ptr: i64, name_len: i64) -> f64 {
    | ^^^^^^^^^^^^^^^^^^^^^^^^^^^^^^^^^^^^^^^^^^^^^^^^^^^^^^^^^^^^^^^^^^^^^^^^^^^^^^^^^^^^^^^^^^
    |
    = help: for further information visit https://rust-lang.github.io/rust-clippy/master/index.html#missing_safety_doc

warning: the loop variable `i` is used to index `buf`
   --> crates/perry-runtime/src/value/jsvalue.rs:291:18
    |
291 |         for i in 0..len {
    |                  ^^^^^^
    |
    = help: for further information visit https://rust-lang.github.io/rust-clippy/master/index.html#needless_range_loop
help: consider using an iterator and enumerate()
    |
291 -         for i in 0..len {
291 +         for (i, <item>) in buf.iter_mut().enumerate().take(len) {
    |

warning: doc list item without indentation
   --> crates/perry-runtime/src/value/nanbox.rs:270:5
    |
270 | /// This unified function handles both cases for function parameters.
    |     ^
    |
    = help: if this is supposed to be its own paragraph, add a blank line
    = help: for further information visit https://rust-lang.github.io/rust-clippy/master/index.html#doc_lazy_continuation
help: indent this line
    |
270 | ///    This unified function handles both cases for function parameters.
    |     +++

warning: doc list item without indentation
    --> crates/perry-runtime/src/value/to_string.rs:1826:5
     |
1826 | /// Returns the string pointer as i64.
     |     ^
     |
     = help: if this is supposed to be its own paragraph, add a blank line
     = help: for further information visit https://rust-lang.github.io/rust-clippy/master/index.html#doc_lazy_continuation
help: indent this line
     |
1826 | ///    Returns the string pointer as i64.
     |     +++

warning: doc list item without indentation
  --> crates/perry-runtime/src/value/truthy.rs:13:5
   |
13 | /// Everything else is truthy.
   |     ^
   |
   = help: if this is supposed to be its own paragraph, add a blank line
   = help: for further information visit https://rust-lang.github.io/rust-clippy/master/index.html#doc_lazy_continuation
help: indent this line
   |
13 | ///   Everything else is truthy.
   |     ++

warning: doc list item without indentation
  --> crates/perry-runtime/src/value/truthy.rs:14:5
   |
14 | /// Returns 1 if truthy, 0 if falsy.
   |     ^
   |
   = help: if this is supposed to be its own paragraph, add a blank line
   = help: for further information visit https://rust-lang.github.io/rust-clippy/master/index.html#doc_lazy_continuation
help: indent this line
   |
14 | ///   Returns 1 if truthy, 0 if falsy.
   |     ++

warning: needless call to `as_bytes`
    --> crates/perry-runtime/src/wasi.rs:1089:36
     |
1089 |                 .map_or(1, |value| value.as_bytes().len() + 1)
     |                                    ^^^^^^^^^^^^^^^^^^^^^^ help: `len()` can be called directly on strings: `value.len()`
     |
     = help: for further information visit https://rust-lang.github.io/rust-clippy/master/index.html#needless_as_bytes
     = note: `#[warn(clippy::needless_as_bytes)]` on by default

warning: redundant redefinition of a binding `ptr`
   --> crates/perry-runtime/src/web_storage.rs:377:5
    |
377 |     let ptr = ptr;
    |     ^^^^^^^^^^^^^^
    |
help: `ptr` is initially defined here
   --> crates/perry-runtime/src/web_storage.rs:373:9
    |
373 |     let ptr = crate::value::js_nanbox_get_pointer(this);
    |         ^^^
    = help: for further information visit https://rust-lang.github.io/rust-clippy/master/index.html#redundant_locals
    = note: `#[warn(clippy::redundant_locals)]` on by default

warning: name `MDY` contains a capitalized acronym
   --> crates/perry-runtime/src/i18n.rs:784:5
    |
784 |     MDY,
    |     ^^^ help: consider making the acronym lowercase, except the initial letter: `Mdy`
    |
    = help: for further information visit https://rust-lang.github.io/rust-clippy/master/index.html#upper_case_acronyms
    = note: `#[warn(clippy::upper_case_acronyms)]` on by default

warning: name `DMY` contains a capitalized acronym
   --> crates/perry-runtime/src/i18n.rs:785:5
    |
785 |     DMY,
    |     ^^^ help: consider making the acronym lowercase, except the initial letter: `Dmy`
    |
    = help: for further information visit https://rust-lang.github.io/rust-clippy/master/index.html#upper_case_acronyms

warning: name `YMD` contains a capitalized acronym
   --> crates/perry-runtime/src/i18n.rs:786:5
    |
786 |     YMD,
    |     ^^^ help: consider making the acronym lowercase, except the initial letter: `Ymd`
    |
    = help: for further information visit https://rust-lang.github.io/rust-clippy/master/index.html#upper_case_acronyms

warning: unsafe function's docs are missing a `# Safety` section
   --> crates/perry-runtime/src/json/parse_api.rs:344:1
    |
344 | pub unsafe extern "C" fn js_json_parse(text_ptr: *const StringHeader) -> JSValue {
    | ^^^^^^^^^^^^^^^^^^^^^^^^^^^^^^^^^^^^^^^^^^^^^^^^^^^^^^^^^^^^^^^^^^^^^^^^^^^^^^^^
    |
    = help: for further information visit https://rust-lang.github.io/rust-clippy/master/index.html#missing_safety_doc

warning: unsafe function's docs are missing a `# Safety` section
   --> crates/perry-runtime/src/json/parse_api.rs:697:1
    |
697 | / pub unsafe extern "C" fn js_json_parse_typed_array(
698 | |     text_ptr: *const StringHeader,
699 | |     packed_keys: *const u8,
700 | |     packed_keys_len: u32,
701 | |     field_count: u32,
702 | | ) -> JSValue {
    | |____________^
    |
    = help: for further information visit https://rust-lang.github.io/rust-clippy/master/index.html#missing_safety_doc

warning: the loop variable `index` is used to index `values`
   --> crates/perry-runtime/src/json/parse_reuse.rs:175:18
    |
175 |     for index in 0..(*array).length as usize {
    |                  ^^^^^^^^^^^^^^^^^^^^^^^^^^^
    |
    = help: for further information visit https://rust-lang.github.io/rust-clippy/master/index.html#needless_range_loop
help: consider using an iterator and enumerate()
    |
175 -     for index in 0..(*array).length as usize {
175 +     for (index, <item>) in values.iter_mut().enumerate().take((*array).length as usize) {
    |

warning: manual `!RangeInclusive::contains` implementation
   --> crates/perry-runtime/src/json/parse_reuse.rs:197:12
    |
197 |           || source_len < PARSE_OBJECT_TEMPLATE_MIN_SOURCE_BYTES
    |  ____________^
198 | |         || source_len > PARSE_OBJECT_TEMPLATE_MAX_SOURCE_BYTES
    | |______________________________________________________________^ help: use: `!(PARSE_OBJECT_TEMPLATE_MIN_SOURCE_BYTES..=PARSE_OBJECT_TEMPLATE_MAX_SOURCE_BYTES).contains(&source_len)`
    |
    = help: for further information visit https://rust-lang.github.io/rust-clippy/master/index.html#manual_range_contains

warning: manual `!RangeInclusive::contains` implementation
   --> crates/perry-runtime/src/json/parse_reuse.rs:259:12
    |
259 |           || source_len < PARSE_OBJECT_TEMPLATE_MIN_SOURCE_BYTES
    |  ____________^
260 | |         || source_len > PARSE_OBJECT_TEMPLATE_MAX_SOURCE_BYTES
    | |______________________________________________________________^ help: use: `!(PARSE_OBJECT_TEMPLATE_MIN_SOURCE_BYTES..=PARSE_OBJECT_TEMPLATE_MAX_SOURCE_BYTES).contains(&source_len)`
    |
    = help: for further information visit https://rust-lang.github.io/rust-clippy/master/index.html#manual_range_contains

warning: unsafe function's docs are missing a `# Safety` section
   --> crates/perry-runtime/src/json/raw_json.rs:168:1
    |
168 | pub unsafe extern "C" fn js_json_raw_json(text: f64) -> f64 {
    | ^^^^^^^^^^^^^^^^^^^^^^^^^^^^^^^^^^^^^^^^^^^^^^^^^^^^^^^^^^^
    |
    = help: for further information visit https://rust-lang.github.io/rust-clippy/master/index.html#missing_safety_doc

warning: unsafe function's docs are missing a `# Safety` section
   --> crates/perry-runtime/src/json/raw_json.rs:206:1
    |
206 | pub unsafe extern "C" fn js_json_is_raw_json(value: f64) -> f64 {
    | ^^^^^^^^^^^^^^^^^^^^^^^^^^^^^^^^^^^^^^^^^^^^^^^^^^^^^^^^^^^^^^^
    |
    = help: for further information visit https://rust-lang.github.io/rust-clippy/master/index.html#missing_safety_doc

warning: unsafe function's docs are missing a `# Safety` section
   --> crates/perry-runtime/src/json/replacer.rs:678:1
    |
678 | / pub unsafe extern "C" fn js_json_stringify_with_replacer(
679 | |     value: f64,
680 | |     type_hint: u32,
681 | |     replacer_ptr: i64,
682 | | ) -> *mut StringHeader {
    | |______________________^
    |
    = help: for further information visit https://rust-lang.github.io/rust-clippy/master/index.html#missing_safety_doc

warning: casting raw pointers to the same type and constness is unnecessary (`*const u8` -> `*const u8`)
    --> crates/perry-runtime/src/json/replacer.rs:1018:9
     |
1018 |         (ptr as *const u8).add(std::mem::size_of::<crate::ObjectHeader>()) as *const f64;
     |         ^^^^^^^^^^^^^^^^^^ help: try: `ptr`
     |
     = help: for further information visit https://rust-lang.github.io/rust-clippy/master/index.html#unnecessary_cast

warning: casting raw pointers to the same type and constness is unnecessary (`*const u8` -> `*const u8`)
    --> crates/perry-runtime/src/json/replacer.rs:1213:9
     |
1213 |         (ptr as *const u8).add(std::mem::size_of::<crate::ObjectHeader>()) as *const f64;
     |         ^^^^^^^^^^^^^^^^^^ help: try: `ptr`
     |
     = help: for further information visit https://rust-lang.github.io/rust-clippy/master/index.html#unnecessary_cast

warning: unsafe function's docs are missing a `# Safety` section
    --> crates/perry-runtime/src/json/replacer.rs:1580:1
     |
1580 | / pub unsafe extern "C" fn js_json_stringify_full(
1581 | |     value: f64,
1582 | |     replacer_f64: f64,
1583 | |     spacer_f64: f64,
1584 | | ) -> i64 {
     | |________^
     |
     = help: for further information visit https://rust-lang.github.io/rust-clippy/master/index.html#missing_safety_doc

warning: unneeded late initialization
    --> crates/perry-runtime/src/json/replacer.rs:1663:5
     |
1663 |     let indent_str: String;
     |     ^^^^^^^^^^^^^^^^^^^^^^^
     |
     = help: for further information visit https://rust-lang.github.io/rust-clippy/master/index.html#needless_late_init
help: move the declaration `indent_str` here and remove the assignments from the branches
     |
1663 ~     
1664 |     let spacer_bits = spacer_f64.to_bits();
1665 |     let spacer_tag = spacer_bits & 0xFFFF_0000_0000_0000;
1666 ~     let indent_str: String = if spacer_bits == TAG_NULL || spacer_bits == TAG_UNDEFINED || spacer_bits == TAG_FALSE {
1667 ~         String::new()
1668 |     } else if spacer_tag == STRING_TAG {
 ...
1671 |         let full = str_from_header(sp_ptr).unwrap_or("");
1672 ~         truncate_to_10_utf16_units(full)
1673 |     } else if spacer_tag == crate::value::SHORT_STRING_TAG {
 ...
1681 |         // SSO strings are at most 5 bytes, always ≤ 10 UTF-16 code units; no truncation needed.
1682 ~         std::str::from_utf8(&scratch[..n]).unwrap_or("").to_string()
1683 |     } else if spacer_bits == TAG_TRUE {
1684 ~         String::new()
1685 |     } else {
 ...
1688 |         let n = n.min(10);
1689 ~         " ".repeat(n)
1690 ~     };
     |

warning: unsafe function's docs are missing a `# Safety` section
   --> crates/perry-runtime/src/json/reviver.rs:831:1
    |
831 | / pub unsafe extern "C" fn js_json_parse_with_reviver(
832 | |     text_ptr: *const StringHeader,
833 | |     reviver_ptr: i64,
834 | | ) -> JSValue {
    | |____________^
    |
    = help: for further information visit https://rust-lang.github.io/rust-clippy/master/index.html#missing_safety_doc

warning: unsafe function's docs are missing a `# Safety` section
  --> crates/perry-runtime/src/json/stringify.rs:48:1
   |
48 | pub unsafe fn ptr_is_tracked_heap_object(ptr: *const u8) -> bool {
   | ^^^^^^^^^^^^^^^^^^^^^^^^^^^^^^^^^^^^^^^^^^^^^^^^^^^^^^^^^^^^^^^^
   |
   = help: for further information visit https://rust-lang.github.io/rust-clippy/master/index.html#missing_safety_doc

warning: the following explicit lifetimes could be elided: 'a
  --> crates/perry-runtime/src/json/stringify.rs:77:37
   |
77 | pub(super) unsafe fn object_key_str<'a>(
   |                                     ^^
78 |     key_bits: u64,
79 |     sso: &'a mut [u8; crate::value::SHORT_STRING_MAX_LEN],
   |           ^^
80 | ) -> Option<&'a str> {
   |              ^^
   |
   = help: for further information visit https://rust-lang.github.io/rust-clippy/master/index.html#needless_lifetimes
help: elide the lifetimes
   |
77 ~ pub(super) unsafe fn object_key_str(
78 |     key_bits: u64,
79 ~     sso: &mut [u8; crate::value::SHORT_STRING_MAX_LEN],
80 ~ ) -> Option<&str> {
   |

warning: casting raw pointers to the same type and constness is unnecessary (`*const u8` -> `*const u8`)
   --> crates/perry-runtime/src/json/stringify.rs:197:15
    |
197 |             *((ptr as *const u8).add(crate::closure::CLOSURE_TYPE_TAG_OFFSET) as *const u32);
    |               ^^^^^^^^^^^^^^^^^^ help: try: `ptr`
    |
    = help: for further information visit https://rust-lang.github.io/rust-clippy/master/index.html#unnecessary_cast

warning: unsafe function's docs are missing a `# Safety` section
   --> crates/perry-runtime/src/json/stringify_api.rs:265:1
    |
265 | pub unsafe extern "C" fn js_json_stringify(value: f64, type_hint: u32) -> *mut StringHeader {
    | ^^^^^^^^^^^^^^^^^^^^^^^^^^^^^^^^^^^^^^^^^^^^^^^^^^^^^^^^^^^^^^^^^^^^^^^^^^^^^^^^^^^^^^^^^^^
    |
    = help: for further information visit https://rust-lang.github.io/rust-clippy/master/index.html#missing_safety_doc

warning: unsafe function's docs are missing a `# Safety` section
   --> crates/perry-runtime/src/json/stringify_api.rs:335:1
    |
335 | / pub unsafe extern "C" fn js_json_stringify_string(
336 | |     str_ptr: *const StringHeader,
337 | | ) -> *mut StringHeader {
    | |______________________^
    |
    = help: for further information visit https://rust-lang.github.io/rust-clippy/master/index.html#missing_safety_doc

warning: unsafe function's docs are missing a `# Safety` section
   --> crates/perry-runtime/src/json/stringify_api.rs:354:1
    |
354 | pub unsafe extern "C" fn js_json_stringify_number(value: f64) -> *mut StringHeader {
    | ^^^^^^^^^^^^^^^^^^^^^^^^^^^^^^^^^^^^^^^^^^^^^^^^^^^^^^^^^^^^^^^^^^^^^^^^^^^^^^^^^^
    |
    = help: for further information visit https://rust-lang.github.io/rust-clippy/master/index.html#missing_safety_doc

warning: unsafe function's docs are missing a `# Safety` section
   --> crates/perry-runtime/src/json/stringify_api.rs:372:1
    |
372 | pub unsafe extern "C" fn js_json_stringify_bool(value: bool) -> *mut StringHeader {
    | ^^^^^^^^^^^^^^^^^^^^^^^^^^^^^^^^^^^^^^^^^^^^^^^^^^^^^^^^^^^^^^^^^^^^^^^^^^^^^^^^^
    |
    = help: for further information visit https://rust-lang.github.io/rust-clippy/master/index.html#missing_safety_doc

warning: unsafe function's docs are missing a `# Safety` section
   --> crates/perry-runtime/src/json/stringify_api.rs:379:1
    |
379 | pub unsafe extern "C" fn js_json_stringify_null() -> *mut StringHeader {
    | ^^^^^^^^^^^^^^^^^^^^^^^^^^^^^^^^^^^^^^^^^^^^^^^^^^^^^^^^^^^^^^^^^^^^^^
    |
    = help: for further information visit https://rust-lang.github.io/rust-clippy/master/index.html#missing_safety_doc

warning: unsafe function's docs are missing a `# Safety` section
   --> crates/perry-runtime/src/json/stringify_api.rs:385:1
    |
385 | pub unsafe extern "C" fn js_json_is_valid(text_ptr: *const StringHeader) -> f64 {
    | ^^^^^^^^^^^^^^^^^^^^^^^^^^^^^^^^^^^^^^^^^^^^^^^^^^^^^^^^^^^^^^^^^^^^^^^^^^^^^^^
    |
    = help: for further information visit https://rust-lang.github.io/rust-clippy/master/index.html#missing_safety_doc

warning: unsafe function's docs are missing a `# Safety` section
   --> crates/perry-runtime/src/json/stringify_api.rs:410:1
    |
410 | / pub unsafe extern "C" fn js_json_get_string(
411 | |     json_ptr: *const StringHeader,
412 | |     key_ptr: *const StringHeader,
413 | | ) -> *mut StringHeader {
    | |______________________^
    |
    = help: for further information visit https://rust-lang.github.io/rust-clippy/master/index.html#missing_safety_doc

warning: unsafe function's docs are missing a `# Safety` section
   --> crates/perry-runtime/src/json/stringify_api.rs:433:1
    |
433 | / pub unsafe extern "C" fn js_json_get_number(
434 | |     json_ptr: *const StringHeader,
435 | |     key_ptr: *const StringHeader,
436 | | ) -> f64 {
    | |________^
    |
    = help: for further information visit https://rust-lang.github.io/rust-clippy/master/index.html#missing_safety_doc

warning: unsafe function's docs are missing a `# Safety` section
   --> crates/perry-runtime/src/json/stringify_api.rs:456:1
    |
456 | / pub unsafe extern "C" fn js_json_get_bool(
457 | |     json_ptr: *const StringHeader,
458 | |     key_ptr: *const StringHeader,
459 | | ) -> bool {
    | |_________^
    |
    = help: for further information visit https://rust-lang.github.io/rust-clippy/master/index.html#missing_safety_doc

warning: manual `!RangeInclusive::contains` implementation
   --> crates/perry-runtime/src/json/stringify_flat.rs:355:8
    |
355 |     if len < 64 || len > u32::MAX - 2 {
    |        ^^^^^^^^^^^^^^^^^^^^^^^^^^^^^^ help: use: `!(64..=u32::MAX - 2).contains(&len)`
    |
    = help: for further information visit https://rust-lang.github.io/rust-clippy/master/index.html#manual_range_contains

warning: the loop variable `i` is used to index `value_plan`
   --> crates/perry-runtime/src/json/stringify_record_output.rs:423:14
    |
423 |     for i in 0..fields {
    |              ^^^^^^^^^
    |
    = help: for further information visit https://rust-lang.github.io/rust-clippy/master/index.html#needless_range_loop
help: consider using an iterator and enumerate()
    |
423 -     for i in 0..fields {
423 +     for (i, <item>) in value_plan.iter_mut().enumerate().take(fields) {
    |

warning: the loop variable `i` is used to index `value_plan`
   --> crates/perry-runtime/src/json/stringify_record_output.rs:464:18
    |
464 |         for i in 0..fields {
    |                  ^^^^^^^^^
    |
    = help: for further information visit https://rust-lang.github.io/rust-clippy/master/index.html#needless_range_loop
help: consider using an iterator and enumerate()
    |
464 -         for i in 0..fields {
464 +         for (i, <item>) in value_plan.iter().enumerate().take(fields) {
    |

warning: the loop variable `i` is used to index `value_plan`
   --> crates/perry-runtime/src/json/stringify_record_output.rs:523:14
    |
523 |     for i in 0..fields {
    |              ^^^^^^^^^
    |
    = help: for further information visit https://rust-lang.github.io/rust-clippy/master/index.html#needless_range_loop
help: consider using an iterator and enumerate()
    |
523 -     for i in 0..fields {
523 +     for (i, <item>) in value_plan.iter_mut().enumerate().take(fields) {
    |

warning: the loop variable `i` is used to index `value_plan`
   --> crates/perry-runtime/src/json/stringify_record_output.rs:566:18
    |
566 |         for i in 0..fields {
    |                  ^^^^^^^^^
    |
    = help: for further information visit https://rust-lang.github.io/rust-clippy/master/index.html#needless_range_loop
help: consider using an iterator and enumerate()
    |
566 -         for i in 0..fields {
566 +         for (i, <item>) in value_plan.iter().enumerate().take(fields) {
    |

warning: the loop variable `i` is used to index `value_plan`
   --> crates/perry-runtime/src/json/stringify_record_output.rs:638:26
    |
638 |                 for i in 0..fields {
    |                          ^^^^^^^^^
    |
    = help: for further information visit https://rust-lang.github.io/rust-clippy/master/index.html#needless_range_loop
help: consider using an iterator and enumerate()
    |
638 -                 for i in 0..fields {
638 +                 for (i, <item>) in value_plan.iter().enumerate().take(fields) {
    |

warning: manual implementation of `.is_multiple_of()`
  --> crates/perry-runtime/src/json/stringify_scalars.rs:87:18
   |
87 |     let len = if fraction % 10 != 0 {
   |                  ^^^^^^^^^^^^^^^^^^ help: replace with: `!fraction.is_multiple_of(10)`
   |
   = help: for further information visit https://rust-lang.github.io/rust-clippy/master/index.html#manual_is_multiple_of

warning: manual implementation of `.is_multiple_of()`
  --> crates/perry-runtime/src/json/stringify_scalars.rs:89:15
   |
89 |     } else if fraction % 100 != 0 {
   |               ^^^^^^^^^^^^^^^^^^^ help: replace with: `!fraction.is_multiple_of(100)`
   |
   = help: for further information visit https://rust-lang.github.io/rust-clippy/master/index.html#manual_is_multiple_of

warning: the loop variable `f` is used to index `prefixes`
   --> crates/perry-runtime/src/json/stringify_shape_template.rs:448:18
    |
448 |         for f in 0..shape_fields as usize {
    |                  ^^^^^^^^^^^^^^^^^^^^^^^^
    |
    = help: for further information visit https://rust-lang.github.io/rust-clippy/master/index.html#needless_range_loop
help: consider using an iterator and enumerate()
    |
448 -         for f in 0..shape_fields as usize {
448 +         for (f, <item>) in prefixes.iter().enumerate().take(shape_fields as usize) {
    |

warning: the loop variable `f` is used to index `prefixes`
   --> crates/perry-runtime/src/json/stringify_shape_template.rs:535:14
    |
535 |     for f in 0..shape_fields as usize {
    |              ^^^^^^^^^^^^^^^^^^^^^^^^
    |
    = help: for further information visit https://rust-lang.github.io/rust-clippy/master/index.html#needless_range_loop
help: consider using an iterator and enumerate()
    |
535 -     for f in 0..shape_fields as usize {
535 +     for (f, <item>) in prefixes.iter().enumerate().take(shape_fields as usize) {
    |

warning: manual `Range::contains` implementation
  --> crates/perry-runtime/src/json/stringify_string.rs:68:13
   |
68 |         if (b >= 0xc0 && b < 0xe0 && remaining < 2)
   |             ^^^^^^^^^^^^^^^^^^^^^ help: use: `(0xc0..0xe0).contains(&b)`
   |
   = help: for further information visit https://rust-lang.github.io/rust-clippy/master/index.html#manual_range_contains

warning: manual `Range::contains` implementation
  --> crates/perry-runtime/src/json/stringify_string.rs:69:17
   |
69 |             || (b >= 0xe0 && b < 0xf0 && remaining < 3)
   |                 ^^^^^^^^^^^^^^^^^^^^^ help: use: `(0xe0..0xf0).contains(&b)`
   |
   = help: for further information visit https://rust-lang.github.io/rust-clippy/master/index.html#manual_range_contains

warning: `Vec<T>` is already on the heap, the boxing is unnecessary
   --> crates/perry-runtime/src/json/mod.rs:170:48
    |
170 |     pub(crate) static SHAPE_CACHE: RefCell<Vec<Vec<Box<ShapeTemplate>>>> =
    |                                                ^^^^^^^^^^^^^^^^^^^^^^^ help: try: `Vec<ShapeTemplate>`
    |
    = help: for further information visit https://rust-lang.github.io/rust-clippy/master/index.html#vec_box
    = note: `#[warn(clippy::vec_box)]` on by default

warning: manual implementation of `.is_multiple_of()`
   --> crates/perry-runtime/src/json/mod.rs:890:37
    |
890 |     bits >> 52 == 0 && bits != 0 && bits % RAW_POINTER_ALIGN == 0
    |                                     ^^^^^^^^^^^^^^^^^^^^^^^^^^^^^ help: replace with: `bits.is_multiple_of(RAW_POINTER_ALIGN)`
    |
    = help: for further information visit https://rust-lang.github.io/rust-clippy/master/index.html#manual_is_multiple_of

warning: unsafe function's docs are missing a `# Safety` section
   --> crates/perry-runtime/src/json_tape.rs:594:1
    |
594 | pub unsafe fn materialize(tape: &Tape, bytes: &[u8]) -> JSValue {
    | ^^^^^^^^^^^^^^^^^^^^^^^^^^^^^^^^^^^^^^^^^^^^^^^^^^^^^^^^^^^^^^^
    |
    = help: for further information visit https://rust-lang.github.io/rust-clippy/master/index.html#missing_safety_doc

warning: unsafe function's docs are missing a `# Safety` section
    --> crates/perry-runtime/src/json_tape.rs:1212:5
     |
1212 |     pub unsafe fn tape_slice<'a>(this: *const LazyArrayHeader) -> &'a [TapeEntry] {
     |     ^^^^^^^^^^^^^^^^^^^^^^^^^^^^^^^^^^^^^^^^^^^^^^^^^^^^^^^^^^^^^^^^^^^^^^^^^^^^^
     |
     = help: for further information visit https://rust-lang.github.io/rust-clippy/master/index.html#missing_safety_doc

warning: unsafe function's docs are missing a `# Safety` section
    --> crates/perry-runtime/src/json_tape.rs:1223:5
     |
1223 |     pub unsafe fn blob_bytes<'a>(this: *const LazyArrayHeader) -> &'a [u8] {
     |     ^^^^^^^^^^^^^^^^^^^^^^^^^^^^^^^^^^^^^^^^^^^^^^^^^^^^^^^^^^^^^^^^^^^^^^
     |
     = help: for further information visit https://rust-lang.github.io/rust-clippy/master/index.html#missing_safety_doc

warning: unsafe function's docs are missing a `# Safety` section
    --> crates/perry-runtime/src/json_tape.rs:1250:1
     |
1250 | / pub unsafe fn alloc_lazy_array(
1251 | |     tape_entries: &[TapeEntry],
1252 | |     root_idx: u32,
1253 | |     cached_length: u32,
1254 | |     blob_str: *const crate::StringHeader,
1255 | | ) -> *mut LazyArrayHeader {
     | |_________________________^
     |
     = help: for further information visit https://rust-lang.github.io/rust-clippy/master/index.html#missing_safety_doc

warning: unsafe function's docs are missing a `# Safety` section
    --> crates/perry-runtime/src/json_tape.rs:1520:1
     |
1520 | pub unsafe fn lazy_get(hdr: *mut LazyArrayHeader, i: u32) -> JSValue {
     | ^^^^^^^^^^^^^^^^^^^^^^^^^^^^^^^^^^^^^^^^^^^^^^^^^^^^^^^^^^^^^^^^^^^^
     |
     = help: for further information visit https://rust-lang.github.io/rust-clippy/master/index.html#missing_safety_doc

warning: doc list item without indentation
    --> crates/perry-runtime/src/json_tape.rs:1735:5
     |
1735 | /// `js_json_parse` buys all three with `gc_suppress()`; so must this. The
     |     ^
     |
     = help: if this is supposed to be its own paragraph, add a blank line
     = help: for further information visit https://rust-lang.github.io/rust-clippy/master/index.html#doc_lazy_continuation
help: indent this line
     |
1735 | ///     `js_json_parse` buys all three with `gc_suppress()`; so must this. The
     |     ++++

warning: doc list item without indentation
    --> crates/perry-runtime/src/json_tape.rs:1736:5
     |
1736 | /// window here is a nesting-safe `GcSuppressScope`, because
     |     ^
     |
     = help: if this is supposed to be its own paragraph, add a blank line
     = help: for further information visit https://rust-lang.github.io/rust-clippy/master/index.html#doc_lazy_continuation
help: indent this line
     |
1736 | ///     window here is a nesting-safe `GcSuppressScope`, because
     |     ++++

warning: doc list item without indentation
    --> crates/perry-runtime/src/json_tape.rs:1737:5
     |
1737 | /// `force_materialize_lazy` is reachable from inside stringify and the flat
     |     ^
     |
     = help: if this is supposed to be its own paragraph, add a blank line
     = help: for further information visit https://rust-lang.github.io/rust-clippy/master/index.html#doc_lazy_continuation
help: indent this line
     |
1737 | ///     `force_materialize_lazy` is reachable from inside stringify and the flat
     |     ++++

warning: doc list item without indentation
    --> crates/perry-runtime/src/json_tape.rs:1738:5
     |
1738 | /// `gc_unsuppress()` would end an outer window early.
     |     ^
     |
     = help: if this is supposed to be its own paragraph, add a blank line
     = help: for further information visit https://rust-lang.github.io/rust-clippy/master/index.html#doc_lazy_continuation
help: indent this line
     |
1738 | ///     `gc_unsuppress()` would end an outer window early.
     |     ++++

warning: unsafe function's docs are missing a `# Safety` section
    --> crates/perry-runtime/src/json_tape.rs:1836:1
     |
1836 | pub unsafe fn force_materialize_lazy(hdr: *mut LazyArrayHeader) -> *mut crate::array::ArrayHeader {
     | ^^^^^^^^^^^^^^^^^^^^^^^^^^^^^^^^^^^^^^^^^^^^^^^^^^^^^^^^^^^^^^^^^^^^^^^^^^^^^^^^^^^^^^^^^^^^^^^^^
     |
     = help: for further information visit https://rust-lang.github.io/rust-clippy/master/index.html#missing_safety_doc

warning: unsafe function's docs are missing a `# Safety` section
    --> crates/perry-runtime/src/json_tape.rs:1963:1
     |
1963 | pub unsafe fn materialize_from_idx(tape: &[TapeEntry], bytes: &[u8], start_idx: usize) -> JSValue {
     | ^^^^^^^^^^^^^^^^^^^^^^^^^^^^^^^^^^^^^^^^^^^^^^^^^^^^^^^^^^^^^^^^^^^^^^^^^^^^^^^^^^^^^^^^^^^^^^^^^
     |
     = help: for further information visit https://rust-lang.github.io/rust-clippy/master/index.html#missing_safety_doc

warning: doc list item without indentation
   --> crates/perry-runtime/src/proxy/put_value.rs:603:5
    |
603 | /// through to the full `[[Set]]` semantics and re-primes.
    |     ^
    |
    = help: if this is supposed to be its own paragraph, add a blank line
    = help: for further information visit https://rust-lang.github.io/rust-clippy/master/index.html#doc_lazy_continuation
help: indent this line
    |
603 | ///   through to the full `[[Set]]` semantics and re-primes.
    |     ++

warning: the loop variable `i` is used to index `slots`
    --> crates/perry-runtime/src/proxy/put_value.rs:1727:14
     |
1727 |     for i in 0..required_len as usize {
     |              ^^^^^^^^^^^^^^^^^^^^^^^^
     |
     = help: for further information visit https://rust-lang.github.io/rust-clippy/master/index.html#needless_range_loop
help: consider using an iterator and enumerate()
     |
1727 -     for i in 0..required_len as usize {
1727 +     for (i, <item>) in slots.iter().enumerate().take(required_len as usize) {
     |

warning: this `let...else` may be rewritten with the `?` operator
    --> crates/perry-runtime/src/proxy.rs:1270:5
     |
1270 | /     let Some((ptr, len)) = crate::string::str_bytes_from_jsvalue(key, &mut scratch) else {
1271 | |         return None;
1272 | |     };
     | |______^ help: replace it with: `let (ptr, len) = crate::string::str_bytes_from_jsvalue(key, &mut scratch)?;`
     |
     = help: for further information visit https://rust-lang.github.io/rust-clippy/master/index.html#question_mark

warning: returning the result of a `let` binding from a block
    --> crates/perry-runtime/src/proxy.rs:1947:29
     |
1934 | / ...                   let verdict = if plan_eligible
1935 | | ...                       && crate::object::prop_plan::store_plan_check(class_id, interned)
1936 | | ...                   {
1937 | | ...                       true
...    |
1945 | | ...                       clear
1946 | | ...                   };
     | |________________________- unnecessary `let` binding
1947 |   ...                   verdict
     |                         ^^^^^^^
     |
     = help: for further information visit https://rust-lang.github.io/rust-clippy/master/index.html#let_and_return
help: return the expression directly
     |
1934 ~                             
1935 ~                             if plan_eligible
1936 +                                 && crate::object::prop_plan::store_plan_check(class_id, interned)
1937 +                             {
1938 +                                 true
1939 +                             } else {
1940 +                                 let clear = !crate::object::class_instance_set_may_intercept(
1941 +                                     addr, class_id, key,
1942 +                                 );
1943 +                                 if clear && plan_eligible {
1944 +                                     crate::object::prop_plan::store_plan_record(class_id, interned);
1945 +                                 }
1946 +                                 clear
1947 +                             }
     |

warning: unsafe function's docs are missing a `# Safety` section
   --> crates/perry-runtime/src/thread.rs:358:1
    |
358 | pub unsafe fn serialize_nanbox_for_thread(bits: u64) -> SerializedValue {
    | ^^^^^^^^^^^^^^^^^^^^^^^^^^^^^^^^^^^^^^^^^^^^^^^^^^^^^^^^^^^^^^^^^^^^^^^
    |
    = help: for further information visit https://rust-lang.github.io/rust-clippy/master/index.html#missing_safety_doc

warning: unsafe function's docs are missing a `# Safety` section
   --> crates/perry-runtime/src/thread.rs:778:1
    |
778 | pub unsafe fn deserialize_nanbox_on_current_thread(sv: &SerializedValue) -> u64 {
    | ^^^^^^^^^^^^^^^^^^^^^^^^^^^^^^^^^^^^^^^^^^^^^^^^^^^^^^^^^^^^^^^^^^^^^^^^^^^^^^^
    |
    = help: for further information visit https://rust-lang.github.io/rust-clippy/master/index.html#missing_safety_doc

warning: unsafe function's docs are missing a `# Safety` section
   --> crates/perry-runtime/src/tls.rs:355:1
    |
355 | / pub unsafe extern "C" fn js_tls_client_record_start(
356 | |     handle: i64,
357 | |     options: f64,
358 | |     servername_ptr: *const u8,
359 | |     servername_len: usize,
360 | | ) {
    | |_^
    |
    = help: for further information visit https://rust-lang.github.io/rust-clippy/master/index.html#missing_safety_doc

warning: unsafe function's docs are missing a `# Safety` section
   --> crates/perry-runtime/src/tls.rs:403:1
    |
403 | / pub unsafe extern "C" fn js_tls_client_record_connected(
404 | |     handle: i64,
405 | |     authorized: i32,
406 | |     authorization_error_ptr: *const u8,
...   |
415 | |     own_cert_len: usize,
416 | | ) {
    | |_^
    |
    = help: for further information visit https://rust-lang.github.io/rust-clippy/master/index.html#missing_safety_doc

warning: unsafe function's docs are missing a `# Safety` section
   --> crates/perry-runtime/src/tls.rs:548:1
    |
548 | pub unsafe fn tls_legacy_certificate_object(der: &[u8], detailed: bool) -> f64 {
    | ^^^^^^^^^^^^^^^^^^^^^^^^^^^^^^^^^^^^^^^^^^^^^^^^^^^^^^^^^^^^^^^^^^^^^^^^^^^^^^
    |
    = help: for further information visit https://rust-lang.github.io/rust-clippy/master/index.html#missing_safety_doc

warning: unsafe function's docs are missing a `# Safety` section
   --> crates/perry-runtime/src/tls.rs:580:1
    |
580 | pub unsafe extern "C" fn js_tls_client_check_identity_from_metadata(handle: i64) -> f64 {
    | ^^^^^^^^^^^^^^^^^^^^^^^^^^^^^^^^^^^^^^^^^^^^^^^^^^^^^^^^^^^^^^^^^^^^^^^^^^^^^^^^^^^^^^^
    |
    = help: for further information visit https://rust-lang.github.io/rust-clippy/master/index.html#missing_safety_doc

warning: this `if` statement can be collapsed
   --> crates/perry-runtime/src/tls.rs:944:5
    |
944 | /     if !JSValue::from_bits(pfx.to_bits()).is_undefined() && !is_falsy_material(pfx) {
945 | |         if value_to_bytes(pfx).is_none() {
946 | |             throw_error_with_code("ERR_CRYPTO_OPERATION_FAILED", "Unable to load PFX material");
947 | |         }
948 | |     }
    | |_____^
    |
    = help: for further information visit https://rust-lang.github.io/rust-clippy/master/index.html#collapsible_if
help: collapse nested if block
    |
944 ~     if !JSValue::from_bits(pfx.to_bits()).is_undefined() && !is_falsy_material(pfx)
945 ~         && value_to_bytes(pfx).is_none() {
946 |             throw_error_with_code("ERR_CRYPTO_OPERATION_FAILED", "Unable to load PFX material");
947 ~         }
    |

warning: the variable `c` is used as a loop counter
   --> crates/perry-runtime/src/tui/cell.rs:124:9
    |
124 |         for ch in text.chars() {
    |         ^^^^^^^^^^^^^^^^^^^^^^ help: consider using: `for (c, ch) in (col..).zip(text.chars())`
    |
    = help: for further information visit https://rust-lang.github.io/rust-clippy/master/index.html#explicit_counter_loop
    = note: `#[warn(clippy::explicit_counter_loop)]` on by default

warning: field assignment outside of initializer for an instance created with Default::default()
   --> crates/perry-runtime/src/tui/ffi.rs:282:5
    |
282 |     s.flex_grow = 1;
    |     ^^^^^^^^^^^^^^^^
    |
note: consider initializing the variable with `tui::style::BoxStyle { flex_grow: 1, ..Default::default() }` and removing relevant reassignments
   --> crates/perry-runtime/src/tui/ffi.rs:281:5
    |
281 |     let mut s = super::style::BoxStyle::default();
    |     ^^^^^^^^^^^^^^^^^^^^^^^^^^^^^^^^^^^^^^^^^^^^^^
    = help: for further information visit https://rust-lang.github.io/rust-clippy/master/index.html#field_reassign_with_default
    = note: `#[warn(clippy::field_reassign_with_default)]` on by default

warning: the loop variable `ci` is used to index `widths`
   --> crates/perry-runtime/src/tui/ffi.rs:744:19
    |
744 |         for ci in 0..cols {
    |                   ^^^^^^^
    |
    = help: for further information visit https://rust-lang.github.io/rust-clippy/master/index.html#needless_range_loop
help: consider using an iterator and enumerate()
    |
744 -         for ci in 0..cols {
744 +         for (ci, <item>) in widths.iter().enumerate().take(cols) {
    |

warning: this `if let` can be collapsed into the outer `if let`
   --> crates/perry-runtime/src/tui/layout.rs:205:9
    |
205 | /         if let Node::Box { children, .. } = node {
206 | |             for c in &children {
207 | |                 walk_layout(taffy, map, *c, row, col, out);
208 | |             }
209 | |         }
    | |_________^
    |
help: the outer pattern can be modified to include the inner pattern
   --> crates/perry-runtime/src/tui/layout.rs:204:17
    |
204 |     if let Some(node) = lookup(handle) {
    |                 ^^^^ replace this binding
205 |         if let Node::Box { children, .. } = node {
    |                ^^^^^^^^^^^^^^^^^^^^^^^^^^ with this pattern
    = help: for further information visit https://rust-lang.github.io/rust-clippy/master/index.html#collapsible_match

warning: match expression looks like `matches!` macro
   --> crates/perry-runtime/src/tui/render.rs:132:29
    |
132 |               let need_move = match last_pos {
    |  _____________________________^
133 | |                 Some((r, c)) if r == row && c + 1 == col => false,
134 | |                 _ => true,
135 | |             };
    | |_____________^
    |
    = help: for further information visit https://rust-lang.github.io/rust-clippy/master/index.html#match_like_matches_macro
    = note: `#[warn(clippy::match_like_matches_macro)]` on by default
help: use `matches!` directly
    |
132 -             let need_move = match last_pos {
133 -                 Some((r, c)) if r == row && c + 1 == col => false,
134 -                 _ => true,
135 -             };
132 +             let need_move = !matches!(last_pos, Some((r, c)) if r == row && c + 1 == col);
    |

warning: this manual char comparison can be written more succinctly
   --> crates/perry-runtime/src/update_notify.rs:108:23
    |
108 |                 .find(|c: char| c == ',' || c == '}')
    |                       ^^^^^^^^^^^^^^^^^^^^^^^^^^^^^^ help: consider using an array of `char`: `[',', '}']`
    |
    = help: for further information visit https://rust-lang.github.io/rust-clippy/master/index.html#manual_pattern_char_comparison
    = note: `#[warn(clippy::manual_pattern_char_comparison)]` on by default

warning: casting raw pointers to the same type and constness is unnecessary (`*const u8` -> `*const u8`)
  --> crates/perry-runtime/src/util_mime.rs:79:58
   |
79 |     if ptr.is_null() || !crate::object::is_valid_obj_ptr(ptr as *const u8) {
   |                                                          ^^^^^^^^^^^^^^^^ help: try: `ptr`
   |
   = help: for further information visit https://rust-lang.github.io/rust-clippy/master/index.html#unnecessary_cast

warning: this function has too many arguments (8/7)
   --> crates/perry-runtime/src/util_parse_args.rs:224:1
    |
224 | / fn parse_long_option(
225 | |     args: &[ArgValue],
226 | |     index: &mut usize,
227 | |     long: &str,
...   |
232 | |     tokens: Option<&crate::gc::RuntimeHandle<'_>>,
233 | | ) {
    | |_^
    |
    = help: for further information visit https://rust-lang.github.io/rust-clippy/master/index.html#too_many_arguments

warning: methods called `as_*` usually take `self` by reference or `self` by mutable reference
   --> crates/perry-runtime/src/util_parse_args.rs:862:20
    |
862 |     fn as_f64_bits(self) -> f64;
    |                    ^^^^
    |
    = help: consider choosing a less ambiguous name
    = help: for further information visit https://rust-lang.github.io/rust-clippy/master/index.html#wrong_self_convention
    = note: `#[warn(clippy::wrong_self_convention)]` on by default

warning: this `let...else` may be rewritten with the `?` operator
   --> crates/perry-runtime/src/util_promisify.rs:811:5
    |
811 | /     let Some(gc_header) = (unsafe { crate::value::addr_class::try_read_gc_header(addr) }) else {
812 | |         return None;
813 | |     };
    | |______^ help: replace it with: `let gc_header = (unsafe { crate::value::addr_class::try_read_gc_header(addr) })?;`
    |
    = help: for further information visit https://rust-lang.github.io/rust-clippy/master/index.html#question_mark

warning: doc list item without indentation
  --> crates/perry-runtime/src/util_syserr.rs:15:5
   |
15 | //! Both message-set and the entry list were taken verbatim from Node's
   |     ^
   |
   = help: if this is supposed to be its own paragraph, add a blank line
   = help: for further information visit https://rust-lang.github.io/rust-clippy/master/index.html#doc_lazy_continuation
help: indent this line
   |
15 | //!     Both message-set and the entry list were taken verbatim from Node's
   |     ++++

warning: doc list item without indentation
  --> crates/perry-runtime/src/util_syserr.rs:16:5
   |
16 | //! `util.getSystemErrorMap()`.
   |     ^
   |
   = help: if this is supposed to be its own paragraph, add a blank line
   = help: for further information visit https://rust-lang.github.io/rust-clippy/master/index.html#doc_lazy_continuation
help: indent this line
   |
16 | //!     `util.getSystemErrorMap()`.
   |     ++++

warning: calling `as_bytes` after slicing a string
   --> crates/perry-runtime/src/util_syserr.rs:200:25
    |
200 |     for (idx, chunk) in digits[first..].as_bytes().chunks(3).enumerate() {
    |                         ^^^^^^^^^^^^^^^^^^^^^^^^^^ help: try: `&digits.as_bytes()[first..]`
    |
    = help: for further information visit https://rust-lang.github.io/rust-clippy/master/index.html#sliced_string_as_bytes
    = note: `#[warn(clippy::sliced_string_as_bytes)]` on by default

warning: named constant with interior mutability
    --> crates/perry-runtime/src/lib.rs:1096:15
     |
1096 |         const ZERO: AtomicU8 = AtomicU8::new(0);
     |               ^^^^
     |
     = help: did you mean to make this a `static` item
     = help: for further information visit https://rust-lang.github.io/rust-clippy/master/index.html#declare_interior_mutable_const

warning: `perry-runtime` (lib) generated 723 warnings (run `cargo clippy --fix --lib -p perry-runtime -- ` to apply 203 suggestions)
    Checking perry-updater v0.5.1532 (/dev/shm/perry-startup-27c598181/perry/crates/perry-updater)
warning: all variants have the same postfix: `Notes`
  --> crates/perry/src/commands/appstore.rs:18:1
   |
18 | / pub enum AppStoreCommand {
19 | |     /// Set or update "What's New" release notes for App Store / Google Play
20 | |     UpdateNotes {
21 | |         /// The release notes text
...  |
33 | |     ClearNotes,
34 | | }
   | |_^
   |
   = help: remove the postfixes and use full paths to the variants instead of glob imports
   = help: for further information visit https://rust-lang.github.io/rust-clippy/master/index.html#enum_variant_names
   = note: `#[warn(clippy::enum_variant_names)]` on by default

warning: redundant reference in `format!` argument
   --> crates/perry/src/commands/appstore.rs:104:13
    |
104 |             &content[..start].trim_end(),
    |             ^^^^^^^^^^^^^^^^^^^^^^^^^^^^ help: remove the redundant `&`: `content[..start].trim_end()`
    |
    = help: for further information visit https://rust-lang.github.io/rust-clippy/master/index.html#useless_borrows_in_formatting
    = note: `#[warn(clippy::useless_borrows_in_formatting)]` on by default

warning: this function has too many arguments (8/7)
   --> crates/perry/src/commands/audit.rs:163:1
    |
163 | / pub async fn run_audit_check(
164 | |     project_dir: &Path,
165 | |     verify_url: &str,
166 | |     app_type: &str,
...   |
171 | |     format: OutputFormat,
172 | | ) -> Result<AuditResponse> {
    | |__________________________^
    |
    = help: for further information visit https://rust-lang.github.io/rust-clippy/master/index.html#too_many_arguments
    = note: `#[warn(clippy::too_many_arguments)]` on by default

warning: redundant closure
  --> crates/perry/src/commands/compile/audit_manifest.rs:63:64
   |
63 |     let json = serde_json::to_string_pretty(&manifest).map_err(|e| std::io::Error::other(e))?;
   |                                                                ^^^^^^^^^^^^^^^^^^^^^^^^^^^^ help: replace the closure with the associated function itself: `std::io::Error::other`
   |
   = help: for further information visit https://rust-lang.github.io/rust-clippy/master/index.html#redundant_closure
   = note: `#[warn(clippy::redundant_closure)]` on by default

warning: this function has too many arguments (8/7)
   --> crates/perry/src/commands/compile/build_cache.rs:659:5
    |
659 | /     pub(super) fn write_manifest_after_success(
660 | |         &self,
661 | |         stats: &mut BuildCacheStats,
662 | |         ctx: &CompilationContext,
...   |
667 | |         runtime_inputs: &[PathBuf],
668 | |     ) {
    | |_____^
    |
    = help: for further information visit https://rust-lang.github.io/rust-clippy/master/index.html#too_many_arguments

warning: this function has too many arguments (8/7)
   --> crates/perry/src/commands/compile/bundle_apple.rs:200:1
    |
200 | / pub(super) fn bundle_for_watchos(
201 | |     exe_path: &Path,
202 | |     stem: &str,
203 | |     target: Option<&str>,
...   |
208 | |     format: OutputFormat,
209 | | ) -> Result<(PathBuf, String)> {
    | |______________________________^
    |
    = help: for further information visit https://rust-lang.github.io/rust-clippy/master/index.html#too_many_arguments

warning: this function has too many arguments (8/7)
   --> crates/perry/src/commands/compile/bundle_apple.rs:654:1
    |
654 | / pub(super) fn bundle_for_visionos(
655 | |     exe_path: &Path,
656 | |     stem: &str,
657 | |     target: Option<&str>,
...   |
662 | |     format: OutputFormat,
663 | | ) -> Result<(PathBuf, String)> {
    | |______________________________^
    |
    = help: for further information visit https://rust-lang.github.io/rust-clippy/master/index.html#too_many_arguments

warning: this `if` has identical blocks
   --> crates/perry/src/commands/compile/cjs_wrap/hoist_classes.rs:799:75
    |
799 |           } else if rest.starts_with(b"let ") || rest.starts_with(b"let\t") {
    |  ___________________________________________________________________________^
800 | |             4
801 | |         } else if rest.starts_with(b"var ") || rest.starts_with(b"var\t") {
    | |_________^
    |
note: same as this
   --> crates/perry/src/commands/compile/cjs_wrap/hoist_classes.rs:801:75
    |
801 |           } else if rest.starts_with(b"var ") || rest.starts_with(b"var\t") {
    |  ___________________________________________________________________________^
802 | |             4
803 | |         } else {
    | |_________^
    = help: for further information visit https://rust-lang.github.io/rust-clippy/master/index.html#if_same_then_else
    = note: `#[warn(clippy::if_same_then_else)]` on by default

warning: unneeded `return` statement
    --> crates/perry/src/commands/compile/cjs_wrap/wrap.rs:1244:9
     |
1244 |         return Some("x64");
     |         ^^^^^^^^^^^^^^^^^^
     |
     = help: for further information visit https://rust-lang.github.io/rust-clippy/master/index.html#needless_return
     = note: `#[warn(clippy::needless_return)]` on by default
help: remove `return`
     |
1244 -         return Some("x64");
1244 +         Some("x64")
     |

warning: redundant reference in `format!` argument
   --> crates/perry/src/commands/compile/collect_modules/feature_detect.rs:134:13
    |
134 |             &hir_module.init, &hir_module.functions, &hir_module.classes
    |             ^^^^^^^^^^^^^^^^ help: remove the redundant `&`: `hir_module.init`
    |
    = help: for further information visit https://rust-lang.github.io/rust-clippy/master/index.html#useless_borrows_in_formatting

warning: redundant reference in `format!` argument
   --> crates/perry/src/commands/compile/collect_modules/feature_detect.rs:134:31
    |
134 |             &hir_module.init, &hir_module.functions, &hir_module.classes
    |                               ^^^^^^^^^^^^^^^^^^^^^ help: remove the redundant `&`: `hir_module.functions`
    |
    = help: for further information visit https://rust-lang.github.io/rust-clippy/master/index.html#useless_borrows_in_formatting

warning: redundant reference in `format!` argument
   --> crates/perry/src/commands/compile/collect_modules/feature_detect.rs:134:54
    |
134 |             &hir_module.init, &hir_module.functions, &hir_module.classes
    |                                                      ^^^^^^^^^^^^^^^^^^^ help: remove the redundant `&`: `hir_module.classes`
    |
    = help: for further information visit https://rust-lang.github.io/rust-clippy/master/index.html#useless_borrows_in_formatting

warning: redundant reference in `format!` argument
   --> crates/perry/src/commands/compile/collect_modules/feature_detect.rs:182:13
    |
182 |             &hir_module.init, &hir_module.functions, &hir_module.classes
    |             ^^^^^^^^^^^^^^^^ help: remove the redundant `&`: `hir_module.init`
    |
    = help: for further information visit https://rust-lang.github.io/rust-clippy/master/index.html#useless_borrows_in_formatting

warning: redundant reference in `format!` argument
   --> crates/perry/src/commands/compile/collect_modules/feature_detect.rs:182:31
    |
182 |             &hir_module.init, &hir_module.functions, &hir_module.classes
    |                               ^^^^^^^^^^^^^^^^^^^^^ help: remove the redundant `&`: `hir_module.functions`
    |
    = help: for further information visit https://rust-lang.github.io/rust-clippy/master/index.html#useless_borrows_in_formatting

warning: redundant reference in `format!` argument
   --> crates/perry/src/commands/compile/collect_modules/feature_detect.rs:182:54
    |
182 |             &hir_module.init, &hir_module.functions, &hir_module.classes
    |                                                      ^^^^^^^^^^^^^^^^^^^ help: remove the redundant `&`: `hir_module.classes`
    |
    = help: for further information visit https://rust-lang.github.io/rust-clippy/master/index.html#useless_borrows_in_formatting

warning: redundant reference in `format!` argument
   --> crates/perry/src/commands/compile/collect_modules/feature_detect.rs:199:53
    |
199 |         let hir_debug: String = format!("{:?}{:?}", &hir_module.init, &hir_module.functions);
    |                                                     ^^^^^^^^^^^^^^^^ help: remove the redundant `&`: `hir_module.init`
    |
    = help: for further information visit https://rust-lang.github.io/rust-clippy/master/index.html#useless_borrows_in_formatting

warning: redundant reference in `format!` argument
   --> crates/perry/src/commands/compile/collect_modules/feature_detect.rs:199:71
    |
199 |         let hir_debug: String = format!("{:?}{:?}", &hir_module.init, &hir_module.functions);
    |                                                                       ^^^^^^^^^^^^^^^^^^^^^ help: remove the redundant `&`: `hir_module.functions`
    |
    = help: for further information visit https://rust-lang.github.io/rust-clippy/master/index.html#useless_borrows_in_formatting

warning: redundant reference in `format!` argument
   --> crates/perry/src/commands/compile/collect_modules/feature_detect.rs:239:13
    |
239 |             &hir_module.init, &hir_module.functions, &hir_module.classes
    |             ^^^^^^^^^^^^^^^^ help: remove the redundant `&`: `hir_module.init`
    |
    = help: for further information visit https://rust-lang.github.io/rust-clippy/master/index.html#useless_borrows_in_formatting

warning: redundant reference in `format!` argument
   --> crates/perry/src/commands/compile/collect_modules/feature_detect.rs:239:31
    |
239 |             &hir_module.init, &hir_module.functions, &hir_module.classes
    |                               ^^^^^^^^^^^^^^^^^^^^^ help: remove the redundant `&`: `hir_module.functions`
    |
    = help: for further information visit https://rust-lang.github.io/rust-clippy/master/index.html#useless_borrows_in_formatting

warning: redundant reference in `format!` argument
   --> crates/perry/src/commands/compile/collect_modules/feature_detect.rs:239:54
    |
239 |             &hir_module.init, &hir_module.functions, &hir_module.classes
    |                                                      ^^^^^^^^^^^^^^^^^^^ help: remove the redundant `&`: `hir_module.classes`
    |
    = help: for further information visit https://rust-lang.github.io/rust-clippy/master/index.html#useless_borrows_in_formatting

warning: redundant reference in `format!` argument
   --> crates/perry/src/commands/compile/collect_modules/feature_detect.rs:268:13
    |
268 |             &hir_module.init, &hir_module.functions, &hir_module.classes
    |             ^^^^^^^^^^^^^^^^ help: remove the redundant `&`: `hir_module.init`
    |
    = help: for further information visit https://rust-lang.github.io/rust-clippy/master/index.html#useless_borrows_in_formatting

warning: redundant reference in `format!` argument
   --> crates/perry/src/commands/compile/collect_modules/feature_detect.rs:268:31
    |
268 |             &hir_module.init, &hir_module.functions, &hir_module.classes
    |                               ^^^^^^^^^^^^^^^^^^^^^ help: remove the redundant `&`: `hir_module.functions`
    |
    = help: for further information visit https://rust-lang.github.io/rust-clippy/master/index.html#useless_borrows_in_formatting

warning: redundant reference in `format!` argument
   --> crates/perry/src/commands/compile/collect_modules/feature_detect.rs:268:54
    |
268 |             &hir_module.init, &hir_module.functions, &hir_module.classes
    |                                                      ^^^^^^^^^^^^^^^^^^^ help: remove the redundant `&`: `hir_module.classes`
    |
    = help: for further information visit https://rust-lang.github.io/rust-clippy/master/index.html#useless_borrows_in_formatting

warning: redundant reference in `format!` argument
   --> crates/perry/src/commands/compile/collect_modules/feature_detect.rs:290:53
    |
290 |         let hir_debug: String = format!("{:?}{:?}", &hir_module.init, &hir_module.functions);
    |                                                     ^^^^^^^^^^^^^^^^ help: remove the redundant `&`: `hir_module.init`
    |
    = help: for further information visit https://rust-lang.github.io/rust-clippy/master/index.html#useless_borrows_in_formatting

warning: redundant reference in `format!` argument
   --> crates/perry/src/commands/compile/collect_modules/feature_detect.rs:290:71
    |
290 |         let hir_debug: String = format!("{:?}{:?}", &hir_module.init, &hir_module.functions);
    |                                                                       ^^^^^^^^^^^^^^^^^^^^^ help: remove the redundant `&`: `hir_module.functions`
    |
    = help: for further information visit https://rust-lang.github.io/rust-clippy/master/index.html#useless_borrows_in_formatting

warning: redundant reference in `format!` argument
   --> crates/perry/src/commands/compile/collect_modules/feature_detect.rs:305:53
    |
305 |         let hir_debug: String = format!("{:?}{:?}", &hir_module.init, &hir_module.functions);
    |                                                     ^^^^^^^^^^^^^^^^ help: remove the redundant `&`: `hir_module.init`
    |
    = help: for further information visit https://rust-lang.github.io/rust-clippy/master/index.html#useless_borrows_in_formatting

warning: redundant reference in `format!` argument
   --> crates/perry/src/commands/compile/collect_modules/feature_detect.rs:305:71
    |
305 |         let hir_debug: String = format!("{:?}{:?}", &hir_module.init, &hir_module.functions);
    |                                                                       ^^^^^^^^^^^^^^^^^^^^^ help: remove the redundant `&`: `hir_module.functions`
    |
    = help: for further information visit https://rust-lang.github.io/rust-clippy/master/index.html#useless_borrows_in_formatting

warning: redundant reference in `format!` argument
   --> crates/perry/src/commands/compile/collect_modules/feature_detect.rs:334:13
    |
334 |             &hir_module.init, &hir_module.functions, &hir_module.classes
    |             ^^^^^^^^^^^^^^^^ help: remove the redundant `&`: `hir_module.init`
    |
    = help: for further information visit https://rust-lang.github.io/rust-clippy/master/index.html#useless_borrows_in_formatting

warning: redundant reference in `format!` argument
   --> crates/perry/src/commands/compile/collect_modules/feature_detect.rs:334:31
    |
334 |             &hir_module.init, &hir_module.functions, &hir_module.classes
    |                               ^^^^^^^^^^^^^^^^^^^^^ help: remove the redundant `&`: `hir_module.functions`
    |
    = help: for further information visit https://rust-lang.github.io/rust-clippy/master/index.html#useless_borrows_in_formatting

warning: redundant reference in `format!` argument
   --> crates/perry/src/commands/compile/collect_modules/feature_detect.rs:334:54
    |
334 |             &hir_module.init, &hir_module.functions, &hir_module.classes
    |                                                      ^^^^^^^^^^^^^^^^^^^ help: remove the redundant `&`: `hir_module.classes`
    |
    = help: for further information visit https://rust-lang.github.io/rust-clippy/master/index.html#useless_borrows_in_formatting

warning: redundant reference in `format!` argument
   --> crates/perry/src/commands/compile/collect_modules/feature_detect.rs:369:53
    |
369 |         let hir_debug: String = format!("{:?}{:?}", &hir_module.init, &hir_module.functions);
    |                                                     ^^^^^^^^^^^^^^^^ help: remove the redundant `&`: `hir_module.init`
    |
    = help: for further information visit https://rust-lang.github.io/rust-clippy/master/index.html#useless_borrows_in_formatting

warning: redundant reference in `format!` argument
   --> crates/perry/src/commands/compile/collect_modules/feature_detect.rs:369:71
    |
369 |         let hir_debug: String = format!("{:?}{:?}", &hir_module.init, &hir_module.functions);
    |                                                                       ^^^^^^^^^^^^^^^^^^^^^ help: remove the redundant `&`: `hir_module.functions`
    |
    = help: for further information visit https://rust-lang.github.io/rust-clippy/master/index.html#useless_borrows_in_formatting

warning: redundant reference in `format!` argument
   --> crates/perry/src/commands/compile/collect_modules/feature_detect.rs:390:53
    |
390 |         let hir_debug: String = format!("{:?}{:?}", &hir_module.init, &hir_module.functions);
    |                                                     ^^^^^^^^^^^^^^^^ help: remove the redundant `&`: `hir_module.init`
    |
    = help: for further information visit https://rust-lang.github.io/rust-clippy/master/index.html#useless_borrows_in_formatting

warning: redundant reference in `format!` argument
   --> crates/perry/src/commands/compile/collect_modules/feature_detect.rs:390:71
    |
390 |         let hir_debug: String = format!("{:?}{:?}", &hir_module.init, &hir_module.functions);
    |                                                                       ^^^^^^^^^^^^^^^^^^^^^ help: remove the redundant `&`: `hir_module.functions`
    |
    = help: for further information visit https://rust-lang.github.io/rust-clippy/master/index.html#useless_borrows_in_formatting

warning: redundant reference in `format!` argument
   --> crates/perry/src/commands/compile/collect_modules/feature_detect.rs:432:47
    |
432 |         let class_hir_debug = format!("{:?}", &hir_module.classes);
    |                                               ^^^^^^^^^^^^^^^^^^^ help: remove the redundant `&`: `hir_module.classes`
    |
    = help: for further information visit https://rust-lang.github.io/rust-clippy/master/index.html#useless_borrows_in_formatting

warning: redundant reference in `format!` argument
   --> crates/perry/src/commands/compile/collect_modules/feature_detect.rs:527:13
    |
527 |             &hir_module.init, &hir_module.functions, &hir_module.classes
    |             ^^^^^^^^^^^^^^^^ help: remove the redundant `&`: `hir_module.init`
    |
    = help: for further information visit https://rust-lang.github.io/rust-clippy/master/index.html#useless_borrows_in_formatting

warning: redundant reference in `format!` argument
   --> crates/perry/src/commands/compile/collect_modules/feature_detect.rs:527:31
    |
527 |             &hir_module.init, &hir_module.functions, &hir_module.classes
    |                               ^^^^^^^^^^^^^^^^^^^^^ help: remove the redundant `&`: `hir_module.functions`
    |
    = help: for further information visit https://rust-lang.github.io/rust-clippy/master/index.html#useless_borrows_in_formatting

warning: redundant reference in `format!` argument
   --> crates/perry/src/commands/compile/collect_modules/feature_detect.rs:527:54
    |
527 |             &hir_module.init, &hir_module.functions, &hir_module.classes
    |                                                      ^^^^^^^^^^^^^^^^^^^ help: remove the redundant `&`: `hir_module.classes`
    |
    = help: for further information visit https://rust-lang.github.io/rust-clippy/master/index.html#useless_borrows_in_formatting

warning: redundant reference in `format!` argument
   --> crates/perry/src/commands/compile/collect_modules/feature_detect.rs:570:53
    |
570 |         let hir_debug: String = format!("{:?}{:?}", &hir_module.init, &hir_module.functions);
    |                                                     ^^^^^^^^^^^^^^^^ help: remove the redundant `&`: `hir_module.init`
    |
    = help: for further information visit https://rust-lang.github.io/rust-clippy/master/index.html#useless_borrows_in_formatting

warning: redundant reference in `format!` argument
   --> crates/perry/src/commands/compile/collect_modules/feature_detect.rs:570:71
    |
570 |         let hir_debug: String = format!("{:?}{:?}", &hir_module.init, &hir_module.functions);
    |                                                                       ^^^^^^^^^^^^^^^^^^^^^ help: remove the redundant `&`: `hir_module.functions`
    |
    = help: for further information visit https://rust-lang.github.io/rust-clippy/master/index.html#useless_borrows_in_formatting

warning: `Vec<T>` is already on the heap, the boxing is unnecessary
   --> crates/perry/src/commands/compile/collect_modules/import_meta_require.rs:115:42
    |
115 |     const_initializers: HashMap<ast::Id, Vec<Box<ast::Expr>>>,
    |                                          ^^^^^^^^^^^^^^^^^^^ help: try: `Vec<ast::Expr>`
    |
    = help: for further information visit https://rust-lang.github.io/rust-clippy/master/index.html#vec_box
    = note: `#[warn(clippy::vec_box)]` on by default

warning: usage of `bool::then` in `filter_map`
   --> crates/perry/src/commands/compile/collect_modules/import_meta_require.rs:163:10
    |
163 |           .filter_map(|(name, initializers)| {
    |  __________^
164 | |             (scan.counts.get(name) == Some(&1)
165 | |                 && initializers.len() == 1
166 | |                 && !scan.modified.contains(name))
167 | |             .then(|| (name.clone(), initializers[0].as_ref()))
168 | |         })
    | |__________^
    |
    = help: for further information visit https://rust-lang.github.io/rust-clippy/master/index.html#filter_map_bool_then
    = note: `#[warn(clippy::filter_map_bool_then)]` on by default
help: use `filter` then `map` instead
    |
163 ~         .filter(|&(name, initializers)| (scan.counts.get(name) == Some(&1)
164 +                 && initializers.len() == 1
165 +                 && !scan.modified.contains(name))).map(|(name, initializers)| (name.clone(), initializers[0].as_ref()))
    |

warning: this function has too many arguments (9/7)
  --> crates/perry/src/commands/compile/collect_modules/walk.rs:6:1
   |
 6 | / pub(crate) fn collect_modules(
 7 | |     entry_path: &PathBuf,
 8 | |     ctx: &mut CompilationContext,
 9 | |     visited: &mut HashSet<PathBuf>,
...  |
15 | |     mut parse_cache: Option<&mut ParseCache>,
16 | | ) -> Result<()> {
   | |_______________^
   |
   = help: for further information visit https://rust-lang.github.io/rust-clippy/master/index.html#too_many_arguments

warning: writing `&PathBuf` instead of `&Path` involves a new object where a slice will do
  --> crates/perry/src/commands/compile/collect_modules/walk.rs:7:17
   |
 7 |     entry_path: &PathBuf,
   |                 ^^^^^^^^
   |
   = help: for further information visit https://rust-lang.github.io/rust-clippy/master/index.html#ptr_arg
   = note: `#[warn(clippy::ptr_arg)]` on by default
help: change this to
   |
 7 ~     entry_path: &Path,
 8 |     ctx: &mut CompilationContext,
...
17 |     let mut states: HashMap<PathBuf, VisitState> = HashMap::new();
18 ~     let mut stack = vec![WorkFrame::Enter(entry_path.to_path_buf())];
   |

warning: large size difference between variants
  --> crates/perry/src/commands/compile/collect_modules.rs:91:1
   |
91 | / enum WorkFrame {
92 | |     Enter(PathBuf),
   | |     -------------- the second-largest variant contains at least 24 bytes
93 | |     Finish(PreparedModule),
   | |     ---------------------- the largest variant contains at least 920 bytes
94 | | }
   | |_^ the entire enum is at least 920 bytes
   |
   = help: for further information visit https://rust-lang.github.io/rust-clippy/master/index.html#large_enum_variant
   = note: `#[warn(clippy::large_enum_variant)]` on by default
help: consider boxing the large fields or introducing indirection in some other way to reduce the total size of the enum
   |
93 -     Finish(PreparedModule),
93 +     Finish(Box<PreparedModule>),
   |

warning: called `unwrap` on `ctx.type_checker` after checking its variant with `is_some`
   --> crates/perry/src/commands/compile/collect_modules.rs:545:26
    |
542 |     let resolved_types = if ctx.type_checker.is_some() {
    |                          ----------------------------- help: try: `if let Some(<item>) = &mut ctx.type_checker`
...
545 |             let client = ctx.type_checker.as_mut().unwrap();
    |                          ^^^^^^^^^^^^^^^^^^^^^^^^^^^^^^^^^^
    |
    = help: for further information visit https://rust-lang.github.io/rust-clippy/master/index.html#unnecessary_unwrap
    = note: `#[warn(clippy::unnecessary_unwrap)]` on by default

warning: writing `&PathBuf` instead of `&Path` involves a new object where a slice will do
   --> crates/perry/src/commands/compile/collect_modules.rs:109:17
    |
109 |     entry_path: &PathBuf,
    |                 ^^^^^^^^
    |
    = help: for further information visit https://rust-lang.github.io/rust-clippy/master/index.html#ptr_arg
help: change this to
    |
109 -     entry_path: &PathBuf,
109 +     entry_path: &Path,
    |

warning: the loop variable `idx` is used to index `assets`
   --> crates/perry/src/commands/compile/embed.rs:460:16
    |
460 |     for idx in 0..assets.len() {
    |                ^^^^^^^^^^^^^^^
    |
    = help: for further information visit https://rust-lang.github.io/rust-clippy/master/index.html#needless_range_loop
    = note: `#[warn(clippy::needless_range_loop)]` on by default
help: consider using an iterator and enumerate()
    |
460 -     for idx in 0..assets.len() {
460 +     for (idx, <item>) in assets.iter().enumerate() {
    |

warning: very complex type used. Consider factoring parts into `type` definitions
   --> crates/perry/src/commands/compile/host_config.rs:127:6
    |
127 |   ) -> Result<(
    |  ______^
128 | |     Option<perry_transform::i18n::I18nConfig>,
129 | |     BTreeMap<String, BTreeMap<String, String>>,
130 | | )> {
    | |__^
    |
    = help: for further information visit https://rust-lang.github.io/rust-clippy/master/index.html#type_complexity
    = note: `#[warn(clippy::type_complexity)]` on by default

warning: manual implementation of `Iterator::find`
   --> crates/perry/src/commands/compile/library_search.rs:536:5
    |
536 | /     for candidate in [explicit, default].into_iter().flatten() {
...   |
547 | |     None
    | |________^
    |
    = note: you may need to dereference some variables
    = help: for further information visit https://rust-lang.github.io/rust-clippy/master/index.html#manual_find
    = note: `#[warn(clippy::manual_find)]` on by default
help: replace with an iterator
    |
536 ~     [explicit, default].into_iter().flatten().find(|candidate| ["x86_64", "x64", "aarch64", "arm64"]
537 +             .iter()
538 +             .any(|arch| candidate.join("crt").join("lib").join(arch).exists()))
    |

warning: called `unwrap` on `target` after checking its variant with `is_some`
    --> crates/perry/src/commands/compile/library_search.rs:1219:43
     |
1218 |         let extra = if target.is_some() {
     |                     ------------------- help: try: `if let Some(<item>) = target`
1219 |             format!(" (for target {:?})", target.unwrap())
     |                                           ^^^^^^^^^^^^^^^
     |
     = help: for further information visit https://rust-lang.github.io/rust-clippy/master/index.html#unnecessary_unwrap

warning: this function has too many arguments (16/7)
  --> crates/perry/src/commands/compile/link/build_and_run.rs:17:1
   |
17 | / pub(crate) fn build_and_run_link(
18 | |     args_input: &Path,
19 | |     ctx: &CompilationContext,
20 | |     target: Option<&str>,
...  |
56 | |     verbose: u8,
57 | | ) -> Result<LinkCacheStatus> {
   | |____________________________^
   |
   = help: for further information visit https://rust-lang.github.io/rust-clippy/master/index.html#too_many_arguments

warning: this function has too many arguments (18/7)
   --> crates/perry/src/commands/compile/link/platform_cmd.rs:118:1
    |
118 | / pub fn select_linker_command(
119 | |     args_input: &Path,
120 | |     ctx: &CompilationContext,
121 | |     target: Option<&str>,
...   |
136 | |     is_cross_tvos: bool,
137 | | ) -> Result<Command> {
    | |____________________^
    |
    = help: for further information visit https://rust-lang.github.io/rust-clippy/master/index.html#too_many_arguments

warning: `format!` in `format!` args
   --> crates/perry/src/commands/compile/optimized_libs/freshness.rs:133:5
    |
133 | /     format!(
134 | |         "{}|{}|{}|wasm={}|napi={}|regex={}|temporal={}|ee={}|url={}|norm={}|seg={}|loc={}|intlns={}|gns={}{}{}{}{}{}{}{}{}{}|diag...
135 | |         feature_arg,
136 | |         panic_abort_safe,
...   |
187 | |         env!("CARGO_PKG_VERSION"),
188 | |     )
    | |_____^
    |
    = help: combine the `format!(..)` arguments with the outer `format!(..)` call
    = help: or consider changing `format!` to `format_args!`
    = help: for further information visit https://rust-lang.github.io/rust-clippy/master/index.html#format_in_format_args
    = note: `#[warn(clippy::format_in_format_args)]` on by default

warning: doc list item without indentation
  --> crates/perry/src/commands/compile/sandbox_buildrs.rs:13:5
   |
13 | //! libs, running `bindgen`, generating code from local fixtures)
   |     ^
   |
   = help: if this is supposed to be its own paragraph, add a blank line
   = help: for further information visit https://rust-lang.github.io/rust-clippy/master/index.html#doc_lazy_continuation
   = note: `#[warn(clippy::doc_lazy_continuation)]` on by default
help: indent this line
   |
13 | //!   libs, running `bindgen`, generating code from local fixtures)
   |     ++

warning: doc list item without indentation
  --> crates/perry/src/commands/compile/sandbox_buildrs.rs:14:5
   |
14 | //! work in a sandbox.
   |     ^
   |
   = help: if this is supposed to be its own paragraph, add a blank line
   = help: for further information visit https://rust-lang.github.io/rust-clippy/master/index.html#doc_lazy_continuation
help: indent this line
   |
14 | //!   work in a sandbox.
   |     ++

warning: doc list item without indentation
    --> crates/perry/src/commands/compile/strip_dedup.rs:1261:5
     |
1261 | /// Anything the user object needs beyond stdlib's copy is provided by the
     |     ^
     |
     = help: if this is supposed to be its own paragraph, add a blank line
     = help: for further information visit https://rust-lang.github.io/rust-clippy/master/index.html#doc_lazy_continuation
help: indent this line
     |
1261 | ///     Anything the user object needs beyond stdlib's copy is provided by the
     |     ++++

warning: doc list item without indentation
    --> crates/perry/src/commands/compile/strip_dedup.rs:1262:5
     |
1262 | /// standalone `libperry_runtime.a` gap-filler linked after stdlib (the
     |     ^
     |
     = help: if this is supposed to be its own paragraph, add a blank line
     = help: for further information visit https://rust-lang.github.io/rust-clippy/master/index.html#doc_lazy_continuation
help: indent this line
     |
1262 | ///     standalone `libperry_runtime.a` gap-filler linked after stdlib (the
     |     ++++

warning: doc list item without indentation
    --> crates/perry/src/commands/compile/strip_dedup.rs:1263:5
     |
1263 | /// long-standing DCE-fallback contract in `build_and_run_link`).
     |     ^
     |
     = help: if this is supposed to be its own paragraph, add a blank line
     = help: for further information visit https://rust-lang.github.io/rust-clippy/master/index.html#doc_lazy_continuation
help: indent this line
     |
1263 | ///     long-standing DCE-fallback contract in `build_and_run_link`).
     |     ++++

warning: writing `&PathBuf` instead of `&Path` involves a new object where a slice will do
    --> crates/perry/src/commands/compile/strip_dedup.rs:1849:69
     |
1849 | pub(super) fn dedup_stdlib_for_tier3(_target: Option<&str>, stdlib: &PathBuf) -> PathBuf {
     |                                                                     ^^^^^^^^
     |
     = help: for further information visit https://rust-lang.github.io/rust-clippy/master/index.html#ptr_arg
help: change this to
     |
1849 ~ pub(super) fn dedup_stdlib_for_tier3(_target: Option<&str>, stdlib: &Path) -> PathBuf {
1850 |     // perry-stdlib is kept WHOLE on tier-3 and is the authoritative provider of
 ...
1859 |     // runtime copy is stripped, producing undefined-symbol errors.)
1860 ~     stdlib.to_path_buf()
     |

warning: this function has too many arguments (8/7)
   --> crates/perry/src/commands/compile/targets.rs:466:1
    |
466 | / fn build_widget_appex(
467 | |     output_dir: &Path,
468 | |     swift_files: &[(String, String)],
469 | |     info_plist: &str,
...   |
474 | |     format: OutputFormat,
475 | | ) -> Result<PathBuf> {
    | |____________________^
    |
    = help: for further information visit https://rust-lang.github.io/rust-clippy/master/index.html#too_many_arguments

warning: this block may be rewritten with the `?` operator
   --> crates/perry/src/commands/compile/widget_build.rs:104:9
    |
104 | /         if let Some(parent) = dir.parent() {
105 | |             dir = parent.to_path_buf();
106 | |         } else {
107 | |             return None;
108 | |         }
    | |_________^
    |
    = help: for further information visit https://rust-lang.github.io/rust-clippy/master/index.html#question_mark
    = note: `#[warn(clippy::question_mark)]` on by default
help: replace it with
    |
104 ~         {
105 +             let parent = dir.parent()?;
106 +             dir = parent.to_path_buf();
107 +         }
    |

warning: doc list item overindented
   --> crates/perry/src/commands/compile/types.rs:508:9
    |
508 |     ///              but honors `--focus`)
    |         ^^^^^^^^^^^^^ help: try using `    ` (4 spaces)
    |
    = help: for further information visit https://rust-lang.github.io/rust-clippy/master/index.html#doc_overindented_list_items
    = note: `#[warn(clippy::doc_overindented_list_items)]` on by default

warning: doc list item overindented
   --> crates/perry/src/commands/compile/types.rs:510:9
    |
510 |     ///              `PERRY_SAVE_LL` / `PERRY_LLVM_KEEP_IR` knobs so you
    |         ^^^^^^^^^^^^^ help: try using `    ` (4 spaces)
    |
    = help: for further information visit https://rust-lang.github.io/rust-clippy/master/index.html#doc_overindented_list_items

warning: doc list item overindented
   --> crates/perry/src/commands/compile/types.rs:511:9
    |
511 |     ///              don't have to remember the env vars). Written to
    |         ^^^^^^^^^^^^^ help: try using `    ` (4 spaces)
    |
    = help: for further information visit https://rust-lang.github.io/rust-clippy/master/index.html#doc_overindented_list_items

warning: doc list item overindented
   --> crates/perry/src/commands/compile/types.rs:512:9
    |
512 |     ///              `.perry-trace/llvm/`.
    |         ^^^^^^^^^^^^^ help: try using `    ` (4 spaces)
    |
    = help: for further information visit https://rust-lang.github.io/rust-clippy/master/index.html#doc_overindented_list_items

warning: clamp-like pattern without using clamp function
  --> crates/perry/src/commands/compile/run_pipeline.rs:44:25
   |
44 |     let worker_budget = logical_cpus.max(1).min(4);
   |                         ^^^^^^^^^^^^^^^^^^^^^^^^^^ help: replace with clamp: `logical_cpus.clamp(1, 4)`
   |
   = note: clamp will panic if max < min
   = help: for further information visit https://rust-lang.github.io/rust-clippy/master/index.html#manual_clamp
   = note: `#[warn(clippy::manual_clamp)]` on by default

warning: clamp-like pattern without using clamp function
  --> crates/perry/src/commands/compile/run_pipeline.rs:45:5
   |
45 | /     (worker_budget / llvm_unit_jobs.max(1))
46 | |         .max(1)
47 | |         .min(3)
   | |_______________^ help: replace with clamp: `(worker_budget / llvm_unit_jobs.max(1)).clamp(1, 3)`
   |
   = note: clamp will panic if max < min
   = help: for further information visit https://rust-lang.github.io/rust-clippy/master/index.html#manual_clamp

warning: manual implementation of `.is_multiple_of()`
   --> crates/perry/src/commands/compile/run_pipeline.rs:225:34
    |
225 |         if done != self.total && done % report_step != 0 {
    |                                  ^^^^^^^^^^^^^^^^^^^^^^^ help: replace with: `!done.is_multiple_of(report_step)`
    |
    = help: for further information visit https://rust-lang.github.io/rust-clippy/master/index.html#manual_is_multiple_of
    = note: `#[warn(clippy::manual_is_multiple_of)]` on by default

warning: called `unwrap` on `optimized_libs.runtime_bc` after checking its variant with `is_some`
    --> crates/perry/src/commands/compile/run_pipeline.rs:6377:30
     |
6357 |     let _bitcode_linked = if bitcode_link && optimized_libs.runtime_bc.is_some() {
     |                                              ----------------------------------- the check is happening here
...
6377 |             let runtime_bc = optimized_libs.runtime_bc.as_ref().unwrap();
     |                              ^^^^^^^^^^^^^^^^^^^^^^^^^^^^^^^^^^^^^^^^^^^
     |
     = help: try using `match`
     = help: for further information visit https://rust-lang.github.io/rust-clippy/master/index.html#unnecessary_unwrap

warning: very complex type used. Consider factoring parts into `type` definitions
    --> crates/perry/src/commands/compile/run_pipeline.rs:1143:35
     |
1143 |         let mut new_enum_entries: Vec<((String, String), Vec<(String, perry_hir::EnumValue)>)> =
     |                                   ^^^^^^^^^^^^^^^^^^^^^^^^^^^^^^^^^^^^^^^^^^^^^^^^^^^^^^^^^^^^
     |
     = help: for further information visit https://rust-lang.github.io/rust-clippy/master/index.html#type_complexity

warning: this `map_or` can be simplified
    --> crates/perry/src/commands/compile/run_pipeline.rs:3391:39
     |
3391 |                     deps.retain(|dep| init_pos.get(dep).map_or(true, |&p| p < self_pos));
     |                                       ^^^^^^^^^^^^^^^^^^^^^^^^^^^^^^^^^^^^^^^^^^^^^^^^^
     |
     = help: for further information visit https://rust-lang.github.io/rust-clippy/master/index.html#unnecessary_map_or
     = note: `#[warn(clippy::unnecessary_map_or)]` on by default
help: use `is_none_or` instead
     |
3391 -                     deps.retain(|dep| init_pos.get(dep).map_or(true, |&p| p < self_pos));
3391 +                     deps.retain(|dep| init_pos.get(dep).is_none_or(|&p| p < self_pos));
     |

warning: redundant closure
    --> crates/perry/src/commands/compile/run_pipeline.rs:3999:54
     |
3999 |                         if source_module.is_some_and(|module| is_wrapped_cjs(module)) {
     |                                                      ^^^^^^^^^^^^^^^^^^^^^^^^^^^^^^^ help: replace the closure with the function itself: `&is_wrapped_cjs`
     |
     = help: for further information visit https://rust-lang.github.io/rust-clippy/master/index.html#redundant_closure

warning: this `if` has identical blocks
    --> crates/perry/src/commands/compile/run_pipeline.rs:6288:96
     |
6288 |   ...                   if cn.starts_with("__export_") || cn.starts_with("__wrapper_") {
     |  ______________________________________________________________________________________^
6289 | | ...                       local_undef.insert(cn.to_string());
6290 | | ...                   } else if !will_link_stdlib
     | |_______________________^
     |
note: same as this
    --> crates/perry/src/commands/compile/run_pipeline.rs:6300:33
     |
6300 | / ...                   {
6301 | | ...                       local_undef.insert(cn.to_string());
6302 | | ...                   } else if is_windows
     | |_______________________^
     = help: for further information visit https://rust-lang.github.io/rust-clippy/master/index.html#if_same_then_else

warning: this `if` has identical blocks
    --> crates/perry/src/commands/compile/run_pipeline.rs:6300:33
     |
6300 | / ...                   {
6301 | | ...                       local_undef.insert(cn.to_string());
6302 | | ...                   } else if is_windows
     | |_______________________^
     |
note: same as this
    --> crates/perry/src/commands/compile/run_pipeline.rs:6307:33
     |
6307 | / ...                   {
6308 | | ...                       local_undef.insert(cn.to_string());
6309 | | ...                   }
     | |_______________________^
     = help: for further information visit https://rust-lang.github.io/rust-clippy/master/index.html#if_same_then_else

warning: this loop could be written as a `while let` loop
   --> crates/perry/src/commands/dev.rs:151:5
    |
151 | /     loop {
152 | |         // Block until something happens.
153 | |         let first = match rx.recv() {
154 | |             Ok(ev) => ev,
...   |
215 | |     }
    | |_____^
    |
    = help: for further information visit https://rust-lang.github.io/rust-clippy/master/index.html#while_let_loop
    = note: `#[warn(clippy::while_let_loop)]` on by default
help: try
    |
151 ~     while let Ok(ev) = rx.recv() {
152 +         let first = ev;
153 +         ..
154 +     }
    |

warning: consider using `sort_by_key`
   --> crates/perry/src/commands/fix_applier.rs:159:5
    |
159 |     sorted_edits.sort_by(|a, b| b.start.cmp(&a.start));
    |     ^^^^^^^^^^^^^^^^^^^^^^^^^^^^^^^^^^^^^^^^^^^^^^^^^^
    |
    = help: for further information visit https://rust-lang.github.io/rust-clippy/master/index.html#unnecessary_sort_by
    = note: `#[warn(clippy::unnecessary_sort_by)]` on by default
help: try
    |
159 -     sorted_edits.sort_by(|a, b| b.start.cmp(&a.start));
159 +     sorted_edits.sort_by_key(|a| std::cmp::Reverse(a.start));
    |

warning: this function has too many arguments (10/7)
   --> crates/perry/src/commands/harmonyos_hap.rs:657:1
    |
657 | / fn sign_hap(
658 | |     unsigned: &Path,
659 | |     output_dir: &Path,
660 | |     stem: &str,
...   |
667 | |     cli_key_alias: Option<&str>,
668 | | ) -> Result<PathBuf> {
    | |____________________^
    |
    = help: for further information visit https://rust-lang.github.io/rust-clippy/master/index.html#too_many_arguments

warning: manual implementation of `Iterator::find`
   --> crates/perry/src/commands/install/firewall.rs:171:5
    |
171 | /     for candidate in path_candidates("sfw", env::var_os("PATH").as_deref(), pathext.as_deref()) {
172 | |         if candidate.is_file() && probe(&candidate) {
173 | |             return Some(candidate);
...   |
176 | |     None
    | |________^ help: replace with an iterator: `path_candidates("sfw", env::var_os("PATH").as_deref(), pathext.as_deref()).into_iter().find(|candidate| candidate.is_file() && probe(&candidate))`
    |
    = note: you may need to dereference some variables
    = help: for further information visit https://rust-lang.github.io/rust-clippy/master/index.html#manual_find

warning: this function has too many arguments (14/7)
   --> crates/perry/src/commands/publish/credentials.rs:253:1
    |
253 | / pub(super) fn validate_credentials_for_distribute(
254 | |     is_android: bool,
255 | |     android_distribute: Option<&str>,
256 | |     google_play_json: Option<&str>,
...   |
267 | |     watchos_distribute: Option<&str>,
268 | | ) -> Result<()> {
    | |_______________^
    |
    = help: for further information visit https://rust-lang.github.io/rust-clippy/master/index.html#too_many_arguments

warning: this function has too many arguments (9/7)
  --> crates/perry/src/commands/publish/resolve.rs:68:1
   |
68 | / pub(super) fn resolve_bundle_id(
69 | |     config: &PerryToml,
70 | |     app_name: &str,
71 | |     app_bundle_id: &Option<String>,
...  |
77 | |     is_android: bool,
78 | | ) -> String {
   | |___________^
   |
   = help: for further information visit https://rust-lang.github.io/rust-clippy/master/index.html#too_many_arguments

warning: this `if` has identical blocks
    --> crates/perry/src/commands/publish/mod.rs:1121:9
     |
1121 | /         {
1122 | |             println!("  Distribute: App Store Connect (TestFlight)");
1123 | |         } else if (is_tvos || is_watchos)
     | |_________^
     |
note: same as this
    --> crates/perry/src/commands/publish/mod.rs:1132:9
     |
1132 | /         {
1133 | |             println!("  Distribute: App Store Connect (TestFlight)");
1134 | |         } else if is_macos {
     | |_________^
     = help: for further information visit https://rust-lang.github.io/rust-clippy/master/index.html#if_same_then_else

warning: stripping a prefix manually
    --> crates/perry/src/commands/publish/mod.rs:1359:63
     |
1359 |                     dirs::home_dir().unwrap_or_default().join(&path_str[2..])
     |                                                               ^^^^^^^^^^^^^^
     |
note: the prefix was tested here
    --> crates/perry/src/commands/publish/mod.rs:1358:28
     |
1358 |                 let path = if path_str.starts_with("~/") {
     |                            ^^^^^^^^^^^^^^^^^^^^^^^^^^^^^^
     = help: for further information visit https://rust-lang.github.io/rust-clippy/master/index.html#manual_strip
     = note: `#[warn(clippy::manual_strip)]` on by default
help: try using the `strip_prefix` method
     |
1358 ~                 let path = if let Some(<stripped>) = path_str.strip_prefix("~/") {
1359 ~                     dirs::home_dir().unwrap_or_default().join(<stripped>)
     |

warning: stripping a prefix manually
    --> crates/perry/src/commands/publish/mod.rs:1376:63
     |
1376 |                     dirs::home_dir().unwrap_or_default().join(&path_str[2..])
     |                                                               ^^^^^^^^^^^^^^
     |
note: the prefix was tested here
    --> crates/perry/src/commands/publish/mod.rs:1375:28
     |
1375 |                 let path = if path_str.starts_with("~/") {
     |                            ^^^^^^^^^^^^^^^^^^^^^^^^^^^^^^
     = help: for further information visit https://rust-lang.github.io/rust-clippy/master/index.html#manual_strip
help: try using the `strip_prefix` method
     |
1375 ~                 let path = if let Some(<stripped>) = path_str.strip_prefix("~/") {
1376 ~                     dirs::home_dir().unwrap_or_default().join(<stripped>)
     |

warning: stripping a prefix manually
    --> crates/perry/src/commands/publish/mod.rs:1561:17
     |
1561 |                 &server_url["https://".len()..],
     |                 ^^^^^^^^^^^^^^^^^^^^^^^^^^^^^^^
     |
note: the prefix was tested here
    --> crates/perry/src/commands/publish/mod.rs:1558:16
     |
1558 |         } else if server_url.starts_with("https://") {
     |                ^^^^^^^^^^^^^^^^^^^^^^^^^^^^^^^^^^^^^^
     = help: for further information visit https://rust-lang.github.io/rust-clippy/master/index.html#manual_strip
help: try using the `strip_prefix` method
     |
1558 ~         } else if let Some(<stripped>) = server_url.strip_prefix("https://") {
1559 |             format!(
1560 |                 "wss://{}{}",
1561 ~                 <stripped>,
     |

warning: doc list item without indentation
   --> crates/perry/src/commands/run/android.rs:327:5
    |
327 | /// minSdk is also raised to 30 (Wear OS 3), the floor Google Play requires for
    |     ^
    |
    = help: if this is supposed to be its own paragraph, add a blank line
    = help: for further information visit https://rust-lang.github.io/rust-clippy/master/index.html#doc_lazy_continuation
help: indent this line
    |
327 | ///      minSdk is also raised to 30 (Wear OS 3), the floor Google Play requires for
    |     +++++

warning: doc list item without indentation
   --> crates/perry/src/commands/run/android.rs:328:5
    |
328 | /// watch APKs.
    |     ^
    |
    = help: if this is supposed to be its own paragraph, add a blank line
    = help: for further information visit https://rust-lang.github.io/rust-clippy/master/index.html#doc_lazy_continuation
help: indent this line
    |
328 | ///      watch APKs.
    |     +++++

warning: consider using `sort_by_key`
   --> crates/perry/src/commands/run/android.rs:974:5
    |
974 |     versions.sort_by(|a, b| b.file_name().cmp(&a.file_name()));
    |     ^^^^^^^^^^^^^^^^^^^^^^^^^^^^^^^^^^^^^^^^^^^^^^^^^^^^^^^^^^
    |
    = help: for further information visit https://rust-lang.github.io/rust-clippy/master/index.html#unnecessary_sort_by
help: try
    |
974 -     versions.sort_by(|a, b| b.file_name().cmp(&a.file_name()));
974 +     versions.sort_by_key(|a| std::cmp::Reverse(a.file_name()));
    |

warning: stripping a prefix manually
   --> crates/perry/src/commands/run/remote.rs:208:17
    |
208 |                 &server_url["https://".len()..],
    |                 ^^^^^^^^^^^^^^^^^^^^^^^^^^^^^^^
    |
note: the prefix was tested here
   --> crates/perry/src/commands/run/remote.rs:205:16
    |
205 |         } else if server_url.starts_with("https://") {
    |                ^^^^^^^^^^^^^^^^^^^^^^^^^^^^^^^^^^^^^^
    = help: for further information visit https://rust-lang.github.io/rust-clippy/master/index.html#manual_strip
help: try using the `strip_prefix` method
    |
205 ~         } else if let Some(<stripped>) = server_url.strip_prefix("https://") {
206 |             format!(
207 |                 "wss://{}{}",
208 ~                 <stripped>,
    |

warning: redundant reference in `format!` argument
   --> crates/perry/src/commands/setup/ios.rs:596:13
    |
596 |             &team_id
    |             ^^^^^^^^ help: remove the redundant `&`: `team_id`
    |
    = help: for further information visit https://rust-lang.github.io/rust-clippy/master/index.html#useless_borrows_in_formatting

warning: this function has too many arguments (10/7)
   --> crates/perry/src/commands/setup/macos.rs:451:1
    |
451 | / pub fn create_apple_certificate(
452 | |     client: &reqwest::blocking::Client,
453 | |     key_id: &str,
454 | |     issuer_id: &str,
...   |
461 | |     display_name: &str,
462 | | ) -> Result<(String, String)> {
    | |_____________________________^
    |
    = help: for further information visit https://rust-lang.github.io/rust-clippy/master/index.html#too_many_arguments

warning: struct update has no effect, all the fields in the struct have already been specified
  --> crates/perry/src/commands/setup/tvos.rs:70:11
   |
70 |         ..existing_apple
   |           ^^^^^^^^^^^^^^
   |
   = help: for further information visit https://rust-lang.github.io/rust-clippy/master/index.html#needless_update
   = note: `#[warn(clippy::needless_update)]` on by default

warning: struct update has no effect, all the fields in the struct have already been specified
  --> crates/perry/src/commands/setup/visionos.rs:68:11
   |
68 |         ..existing_apple
   |           ^^^^^^^^^^^^^^
   |
   = help: for further information visit https://rust-lang.github.io/rust-clippy/master/index.html#needless_update

warning: struct update has no effect, all the fields in the struct have already been specified
  --> crates/perry/src/commands/setup/watchos.rs:70:11
   |
70 |         ..existing_apple
   |           ^^^^^^^^^^^^^^
   |
   = help: for further information visit https://rust-lang.github.io/rust-clippy/master/index.html#needless_update

warning: this match could be written as a `let` statement
  --> crates/perry/src/commands/update.rs:44:9
   |
44 | /         match update_checker::spawn_background_check() {
45 | |             (handle, rx) => {
46 | |                 let _ = handle.join();
47 | |                 rx.recv()
...  |
50 | |         }
   | |_________^
   |
   = help: for further information visit https://rust-lang.github.io/rust-clippy/master/index.html#match_single_binding
   = note: `#[warn(clippy::match_single_binding)]` on by default
help: consider using a `let` statement
   |
44 ~         let (handle, rx) = update_checker::spawn_background_check();
45 +         {
46 +             let _ = handle.join();
47 +             rx.recv()
48 +                 .unwrap_or(update_checker::UpdateStatus::CheckFailed)
49 +         }
   |

warning: this function has too many arguments (8/7)
  --> crates/perry/src/commands/verify.rs:87:1
   |
87 | / pub async fn run_verify_check(
88 | |     binary_path: &PathBuf,
89 | |     verify_url: &str,
90 | |     target: &str,
...  |
95 | |     format: OutputFormat,
96 | | ) -> Result<VerifyStatusResponse> {
   | |_________________________________^
   |
   = help: for further information visit https://rust-lang.github.io/rust-clippy/master/index.html#too_many_arguments

warning: writing `&PathBuf` instead of `&Path` involves a new object where a slice will do
   --> crates/perry/src/commands/verify.rs:274:36
    |
274 | fn run_local_attest_verify(binary: &PathBuf, format: OutputFormat) -> Result<()> {
    |                                    ^^^^^^^^
    |
    = help: for further information visit https://rust-lang.github.io/rust-clippy/master/index.html#ptr_arg
help: change this to
    |
274 ~ fn run_local_attest_verify(binary: &Path, format: OutputFormat) -> Result<()> {
275 ~     let canonical = binary.canonicalize().unwrap_or_else(|_| binary.to_path_buf());
    |

warning: using `contains()` instead of `iter().any()` is more efficient
   --> crates/perry/src/install_channel.rs:107:28
    |
107 |     let has = |name: &str| components.iter().any(|c| *c == name);
    |                            ^^^^^^^^^^^^^^^^^^^^^^^^^^^^^^^^^^^^^ help: try: `components.contains(&name)`
    |
    = help: for further information visit https://rust-lang.github.io/rust-clippy/master/index.html#manual_contains
    = note: `#[warn(clippy::manual_contains)]` on by default

warning: the loop variable `i` is used to index `bytes`
   --> crates/perry/src/telemetry.rs:141:18
    |
141 |         for i in 0..16 {
    |                  ^^^^^
    |
    = help: for further information visit https://rust-lang.github.io/rust-clippy/master/index.html#needless_range_loop
help: consider using an iterator and enumerate()
    |
141 -         for i in 0..16 {
141 +         for (i, <item>) in bytes.iter_mut().enumerate() {
    |

warning: the borrowed expression implements the required traits
   --> crates/perry/src/update_policy.rs:599:24
    |
599 |                   .items(&[
    |  ________________________^
600 | |                     "Yes, update now",
601 | |                     "Not now",
602 | |                     "Skip this version and stop asking about it",
603 | |                 ])
    | |_________________^
    |
    = help: for further information visit https://rust-lang.github.io/rust-clippy/master/index.html#needless_borrows_for_generic_args
    = note: `#[warn(clippy::needless_borrows_for_generic_args)]` on by default
help: change this to
    |
599 ~                 .items([
600 +                     "Yes, update now",
601 +                     "Not now",
602 +                     "Skip this version and stop asking about it",
603 ~                 ])
    |

warning: doc list item without indentation
  --> crates/perry/src/main.rs:53:9
   |
53 |     /// No subcommand is required — `perry --print-api-manifest` and
   |         ^
   |
   = help: if this is supposed to be its own paragraph, add a blank line
   = help: for further information visit https://rust-lang.github.io/rust-clippy/master/index.html#doc_lazy_continuation
help: indent this line
   |
53 |     ///   No subcommand is required — `perry --print-api-manifest` and
   |         ++

warning: doc list item without indentation
  --> crates/perry/src/main.rs:54:9
   |
54 |     /// `perry --print-api-manifest=markdown` both work on their own.
   |         ^
   |
   = help: if this is supposed to be its own paragraph, add a blank line
   = help: for further information visit https://rust-lang.github.io/rust-clippy/master/index.html#doc_lazy_continuation
help: indent this line
   |
54 |     ///   `perry --print-api-manifest=markdown` both work on their own.
   |         ++

warning: `perry` (bin "perry") generated 102 warnings (run `cargo clippy --fix --bin "perry" -p perry -- ` to apply 42 suggestions)
    Finished `perry-dev` profile [optimized] target(s) in 29.99s
